INSERT OR IGNORE INTO wp_terms (term_id, name, slug, term_group) VALUES (2417, 'Accessories', 'accessories', 0);
INSERT OR IGNORE INTO wp_term_taxonomy (term_taxonomy_id, term_id, taxonomy, description, parent, count) VALUES (2417, 2417, 'product_cat', '', 126, 4);
INSERT OR IGNORE INTO wp_terms (term_id, name, slug, term_group) VALUES (10486, 'Acer Chromebooks', 'acer-chromebooks', 0);
INSERT OR IGNORE INTO wp_term_taxonomy (term_taxonomy_id, term_id, taxonomy, description, parent, count) VALUES (10486, 10486, 'product_cat', '', 10482, 0);
INSERT OR IGNORE INTO wp_terms (term_id, name, slug, term_group) VALUES (11583, 'Acne and Blemish Control', 'acne-and-blemish-control', 0);
INSERT OR IGNORE INTO wp_term_taxonomy (term_taxonomy_id, term_id, taxonomy, description, parent, count) VALUES (11583, 11583, 'product_cat', '', 55, 0);
INSERT OR IGNORE INTO wp_terms (term_id, name, slug, term_group) VALUES (2187, 'Agbada', 'agbada', 0);
INSERT OR IGNORE INTO wp_term_taxonomy (term_taxonomy_id, term_id, taxonomy, description, parent, count) VALUES (2187, 2187, 'product_cat', '', 80, 0);
INSERT OR IGNORE INTO wp_terms (term_id, name, slug, term_group) VALUES (210, 'Air Conditioners', 'air-conditioners', 0);
INSERT OR IGNORE INTO wp_term_taxonomy (term_taxonomy_id, term_id, taxonomy, description, parent, count) VALUES (210, 210, 'product_cat', '', 209, 145);
INSERT OR IGNORE INTO wp_termmeta (term_id, meta_key, meta_value) VALUES (210, 'thumbnail_id', '185199');
INSERT OR IGNORE INTO wp_terms (term_id, name, slug, term_group) VALUES (10757, 'Air coolers', 'air-coolers', 0);
INSERT OR IGNORE INTO wp_term_taxonomy (term_taxonomy_id, term_id, taxonomy, description, parent, count) VALUES (10757, 10757, 'product_cat', '<h2 style="text-align: center"><span style="font-size: 75%">Air Coolers in Ghana</span></h2>
<span style="font-size: 75%">When the weather becomes too hot in your home or office, you will need an air cooler, an alternative to an air conditioner to stay cool and comfortable. Air coolers are innovative devices designed to provide effective cooling. They are easy to install, have low energy consumption, and are cost-effective. Whether you need to cool a small bedroom or a spacious living area, Shopwice offers a variety of air coolers to meet your needs. They have sleek designs and advanced features to add a touch of modernity to any space. </span><span style="font-size: 75%">Say goodbye to sweaty days and sleepless nights – browse our range of air coolers and find the perfect solution for your home today.</span>', 209, 3);
INSERT OR IGNORE INTO wp_termmeta (term_id, meta_key, meta_value) VALUES (10757, 'thumbnail_id', '166748');
INSERT OR IGNORE INTO wp_terms (term_id, name, slug, term_group) VALUES (11438, 'Air Fryer', 'air-fryer', 0);
INSERT OR IGNORE INTO wp_term_taxonomy (term_taxonomy_id, term_id, taxonomy, description, parent, count) VALUES (11438, 11438, 'product_cat', '', 202, 8);
INSERT OR IGNORE INTO wp_terms (term_id, name, slug, term_group) VALUES (157, 'Air Purifiers', 'air-purifiers', 0);
INSERT OR IGNORE INTO wp_term_taxonomy (term_taxonomy_id, term_id, taxonomy, description, parent, count) VALUES (157, 157, 'product_cat', '', 209, 16);
INSERT OR IGNORE INTO wp_terms (term_id, name, slug, term_group) VALUES (149, 'Air Refreshners', 'air-refreshners', 0);
INSERT OR IGNORE INTO wp_term_taxonomy (term_taxonomy_id, term_id, taxonomy, description, parent, count) VALUES (149, 149, 'product_cat', '', 83, 0);
INSERT OR IGNORE INTO wp_terms (term_id, name, slug, term_group) VALUES (10661, 'Airpods', 'apple-airpods', 0);
INSERT OR IGNORE INTO wp_term_taxonomy (term_taxonomy_id, term_id, taxonomy, description, parent, count) VALUES (10661, 10661, 'product_cat', '<h2>Explore Best Oraimo Earbuds Collections Online</h2>
Explore our amazing collection of wireless earbuds from <a href="https://shopwice.com/brand/apple/">Apple.</a> We have made available different models, technologies, colors, and designs of Apple AirPods o<span style="font-size: 14.4px">n sale. They are the right earbuds to give you the best audio experience.</span>', 10488, 5);
INSERT OR IGNORE INTO wp_terms (term_id, name, slug, term_group) VALUES (11847, 'Akai Home Theatres', 'akai-home-theatres', 0);
INSERT OR IGNORE INTO wp_term_taxonomy (term_taxonomy_id, term_id, taxonomy, description, parent, count) VALUES (11847, 11847, 'product_cat', '', 176, 0);
INSERT OR IGNORE INTO wp_terms (term_id, name, slug, term_group) VALUES (95, 'Alcoholic Beverages', 'alcoholic-beverages', 0);
INSERT OR IGNORE INTO wp_term_taxonomy (term_taxonomy_id, term_id, taxonomy, description, parent, count) VALUES (95, 95, 'product_cat', '', 93, 0);
INSERT OR IGNORE INTO wp_terms (term_id, name, slug, term_group) VALUES (10795, 'Altec Bluetooth Speakers', 'altec-bluetooth-speakers', 0);
INSERT OR IGNORE INTO wp_term_taxonomy (term_taxonomy_id, term_id, taxonomy, description, parent, count) VALUES (10795, 10795, 'product_cat', '<h2 style="text-align: center">Altec Bluetooth Speakers in Ghana</h2>', 121, 0);
INSERT OR IGNORE INTO wp_terms (term_id, name, slug, term_group) VALUES (205, 'Android Phones', 'android-phones', 0);
INSERT OR IGNORE INTO wp_term_taxonomy (term_taxonomy_id, term_id, taxonomy, description, parent, count) VALUES (205, 205, 'product_cat', '', 10442, 27);
INSERT OR IGNORE INTO wp_terms (term_id, name, slug, term_group) VALUES (43322, 'Android Tablets', 'android-tablets', 0);
INSERT OR IGNORE INTO wp_term_taxonomy (term_taxonomy_id, term_id, taxonomy, description, parent, count) VALUES (43322, 43322, 'product_cat', '', 10452, 0);
INSERT OR IGNORE INTO wp_terms (term_id, name, slug, term_group) VALUES (11566, 'Android TVs', 'android-tvs', 0);
INSERT OR IGNORE INTO wp_term_taxonomy (term_taxonomy_id, term_id, taxonomy, description, parent, count) VALUES (11566, 11566, 'product_cat', '', 10754, 20);
INSERT OR IGNORE INTO wp_terms (term_id, name, slug, term_group) VALUES (10790, 'Anker Bluetooth Speakers', 'anker-bluetooth-speakers', 0);
INSERT OR IGNORE INTO wp_term_taxonomy (term_taxonomy_id, term_id, taxonomy, description, parent, count) VALUES (10790, 10790, 'product_cat', '<h2 style="text-align: center">Anker Bluetooth Speakers in Ghana</h2>', 121, 2);
INSERT OR IGNORE INTO wp_terms (term_id, name, slug, term_group) VALUES (11755, 'Anker Eabuds', 'anker-eabuds', 0);
INSERT OR IGNORE INTO wp_term_taxonomy (term_taxonomy_id, term_id, taxonomy, description, parent, count) VALUES (11755, 11755, 'product_cat', '', 10488, 2);
INSERT OR IGNORE INTO wp_terms (term_id, name, slug, term_group) VALUES (11012, 'Apple Accessories', 'apple-accessories', 0);
INSERT OR IGNORE INTO wp_term_taxonomy (term_taxonomy_id, term_id, taxonomy, description, parent, count) VALUES (11012, 11012, 'product_cat', '', 128, 5);
INSERT OR IGNORE INTO wp_terms (term_id, name, slug, term_group) VALUES (10791, 'Apple Bluetooth Speakers', 'apple-bluetooth-speakers', 0);
INSERT OR IGNORE INTO wp_term_taxonomy (term_taxonomy_id, term_id, taxonomy, description, parent, count) VALUES (10791, 10791, 'product_cat', '<h2 style="text-align: center">Apple Bluetooth Speakers in Ghana</h2>', 121, 2);
INSERT OR IGNORE INTO wp_terms (term_id, name, slug, term_group) VALUES (11010, 'Apple iMac', 'apple-imac', 0);
INSERT OR IGNORE INTO wp_term_taxonomy (term_taxonomy_id, term_id, taxonomy, description, parent, count) VALUES (11010, 11010, 'product_cat', '', 10681, 1);
INSERT OR IGNORE INTO wp_terms (term_id, name, slug, term_group) VALUES (11091, 'Apple iPhone 15, iPhone 15 Plus, iPhone 15 Pro and iPhone 15 Pro Max', 'apple-iphone-15-iphone-15-plus-iphone-15-pro-and-iphone-15-pro-max', 0);
INSERT OR IGNORE INTO wp_term_taxonomy (term_taxonomy_id, term_id, taxonomy, description, parent, count) VALUES (11091, 11091, 'product_cat', '', 10447, 1);
INSERT OR IGNORE INTO wp_terms (term_id, name, slug, term_group) VALUES (10493, 'Apple MacBook Laptops', 'apple-macbook-laptops', 0);
INSERT OR IGNORE INTO wp_term_taxonomy (term_taxonomy_id, term_id, taxonomy, description, parent, count) VALUES (10493, 10493, 'product_cat', '<h2><span style="font-size: 75%">Apple MacBook Laptops in Ghana</span></h2>
<span style="font-size: 75%">Apple MacBooks come with advanced features and technology to meet the needs of a wide range of users. If you are looking for a laptop that combines performance and style? Check out our collection of MacBooks! With options ranging from the sleek MacBook Air to the powerful MacBook Pro, you''re sure to find the perfect laptop to fuel your creativity and productivity.</span>

<span style="font-size: 75%">Each model boasts a stunning Retina display, a lightning-fast processor(M1 chip, M2, M3, M1 pro, M max Chip), and cutting-edge features. If you''re looking to elevate your computing experience, consider the iconic reliability and sophistication of a MacBook. Browse our latest MacBook Pro and MacBook Air collection in Ghana, at everyday low prices, and buy online.</span>', 10481, 15);
INSERT OR IGNORE INTO wp_terms (term_id, name, slug, term_group) VALUES (11009, 'Apple TV', 'apple-tv', 0);
INSERT OR IGNORE INTO wp_term_taxonomy (term_taxonomy_id, term_id, taxonomy, description, parent, count) VALUES (11009, 11009, 'product_cat', '', 10754, 0);
INSERT OR IGNORE INTO wp_terms (term_id, name, slug, term_group) VALUES (11011, 'Apple Watch', 'apple-watch', 0);
INSERT OR IGNORE INTO wp_term_taxonomy (term_taxonomy_id, term_id, taxonomy, description, parent, count) VALUES (11011, 11011, 'product_cat', '', 10576, 0);
INSERT OR IGNORE INTO wp_terms (term_id, name, slug, term_group) VALUES (11752, 'Arts &amp; Entertainment', 'arts-entertainment', 0);
INSERT OR IGNORE INTO wp_term_taxonomy (term_taxonomy_id, term_id, taxonomy, description, parent, count) VALUES (11752, 11752, 'product_cat', '', 0, 8);
INSERT OR IGNORE INTO wp_terms (term_id, name, slug, term_group) VALUES (11850, 'Asano Home Theatres', 'asano-home-theatres', 0);
INSERT OR IGNORE INTO wp_term_taxonomy (term_taxonomy_id, term_id, taxonomy, description, parent, count) VALUES (11850, 11850, 'product_cat', '', 176, 0);
INSERT OR IGNORE INTO wp_terms (term_id, name, slug, term_group) VALUES (10487, 'Audio', 'audio', 0);
INSERT OR IGNORE INTO wp_term_taxonomy (term_taxonomy_id, term_id, taxonomy, description, parent, count) VALUES (10487, 10487, 'product_cat', '', 126, 171);
INSERT OR IGNORE INTO wp_termmeta (term_id, meta_key, meta_value) VALUES (10487, 'thumbnail_id', '169275');
INSERT OR IGNORE INTO wp_terms (term_id, name, slug, term_group) VALUES (10787, 'Audio Accessories', 'audio-accessories', 0);
INSERT OR IGNORE INTO wp_term_taxonomy (term_taxonomy_id, term_id, taxonomy, description, parent, count) VALUES (10787, 10787, 'product_cat', '', 10487, 2);
INSERT OR IGNORE INTO wp_terms (term_id, name, slug, term_group) VALUES (11520, 'Audio Cable &amp; Adaptors', 'audio-cable-adaptors', 0);
INSERT OR IGNORE INTO wp_term_taxonomy (term_taxonomy_id, term_id, taxonomy, description, parent, count) VALUES (11520, 11520, 'product_cat', '', 10787, 0);
INSERT OR IGNORE INTO wp_terms (term_id, name, slug, term_group) VALUES (43537, 'Audio Interfaces', 'audio-interfaces', 0);
INSERT OR IGNORE INTO wp_term_taxonomy (term_taxonomy_id, term_id, taxonomy, description, parent, count) VALUES (43537, 43537, 'product_cat', '', 43536, 1);
INSERT OR IGNORE INTO wp_terms (term_id, name, slug, term_group) VALUES (11523, 'AUX Cables', 'aux-cables', 0);
INSERT OR IGNORE INTO wp_term_taxonomy (term_taxonomy_id, term_id, taxonomy, description, parent, count) VALUES (11523, 11523, 'product_cat', '', 11520, 0);
INSERT OR IGNORE INTO wp_terms (term_id, name, slug, term_group) VALUES (170, 'Baby, Kids &amp; Toys', 'baby-product', 0);
INSERT OR IGNORE INTO wp_term_taxonomy (term_taxonomy_id, term_id, taxonomy, description, parent, count) VALUES (170, 170, 'product_cat', '', 0, 0);
INSERT OR IGNORE INTO wp_terms (term_id, name, slug, term_group) VALUES (107, 'Backpacks', 'backpacks', 0);
INSERT OR IGNORE INTO wp_term_taxonomy (term_taxonomy_id, term_id, taxonomy, description, parent, count) VALUES (107, 107, 'product_cat', '', 31, 0);
INSERT OR IGNORE INTO wp_termmeta (term_id, meta_key, meta_value) VALUES (107, 'thumbnail_id', '206889');
INSERT OR IGNORE INTO wp_terms (term_id, name, slug, term_group) VALUES (31, 'Bags and Luggages', 'bags-and-luggages', 0);
INSERT OR IGNORE INTO wp_term_taxonomy (term_taxonomy_id, term_id, taxonomy, description, parent, count) VALUES (31, 31, 'product_cat', 'Shop from a wide range of bags for men, <a href="https://shopwice.com/product-category/womens-bag/">women</a>, and kids at the best price. Enjoy great deals on <a href="https://shopwice.com/product-category/backpacks/">backpacks,</a> <a href="https://shopwice.com/product-category/shoulder-bags/">shoulder bags,</a> <a href="https://shopwice.com/product-category/handbags/">crossbody bags</a>, and duffles.', 10380, 3);
INSERT OR IGNORE INTO wp_termmeta (term_id, meta_key, meta_value) VALUES (31, 'thumbnail_id', '86650');
INSERT OR IGNORE INTO wp_terms (term_id, name, slug, term_group) VALUES (10450, 'Basic Phones', 'basic-phones', 0);
INSERT OR IGNORE INTO wp_term_taxonomy (term_taxonomy_id, term_id, taxonomy, description, parent, count) VALUES (10450, 10450, 'product_cat', '', 1869, 5);
INSERT OR IGNORE INTO wp_terms (term_id, name, slug, term_group) VALUES (1083, 'Basketball Shoes', 'basketball-shoes', 0);
INSERT OR IGNORE INTO wp_term_taxonomy (term_taxonomy_id, term_id, taxonomy, description, parent, count) VALUES (1083, 1083, 'product_cat', '', 27, 5);
INSERT OR IGNORE INTO wp_terms (term_id, name, slug, term_group) VALUES (11578, 'Bath &amp; Body Care', 'bath-body-care', 0);
INSERT OR IGNORE INTO wp_term_taxonomy (term_taxonomy_id, term_id, taxonomy, description, parent, count) VALUES (11578, 11578, 'product_cat', '', 52, 0);
INSERT OR IGNORE INTO wp_terms (term_id, name, slug, term_group) VALUES (10842, 'Bathroom Cleaners', 'bathroom-cleaners', 0);
INSERT OR IGNORE INTO wp_term_taxonomy (term_taxonomy_id, term_id, taxonomy, description, parent, count) VALUES (10842, 10842, 'product_cat', '', 117, 1);
INSERT OR IGNORE INTO wp_terms (term_id, name, slug, term_group) VALUES (175, 'Battery', 'battery', 0);
INSERT OR IGNORE INTO wp_term_taxonomy (term_taxonomy_id, term_id, taxonomy, description, parent, count) VALUES (175, 175, 'product_cat', 'Has your mobile phone lost its battery power? Get a more powered  and original mobile phone battery replacement to enhance phone''s deliverability. Buy now at great prices.', 1870, 0);
INSERT OR IGNORE INTO wp_terms (term_id, name, slug, term_group) VALUES (10789, 'Beats Bluetooth Speakers', 'beats-bluetooth-speakers', 0);
INSERT OR IGNORE INTO wp_term_taxonomy (term_taxonomy_id, term_id, taxonomy, description, parent, count) VALUES (10789, 10789, 'product_cat', '<h2 style="text-align: center">Beats Bluetooth Speakers in Ghana</h2>', 121, 0);
INSERT OR IGNORE INTO wp_terms (term_id, name, slug, term_group) VALUES (10800, 'Beats Earbuds', 'beats-earbuds', 0);
INSERT OR IGNORE INTO wp_term_taxonomy (term_taxonomy_id, term_id, taxonomy, description, parent, count) VALUES (10800, 10800, 'product_cat', '<h2 style="text-align: center">Beats Earbuds by Dr Dre</h2>', 10488, 5);
INSERT OR IGNORE INTO wp_terms (term_id, name, slug, term_group) VALUES (10664, 'Beats Headphones', 'beats-headphones', 0);
INSERT OR IGNORE INTO wp_term_taxonomy (term_taxonomy_id, term_id, taxonomy, description, parent, count) VALUES (10664, 10664, 'product_cat', '<h2 style="text-align: center">Beats By Dr. Dre Headphones in Ghana</h2>', 177, 5);
INSERT OR IGNORE INTO wp_terms (term_id, name, slug, term_group) VALUES (53, 'Beauty and Personal Care', 'beauty-and-personal-care', 0);
INSERT OR IGNORE INTO wp_term_taxonomy (term_taxonomy_id, term_id, taxonomy, description, parent, count) VALUES (53, 53, 'product_cat', '', 52, 187);
INSERT OR IGNORE INTO wp_terms (term_id, name, slug, term_group) VALUES (38, 'Belts', 'mens-belts', 0);
INSERT OR IGNORE INTO wp_term_taxonomy (term_taxonomy_id, term_id, taxonomy, description, parent, count) VALUES (38, 38, 'product_cat', 'Mens Belts
Belts for Men', 24, 0);
INSERT OR IGNORE INTO wp_terms (term_id, name, slug, term_group) VALUES (43513, 'Belts and Suspenders', 'belts-and-suspenders', 0);
INSERT OR IGNORE INTO wp_term_taxonomy (term_taxonomy_id, term_id, taxonomy, description, parent, count) VALUES (43513, 43513, 'product_cat', '', 43512, 0);
INSERT OR IGNORE INTO wp_terms (term_id, name, slug, term_group) VALUES (93, 'Beverages', 'beverages', 0);
INSERT OR IGNORE INTO wp_term_taxonomy (term_taxonomy_id, term_id, taxonomy, description, parent, count) VALUES (93, 93, 'product_cat', '', 10848, 0);
INSERT OR IGNORE INTO wp_terms (term_id, name, slug, term_group) VALUES (11439, 'Binatone Blenders', 'binatone-blenders', 0);
INSERT OR IGNORE INTO wp_term_taxonomy (term_taxonomy_id, term_id, taxonomy, description, parent, count) VALUES (11439, 11439, 'product_cat', '', 68, 0);
INSERT OR IGNORE INTO wp_terms (term_id, name, slug, term_group) VALUES (10718, 'Binatone Ceiling Fan', 'binatone-ceiling-fan', 0);
INSERT OR IGNORE INTO wp_term_taxonomy (term_taxonomy_id, term_id, taxonomy, description, parent, count) VALUES (10718, 10718, 'product_cat', '', 85, 1);
INSERT OR IGNORE INTO wp_terms (term_id, name, slug, term_group) VALUES (10723, 'Binatone Freezers', 'binatone-freezers', 0);
INSERT OR IGNORE INTO wp_term_taxonomy (term_taxonomy_id, term_id, taxonomy, description, parent, count) VALUES (10723, 10723, 'product_cat', '', 10649, 0);
INSERT OR IGNORE INTO wp_terms (term_id, name, slug, term_group) VALUES (10722, 'Binatone Fridges', 'binatone-fridges', 0);
INSERT OR IGNORE INTO wp_term_taxonomy (term_taxonomy_id, term_id, taxonomy, description, parent, count) VALUES (10722, 10722, 'product_cat', '', 10649, 0);
INSERT OR IGNORE INTO wp_terms (term_id, name, slug, term_group) VALUES (10719, 'Binatone Gas Cookers', 'binatone-gas-cookers', 0);
INSERT OR IGNORE INTO wp_term_taxonomy (term_taxonomy_id, term_id, taxonomy, description, parent, count) VALUES (10719, 10719, 'product_cat', '', 139, 1);
INSERT OR IGNORE INTO wp_terms (term_id, name, slug, term_group) VALUES (10715, 'Binatone Irons', 'binatone-irons', 0);
INSERT OR IGNORE INTO wp_term_taxonomy (term_taxonomy_id, term_id, taxonomy, description, parent, count) VALUES (10715, 10715, 'product_cat', '', 138, 7);
INSERT OR IGNORE INTO wp_terms (term_id, name, slug, term_group) VALUES (10717, 'Binatone Kettles', 'binatone-kettles', 0);
INSERT OR IGNORE INTO wp_term_taxonomy (term_taxonomy_id, term_id, taxonomy, description, parent, count) VALUES (10717, 10717, 'product_cat', '', 85, 2);
INSERT OR IGNORE INTO wp_terms (term_id, name, slug, term_group) VALUES (10721, 'Binatone Microwave Ovens', 'binatone-microwave-ovens', 0);
INSERT OR IGNORE INTO wp_term_taxonomy (term_taxonomy_id, term_id, taxonomy, description, parent, count) VALUES (10721, 10721, 'product_cat', '', 10650, 0);
INSERT OR IGNORE INTO wp_terms (term_id, name, slug, term_group) VALUES (10714, 'Binatone Rice Cookers', 'binatone-rice-cookers', 0);
INSERT OR IGNORE INTO wp_term_taxonomy (term_taxonomy_id, term_id, taxonomy, description, parent, count) VALUES (10714, 10714, 'product_cat', '', 84, 4);
INSERT OR IGNORE INTO wp_terms (term_id, name, slug, term_group) VALUES (10716, 'Binatone Standing Fans', 'binatone-standing-fans', 0);
INSERT OR IGNORE INTO wp_term_taxonomy (term_taxonomy_id, term_id, taxonomy, description, parent, count) VALUES (10716, 10716, 'product_cat', '', 10647, 1);
INSERT OR IGNORE INTO wp_terms (term_id, name, slug, term_group) VALUES (10720, 'Binatone Wall Fans', 'binatone-wall-fans', 0);
INSERT OR IGNORE INTO wp_term_taxonomy (term_taxonomy_id, term_id, taxonomy, description, parent, count) VALUES (10720, 10720, 'product_cat', '<h2 style="text-align: center">Buy Shopwice''s Binatone Wall Fans in Ghana</h2>
Shopwice offers superior quality and genuine <a class="text-blue" href="https://shopwice.com/product-category/wall-fans/">Wall Fans </a>from a renowned brand <a href="https://shopwice.com/brand/binatone">Binatone</a>. Browse through our assortment and explore more about price, specifications, availability, and deals online for Binatone Wall Fans and buy online in Ghana. Shop at everyday low prices, and get it delivered to you in an express way irrespective of your location.', 158, 0);
INSERT OR IGNORE INTO wp_terms (term_id, name, slug, term_group) VALUES (43483, 'Binding Machines', 'binding-machines', 0);
INSERT OR IGNORE INTO wp_term_taxonomy (term_taxonomy_id, term_id, taxonomy, description, parent, count) VALUES (43483, 43483, 'product_cat', '', 43481, 0);
INSERT OR IGNORE INTO wp_terms (term_id, name, slug, term_group) VALUES (68, 'Blenders', 'blenders', 0);
INSERT OR IGNORE INTO wp_term_taxonomy (term_taxonomy_id, term_id, taxonomy, description, parent, count) VALUES (68, 68, 'product_cat', '', 202, 21);
INSERT OR IGNORE INTO wp_terms (term_id, name, slug, term_group) VALUES (808, 'Block Heels', 'block-heels', 0);
INSERT OR IGNORE INTO wp_term_taxonomy (term_taxonomy_id, term_id, taxonomy, description, parent, count) VALUES (808, 808, 'product_cat', '', 275, 0);
INSERT OR IGNORE INTO wp_terms (term_id, name, slug, term_group) VALUES (11526, 'Bluetooth Audio Transmitters and Receivers', 'bluetooth-audio-transmitters-and-receivers', 0);
INSERT OR IGNORE INTO wp_term_taxonomy (term_taxonomy_id, term_id, taxonomy, description, parent, count) VALUES (11526, 11526, 'product_cat', '', 11520, 0);
INSERT OR IGNORE INTO wp_terms (term_id, name, slug, term_group) VALUES (121, 'Bluetooth Speakers', 'bluetooth-speakers', 0);
INSERT OR IGNORE INTO wp_term_taxonomy (term_taxonomy_id, term_id, taxonomy, description, parent, count) VALUES (121, 121, 'product_cat', '<p style="text-align: left">Discover Shopwice''s collection of Top Bluetooth Speakers in Ghana. Powerful, portable, and wireless. Shop your favorite brands and enjoy great sound anywhere</p>', 122, 57);
INSERT OR IGNORE INTO wp_terms (term_id, name, slug, term_group) VALUES (233, 'Boat Shoes', 'boat-shoes', 0);
INSERT OR IGNORE INTO wp_term_taxonomy (term_taxonomy_id, term_id, taxonomy, description, parent, count) VALUES (233, 233, 'product_cat', '<h2 style="text-align: center"><span style="font-size: 85%">Buy Boat Shoes for Men</span></h2>', 47, 0);
INSERT OR IGNORE INTO wp_termmeta (term_id, meta_key, meta_value) VALUES (233, 'thumbnail_id', '71408');
INSERT OR IGNORE INTO wp_terms (term_id, name, slug, term_group) VALUES (56, 'Body lotion', 'body-lotion', 0);
INSERT OR IGNORE INTO wp_term_taxonomy (term_taxonomy_id, term_id, taxonomy, description, parent, count) VALUES (56, 56, 'product_cat', '', 53, 0);
INSERT OR IGNORE INTO wp_terms (term_id, name, slug, term_group) VALUES (11585, 'Body Lotion and Creams', 'body-lotion-and-creams', 0);
INSERT OR IGNORE INTO wp_term_taxonomy (term_taxonomy_id, term_id, taxonomy, description, parent, count) VALUES (11585, 11585, 'product_cat', '', 55, 0);
INSERT OR IGNORE INTO wp_terms (term_id, name, slug, term_group) VALUES (11598, 'Body scrubs and Exfoliators', 'body-scrubs-and-exfoliators', 0);
INSERT OR IGNORE INTO wp_term_taxonomy (term_taxonomy_id, term_id, taxonomy, description, parent, count) VALUES (11598, 11598, 'product_cat', '', 11578, 0);
INSERT OR IGNORE INTO wp_terms (term_id, name, slug, term_group) VALUES (145, 'Body Wash', 'body-wash', 0);
INSERT OR IGNORE INTO wp_term_taxonomy (term_taxonomy_id, term_id, taxonomy, description, parent, count) VALUES (145, 145, 'product_cat', '', 53, 0);
INSERT OR IGNORE INTO wp_terms (term_id, name, slug, term_group) VALUES (11596, 'Body Washes &amp; Soaps', 'body-washes-soaps', 0);
INSERT OR IGNORE INTO wp_term_taxonomy (term_taxonomy_id, term_id, taxonomy, description, parent, count) VALUES (11596, 11596, 'product_cat', '', 11578, 0);
INSERT OR IGNORE INTO wp_terms (term_id, name, slug, term_group) VALUES (1061, 'Boho Sandals', 'boho-sandals', 0);
INSERT OR IGNORE INTO wp_term_taxonomy (term_taxonomy_id, term_id, taxonomy, description, parent, count) VALUES (1061, 1061, 'product_cat', '', 196, 0);
INSERT OR IGNORE INTO wp_terms (term_id, name, slug, term_group) VALUES (11556, 'Boom Arms &amp; Stands', 'boom-arms-stands', 0);
INSERT OR IGNORE INTO wp_term_taxonomy (term_taxonomy_id, term_id, taxonomy, description, parent, count) VALUES (11556, 11556, 'product_cat', '', 11539, 0);
INSERT OR IGNORE INTO wp_terms (term_id, name, slug, term_group) VALUES (10788, 'Bose Bluetooth Speakers', 'bose-bluetooth-speakers', 0);
INSERT OR IGNORE INTO wp_term_taxonomy (term_taxonomy_id, term_id, taxonomy, description, parent, count) VALUES (10788, 10788, 'product_cat', '<h2 style="text-align: center">Bose Bluetooth Speakers in Ghana</h2>', 121, 5);
INSERT OR IGNORE INTO wp_terms (term_id, name, slug, term_group) VALUES (10799, 'Bose Earbuds', 'bose-earbuds', 0);
INSERT OR IGNORE INTO wp_term_taxonomy (term_taxonomy_id, term_id, taxonomy, description, parent, count) VALUES (10799, 10799, 'product_cat', '<h2 style="text-align: center">Bose Earbuds in Ghana</h2>', 10488, 6);
INSERT OR IGNORE INTO wp_terms (term_id, name, slug, term_group) VALUES (10805, 'Bose Headphones', 'bose-headphones', 0);
INSERT OR IGNORE INTO wp_term_taxonomy (term_taxonomy_id, term_id, taxonomy, description, parent, count) VALUES (10805, 10805, 'product_cat', '<h2 style="text-align: center"><span style="font-size: 100%">Bose Headphones in Ghana</span></h2>', 177, 5);
INSERT OR IGNORE INTO wp_terms (term_id, name, slug, term_group) VALUES (11845, 'Bose Home Theatres', 'bose-home-theatres', 0);
INSERT OR IGNORE INTO wp_term_taxonomy (term_taxonomy_id, term_id, taxonomy, description, parent, count) VALUES (11845, 11845, 'product_cat', '', 176, 0);
INSERT OR IGNORE INTO wp_terms (term_id, name, slug, term_group) VALUES (212, 'Bow Ties', 'bow-ties', 0);
INSERT OR IGNORE INTO wp_term_taxonomy (term_taxonomy_id, term_id, taxonomy, description, parent, count) VALUES (212, 212, 'product_cat', '', 24, 0);
INSERT OR IGNORE INTO wp_terms (term_id, name, slug, term_group) VALUES (218, 'Boxers', 'boxers', 0);
INSERT OR IGNORE INTO wp_term_taxonomy (term_taxonomy_id, term_id, taxonomy, description, parent, count) VALUES (218, 218, 'product_cat', '', 50, 1);
INSERT OR IGNORE INTO wp_terms (term_id, name, slug, term_group) VALUES (10648, 'Brazil National Team Jersey', 'brazil-national-team-jersey', 0);
INSERT OR IGNORE INTO wp_term_taxonomy (term_taxonomy_id, term_id, taxonomy, description, parent, count) VALUES (10648, 10648, 'product_cat', '', 10524, 0);
INSERT OR IGNORE INTO wp_terms (term_id, name, slug, term_group) VALUES (186, 'Briefcases', 'briefcases', 0);
INSERT OR IGNORE INTO wp_term_taxonomy (term_taxonomy_id, term_id, taxonomy, description, parent, count) VALUES (186, 186, 'product_cat', '', 183, 0);
INSERT OR IGNORE INTO wp_termmeta (term_id, meta_key, meta_value) VALUES (186, 'thumbnail_id', '206903');
INSERT OR IGNORE INTO wp_terms (term_id, name, slug, term_group) VALUES (91, 'Brogue Shoes', 'brogue-shoes', 0);
INSERT OR IGNORE INTO wp_term_taxonomy (term_taxonomy_id, term_id, taxonomy, description, parent, count) VALUES (91, 91, 'product_cat', '<h2 style="text-align: center">Brogue Shoes for Men</h2>
Get yourself a brogue shoe and style it with your classic formal shirts and <a href="https://shopwice.com/product-category/trousers/">trousers. </a>', 1916, 3);
INSERT OR IGNORE INTO wp_termmeta (term_id, meta_key, meta_value) VALUES (91, 'thumbnail_id', '71410');
INSERT OR IGNORE INTO wp_terms (term_id, name, slug, term_group) VALUES (2201, 'btm', 'btm', 0);
INSERT OR IGNORE INTO wp_term_taxonomy (term_taxonomy_id, term_id, taxonomy, description, parent, count) VALUES (2201, 2201, 'product_cat', '', 15, 3);
INSERT OR IGNORE INTO wp_terms (term_id, name, slug, term_group) VALUES (43479, 'Cables &amp; Internal Connectors', 'cables-internal-connectors', 0);
INSERT OR IGNORE INTO wp_term_taxonomy (term_taxonomy_id, term_id, taxonomy, description, parent, count) VALUES (43479, 43479, 'product_cat', '', 11516, 0);
INSERT OR IGNORE INTO wp_terms (term_id, name, slug, term_group) VALUES (193, 'Calculators', 'calculators', 0);
INSERT OR IGNORE INTO wp_term_taxonomy (term_taxonomy_id, term_id, taxonomy, description, parent, count) VALUES (193, 193, 'product_cat', '', 191, 1);
INSERT OR IGNORE INTO wp_terms (term_id, name, slug, term_group) VALUES (10906, 'Calvin Klein Perfumes', 'calvin-klein-perfumes', 0);
INSERT OR IGNORE INTO wp_term_taxonomy (term_taxonomy_id, term_id, taxonomy, description, parent, count) VALUES (10906, 10906, 'product_cat', '', 146, 23);
INSERT OR IGNORE INTO wp_terms (term_id, name, slug, term_group) VALUES (11571, 'Camera Accessories', 'camera-accessories', 0);
INSERT OR IGNORE INTO wp_term_taxonomy (term_taxonomy_id, term_id, taxonomy, description, parent, count) VALUES (11571, 11571, 'product_cat', '', 11569, 3);
INSERT OR IGNORE INTO wp_terms (term_id, name, slug, term_group) VALUES (11570, 'Cameras', 'cameras', 0);
INSERT OR IGNORE INTO wp_term_taxonomy (term_taxonomy_id, term_id, taxonomy, description, parent, count) VALUES (11570, 11570, 'product_cat', '', 11569, 6);
INSERT OR IGNORE INTO wp_terms (term_id, name, slug, term_group) VALUES (11569, 'Cameras, Videography and Surveillance', 'cameras-videography-and-surveillance', 0);
INSERT OR IGNORE INTO wp_term_taxonomy (term_taxonomy_id, term_id, taxonomy, description, parent, count) VALUES (11569, 11569, 'product_cat', '', 126, 7);
INSERT OR IGNORE INTO wp_terms (term_id, name, slug, term_group) VALUES (97, 'Candy and Chocolates', 'candy-and-chocolates', 0);
INSERT OR IGNORE INTO wp_term_taxonomy (term_taxonomy_id, term_id, taxonomy, description, parent, count) VALUES (97, 97, 'product_cat', '', 10849, 0);
INSERT OR IGNORE INTO wp_terms (term_id, name, slug, term_group) VALUES (11686, 'Canon Cameras', 'canon-cameras', 0);
INSERT OR IGNORE INTO wp_term_taxonomy (term_taxonomy_id, term_id, taxonomy, description, parent, count) VALUES (11686, 11686, 'product_cat', '', 11570, 1);
INSERT OR IGNORE INTO wp_terms (term_id, name, slug, term_group) VALUES (1086, 'Canvas Sneakers', 'canvas-sneakers', 0);
INSERT OR IGNORE INTO wp_term_taxonomy (term_taxonomy_id, term_id, taxonomy, description, parent, count) VALUES (1086, 1086, 'product_cat', 'Canvas Sneakers for Men', 27, 4);
INSERT OR IGNORE INTO wp_termmeta (term_id, meta_key, meta_value) VALUES (1086, 'thumbnail_id', '61966');
INSERT OR IGNORE INTO wp_terms (term_id, name, slug, term_group) VALUES (62, 'Caps', 'caps', 0);
INSERT OR IGNORE INTO wp_term_taxonomy (term_taxonomy_id, term_id, taxonomy, description, parent, count) VALUES (62, 62, 'product_cat', '', 24, 0);
INSERT OR IGNORE INTO wp_terms (term_id, name, slug, term_group) VALUES (2418, 'Caps', 'caps-accessories', 0);
INSERT OR IGNORE INTO wp_term_taxonomy (term_taxonomy_id, term_id, taxonomy, description, parent, count) VALUES (2418, 2418, 'product_cat', '', 24, 0);
INSERT OR IGNORE INTO wp_terms (term_id, name, slug, term_group) VALUES (165, 'car accessories', 'car-accessories', 0);
INSERT OR IGNORE INTO wp_term_taxonomy (term_taxonomy_id, term_id, taxonomy, description, parent, count) VALUES (165, 165, 'product_cat', '', 10850, 0);
INSERT OR IGNORE INTO wp_terms (term_id, name, slug, term_group) VALUES (2113, 'Car Travel Accessories', 'car-travel-accessories', 0);
INSERT OR IGNORE INTO wp_term_taxonomy (term_taxonomy_id, term_id, taxonomy, description, parent, count) VALUES (2113, 2113, 'product_cat', '', 165, 0);
INSERT OR IGNORE INTO wp_terms (term_id, name, slug, term_group) VALUES (75, 'Cardigans &amp; Jumpers', 'cardigans-jumpers', 0);
INSERT OR IGNORE INTO wp_term_taxonomy (term_taxonomy_id, term_id, taxonomy, description, parent, count) VALUES (75, 75, 'product_cat', 'Explore cardigans and jumpers that take you effortlessly from Spring into Summer. Shop our stunning collections and find the perfect style fit for you.', 10380, 0);
INSERT OR IGNORE INTO wp_terms (term_id, name, slug, term_group) VALUES (10438, 'Carry Ons', 'carry-ons', 0);
INSERT OR IGNORE INTO wp_term_taxonomy (term_taxonomy_id, term_id, taxonomy, description, parent, count) VALUES (10438, 10438, 'product_cat', '', 32, 0);
INSERT OR IGNORE INTO wp_termmeta (term_id, meta_key, meta_value) VALUES (10438, 'thumbnail_id', '206909');
INSERT OR IGNORE INTO wp_terms (term_id, name, slug, term_group) VALUES (76, 'Casual &amp; Streetwear', 'casual-streetwear', 0);
INSERT OR IGNORE INTO wp_term_taxonomy (term_taxonomy_id, term_id, taxonomy, description, parent, count) VALUES (76, 76, 'product_cat', 'Explore casual and streetwear that takes you effortlessly from January into December. Shop our stunning collections and find the perfect style fit for you.', 10678, 0);
INSERT OR IGNORE INTO wp_terms (term_id, name, slug, term_group) VALUES (137, 'Casual Shirts', 'casual-shirts', 0);
INSERT OR IGNORE INTO wp_term_taxonomy (term_taxonomy_id, term_id, taxonomy, description, parent, count) VALUES (137, 137, 'product_cat', '', 2264, 0);
INSERT OR IGNORE INTO wp_terms (term_id, name, slug, term_group) VALUES (171, 'casual Shoes', 'casual', 0);
INSERT OR IGNORE INTO wp_term_taxonomy (term_taxonomy_id, term_id, taxonomy, description, parent, count) VALUES (171, 171, 'product_cat', '', 10380, 1);
INSERT OR IGNORE INTO wp_terms (term_id, name, slug, term_group) VALUES (10644, 'Ceiling Fans', 'ceiling-fans', 0);
INSERT OR IGNORE INTO wp_term_taxonomy (term_taxonomy_id, term_id, taxonomy, description, parent, count) VALUES (10644, 10644, 'product_cat', '', 154, 23);
INSERT OR IGNORE INTO wp_terms (term_id, name, slug, term_group) VALUES (125, 'Chargers and Adaptors', 'chargers-and-adaptors', 0);
INSERT OR IGNORE INTO wp_term_taxonomy (term_taxonomy_id, term_id, taxonomy, description, parent, count) VALUES (125, 125, 'product_cat', '', 1870, 10);
INSERT OR IGNORE INTO wp_terms (term_id, name, slug, term_group) VALUES (10687, 'Charging Docks &amp; Stands', 'charging-docks-stands', 0);
INSERT OR IGNORE INTO wp_term_taxonomy (term_taxonomy_id, term_id, taxonomy, description, parent, count) VALUES (10687, 10687, 'product_cat', '', 169, 21);
INSERT OR IGNORE INTO wp_terms (term_id, name, slug, term_group) VALUES (10811, 'Chelsea Boots', 'chelsea-boots', 0);
INSERT OR IGNORE INTO wp_term_taxonomy (term_taxonomy_id, term_id, taxonomy, description, parent, count) VALUES (10811, 10811, 'product_cat', '<h2 style="text-align: center">Buy Chelsea Boots In Ghana</h2>', 10380, 0);
INSERT OR IGNORE INTO wp_terms (term_id, name, slug, term_group) VALUES (10855, 'Chest Freezers', 'chest-freezers', 0);
INSERT OR IGNORE INTO wp_term_taxonomy (term_taxonomy_id, term_id, taxonomy, description, parent, count) VALUES (10855, 10855, 'product_cat', '', 10649, 14);
INSERT OR IGNORE INTO wp_terms (term_id, name, slug, term_group) VALUES (11551, 'Choi &amp; Instrument Microphones', 'choi-instrument-microphones', 0);
INSERT OR IGNORE INTO wp_term_taxonomy (term_taxonomy_id, term_id, taxonomy, description, parent, count) VALUES (11551, 11551, 'product_cat', '', 11538, 0);
INSERT OR IGNORE INTO wp_terms (term_id, name, slug, term_group) VALUES (10482, 'Chromebooks', 'chromebooks', 0);
INSERT OR IGNORE INTO wp_term_taxonomy (term_taxonomy_id, term_id, taxonomy, description, parent, count) VALUES (10482, 10482, 'product_cat', '', 10681, 3);
INSERT OR IGNORE INTO wp_terms (term_id, name, slug, term_group) VALUES (227, 'Chukka Boots', 'chukka-boots', 0);
INSERT OR IGNORE INTO wp_term_taxonomy (term_taxonomy_id, term_id, taxonomy, description, parent, count) VALUES (227, 227, 'product_cat', 'Chukka Boots
Chukka boots for men
Mens chukka boots', 25, 0);
INSERT OR IGNORE INTO wp_termmeta (term_id, meta_key, meta_value) VALUES (227, 'thumbnail_id', '9148');
INSERT OR IGNORE INTO wp_terms (term_id, name, slug, term_group) VALUES (1063, 'Chunky Sandals', 'chunky-sandals', 0);
INSERT OR IGNORE INTO wp_term_taxonomy (term_taxonomy_id, term_id, taxonomy, description, parent, count) VALUES (1063, 1063, 'product_cat', '', 196, 0);
INSERT OR IGNORE INTO wp_terms (term_id, name, slug, term_group) VALUES (10682, 'Club Team Jerseys', 'club-team-jerseys', 0);
INSERT OR IGNORE INTO wp_term_taxonomy (term_taxonomy_id, term_id, taxonomy, description, parent, count) VALUES (10682, 10682, 'product_cat', '', 180, 0);
INSERT OR IGNORE INTO wp_terms (term_id, name, slug, term_group) VALUES (184, 'Clutches', 'clutches', 0);
INSERT OR IGNORE INTO wp_term_taxonomy (term_taxonomy_id, term_id, taxonomy, description, parent, count) VALUES (184, 184, 'product_cat', '', 113, 0);
INSERT OR IGNORE INTO wp_termmeta (term_id, meta_key, meta_value) VALUES (184, 'thumbnail_id', '206895');
INSERT OR IGNORE INTO wp_terms (term_id, name, slug, term_group) VALUES (11512, 'Coffee Makers', 'coffee-makers', 0);
INSERT OR IGNORE INTO wp_term_taxonomy (term_taxonomy_id, term_id, taxonomy, description, parent, count) VALUES (11512, 11512, 'product_cat', '', 11452, 0);
INSERT OR IGNORE INTO wp_terms (term_id, name, slug, term_group) VALUES (11754, 'Collectibles', 'collectibles', 0);
INSERT OR IGNORE INTO wp_term_taxonomy (term_taxonomy_id, term_id, taxonomy, description, parent, count) VALUES (11754, 11754, 'product_cat', '', 11753, 8);
INSERT OR IGNORE INTO wp_terms (term_id, name, slug, term_group) VALUES (11568, 'Commercial TVs', 'commercial-tvs', 0);
INSERT OR IGNORE INTO wp_term_taxonomy (term_taxonomy_id, term_id, taxonomy, description, parent, count) VALUES (11568, 11568, 'product_cat', '', 10754, 0);
INSERT OR IGNORE INTO wp_terms (term_id, name, slug, term_group) VALUES (128, 'Computer Accessories', 'computer-accessories', 0);
INSERT OR IGNORE INTO wp_term_taxonomy (term_taxonomy_id, term_id, taxonomy, description, parent, count) VALUES (128, 128, 'product_cat', 'Let your computer look great with computer accessories from Rostilupt. Spec it with accessories like keyboard, mouse, pendrives, flash drives, Ram, hard drives', 43469, 48);
INSERT OR IGNORE INTO wp_terms (term_id, name, slug, term_group) VALUES (190, 'Computer cable adaptors', 'computer-cable-adaptors', 0);
INSERT OR IGNORE INTO wp_term_taxonomy (term_taxonomy_id, term_id, taxonomy, description, parent, count) VALUES (190, 190, 'product_cat', '', 128, 4);
INSERT OR IGNORE INTO wp_terms (term_id, name, slug, term_group) VALUES (11516, 'Computer Components', 'computer-components', 0);
INSERT OR IGNORE INTO wp_term_taxonomy (term_taxonomy_id, term_id, taxonomy, description, parent, count) VALUES (11516, 11516, 'product_cat', '', 126, 0);
INSERT OR IGNORE INTO wp_terms (term_id, name, slug, term_group) VALUES (10681, 'Computers', 'computers', 0);
INSERT OR IGNORE INTO wp_term_taxonomy (term_taxonomy_id, term_id, taxonomy, description, parent, count) VALUES (10681, 10681, 'product_cat', '', 43469, 51);
INSERT OR IGNORE INTO wp_terms (term_id, name, slug, term_group) VALUES (43469, 'Computers and Office Equipments', 'computers-and-office-equipments', 0);
INSERT OR IGNORE INTO wp_term_taxonomy (term_taxonomy_id, term_id, taxonomy, description, parent, count) VALUES (43469, 43469, 'product_cat', '', 126, 91);
INSERT OR IGNORE INTO wp_terms (term_id, name, slug, term_group) VALUES (11547, 'Condenser Microphones', 'condenser-microphones', 0);
INSERT OR IGNORE INTO wp_term_taxonomy (term_taxonomy_id, term_id, taxonomy, description, parent, count) VALUES (11547, 11547, 'product_cat', '', 11537, 0);
INSERT OR IGNORE INTO wp_terms (term_id, name, slug, term_group) VALUES (10697, 'Controllers and Gamepads', 'controllers-and-gamepads', 0);
INSERT OR IGNORE INTO wp_term_taxonomy (term_taxonomy_id, term_id, taxonomy, description, parent, count) VALUES (10697, 10697, 'product_cat', '<h2>Shop Authentic Controllers &amp; Gamepads at Shopwice</h2>
Find the best PlayStation, Xbox, Nintendo &amp; PC Game controllers at unbeatable prices. Enjoy fast delivery in Ghana &amp; pay on delivery. Shop now!', 169, 7);
INSERT OR IGNORE INTO wp_terms (term_id, name, slug, term_group) VALUES (2090, 'Cookies, Biscuits &amp; Snacks', 'cookies-biscuits-snacks', 0);
INSERT OR IGNORE INTO wp_term_taxonomy (term_taxonomy_id, term_id, taxonomy, description, parent, count) VALUES (2090, 2090, 'product_cat', '', 45, 0);
INSERT OR IGNORE INTO wp_terms (term_id, name, slug, term_group) VALUES (10633, 'Cooking Appliances', 'cooking-appliances', 0);
INSERT OR IGNORE INTO wp_term_taxonomy (term_taxonomy_id, term_id, taxonomy, description, parent, count) VALUES (10633, 10633, 'product_cat', '', 202, 41);
INSERT OR IGNORE INTO wp_terms (term_id, name, slug, term_group) VALUES (43477, 'Cooling Systems (Fans, Liquid Cooling)', 'cooling-systems-fans-liquid-cooling', 0);
INSERT OR IGNORE INTO wp_term_taxonomy (term_taxonomy_id, term_id, taxonomy, description, parent, count) VALUES (43477, 43477, 'product_cat', '', 11516, 0);
INSERT OR IGNORE INTO wp_terms (term_id, name, slug, term_group) VALUES (209, 'Cooling, Heating and Air Quality', 'cooling-heating-and-air-quality', 0);
INSERT OR IGNORE INTO wp_term_taxonomy (term_taxonomy_id, term_id, taxonomy, description, parent, count) VALUES (209, 209, 'product_cat', '', 202, 235);
INSERT OR IGNORE INTO wp_terms (term_id, name, slug, term_group) VALUES (10572, 'Core &amp; Abdominal Trainer', 'core-abdominal-trainer', 0);
INSERT OR IGNORE INTO wp_term_taxonomy (term_taxonomy_id, term_id, taxonomy, description, parent, count) VALUES (10572, 10572, 'product_cat', '', 10571, 0);
INSERT OR IGNORE INTO wp_terms (term_id, name, slug, term_group) VALUES (131, 'Corporate Shirts', 'corporate-shirts', 0);
INSERT OR IGNORE INTO wp_term_taxonomy (term_taxonomy_id, term_id, taxonomy, description, parent, count) VALUES (131, 131, 'product_cat', '', 2264, 0);
INSERT OR IGNORE INTO wp_terms (term_id, name, slug, term_group) VALUES (10869, 'Countertop Blenders', 'countertop-blenders', 0);
INSERT OR IGNORE INTO wp_term_taxonomy (term_taxonomy_id, term_id, taxonomy, description, parent, count) VALUES (10869, 10869, 'product_cat', '', 68, 4);
INSERT OR IGNORE INTO wp_terms (term_id, name, slug, term_group) VALUES (10514, 'Country Flags', 'country-flags', 0);
INSERT OR IGNORE INTO wp_term_taxonomy (term_taxonomy_id, term_id, taxonomy, description, parent, count) VALUES (10514, 10514, 'product_cat', '', 11754, 8);
INSERT OR IGNORE INTO wp_terms (term_id, name, slug, term_group) VALUES (1075, 'Cow Boy Sandals', 'cow-boy-sandals', 0);
INSERT OR IGNORE INTO wp_term_taxonomy (term_taxonomy_id, term_id, taxonomy, description, parent, count) VALUES (1075, 1075, 'product_cat', '', 196, 0);
INSERT OR IGNORE INTO wp_terms (term_id, name, slug, term_group) VALUES (43491, 'Creative &amp; Design', 'creative-design', 0);
INSERT OR IGNORE INTO wp_term_taxonomy (term_taxonomy_id, term_id, taxonomy, description, parent, count) VALUES (43491, 43491, 'product_cat', '', 43486, 0);
INSERT OR IGNORE INTO wp_terms (term_id, name, slug, term_group) VALUES (1073, 'Crochet Sandals', 'crochet-sandals', 0);
INSERT OR IGNORE INTO wp_term_taxonomy (term_taxonomy_id, term_id, taxonomy, description, parent, count) VALUES (1073, 1073, 'product_cat', '', 196, 0);
INSERT OR IGNORE INTO wp_terms (term_id, name, slug, term_group) VALUES (185, 'Crossbody Bags', 'crossbody-bags', 0);
INSERT OR IGNORE INTO wp_term_taxonomy (term_taxonomy_id, term_id, taxonomy, description, parent, count) VALUES (185, 185, 'product_cat', '', 113, 0);
INSERT OR IGNORE INTO wp_termmeta (term_id, meta_key, meta_value) VALUES (185, 'thumbnail_id', '206896');
INSERT OR IGNORE INTO wp_terms (term_id, name, slug, term_group) VALUES (1080, 'Cutout Pastel Sandals', 'cutout-pastel-sandals', 0);
INSERT OR IGNORE INTO wp_term_taxonomy (term_taxonomy_id, term_id, taxonomy, description, parent, count) VALUES (1080, 1080, 'product_cat', '', 196, 0);
INSERT OR IGNORE INTO wp_terms (term_id, name, slug, term_group) VALUES (1077, 'Dad Sandals', 'dad-sandals', 0);
INSERT OR IGNORE INTO wp_term_taxonomy (term_taxonomy_id, term_id, taxonomy, description, parent, count) VALUES (1077, 1077, 'product_cat', '', 196, 0);
INSERT OR IGNORE INTO wp_terms (term_id, name, slug, term_group) VALUES (1875, 'Data Storage Device', 'data-storage-devices', 0);
INSERT OR IGNORE INTO wp_term_taxonomy (term_taxonomy_id, term_id, taxonomy, description, parent, count) VALUES (1875, 1875, 'product_cat', '', 128, 32);
INSERT OR IGNORE INTO wp_terms (term_id, name, slug, term_group) VALUES (11021, 'Deep Freezer', 'deep-freezer', 0);
INSERT OR IGNORE INTO wp_term_taxonomy (term_taxonomy_id, term_id, taxonomy, description, parent, count) VALUES (11021, 11021, 'product_cat', '', 10649, 0);
INSERT OR IGNORE INTO wp_terms (term_id, name, slug, term_group) VALUES (10898, 'Deep Fryers', 'deep-fryers', 0);
INSERT OR IGNORE INTO wp_term_taxonomy (term_taxonomy_id, term_id, taxonomy, description, parent, count) VALUES (10898, 10898, 'product_cat', '', 202, 12);
INSERT OR IGNORE INTO wp_terms (term_id, name, slug, term_group) VALUES (10921, 'Dell Alienware Laptops', 'dell-alienware-laptops', 0);
INSERT OR IGNORE INTO wp_term_taxonomy (term_taxonomy_id, term_id, taxonomy, description, parent, count) VALUES (10921, 10921, 'product_cat', '', 10481, 0);
INSERT OR IGNORE INTO wp_terms (term_id, name, slug, term_group) VALUES (10905, 'Dell Laptops', 'dell-laptops', 0);
INSERT OR IGNORE INTO wp_term_taxonomy (term_taxonomy_id, term_id, taxonomy, description, parent, count) VALUES (10905, 10905, 'product_cat', '', 10481, 7);
INSERT OR IGNORE INTO wp_terms (term_id, name, slug, term_group) VALUES (10734, 'Delron Ceiling Fans', 'delron-ceiling-fans', 0);
INSERT OR IGNORE INTO wp_term_taxonomy (term_taxonomy_id, term_id, taxonomy, description, parent, count) VALUES (10734, 10734, 'product_cat', '', 10644, 2);
INSERT OR IGNORE INTO wp_terms (term_id, name, slug, term_group) VALUES (11491, 'delron chest freezers', 'delron-chest-freezers', 0);
INSERT OR IGNORE INTO wp_term_taxonomy (term_taxonomy_id, term_id, taxonomy, description, parent, count) VALUES (11491, 11491, 'product_cat', '', 10855, 6);
INSERT OR IGNORE INTO wp_terms (term_id, name, slug, term_group) VALUES (10736, 'Delron Fridges', 'delron-fridges', 0);
INSERT OR IGNORE INTO wp_term_taxonomy (term_taxonomy_id, term_id, taxonomy, description, parent, count) VALUES (10736, 10736, 'product_cat', '', 10647, 12);
INSERT OR IGNORE INTO wp_terms (term_id, name, slug, term_group) VALUES (10666, 'Delron Household Fans', 'delron-household-fans', 0);
INSERT OR IGNORE INTO wp_term_taxonomy (term_taxonomy_id, term_id, taxonomy, description, parent, count) VALUES (10666, 10666, 'product_cat', '', 154, 22);
INSERT OR IGNORE INTO wp_terms (term_id, name, slug, term_group) VALUES (10665, 'Delron Microwave Oven', 'delron-microwave-oven', 0);
INSERT OR IGNORE INTO wp_term_taxonomy (term_taxonomy_id, term_id, taxonomy, description, parent, count) VALUES (10665, 10665, 'product_cat', '', 10650, 3);
INSERT OR IGNORE INTO wp_terms (term_id, name, slug, term_group) VALUES (10735, 'Delron Standing Fans', 'delron-standing-fans', 0);
INSERT OR IGNORE INTO wp_term_taxonomy (term_taxonomy_id, term_id, taxonomy, description, parent, count) VALUES (10735, 10735, 'product_cat', '', 10647, 3);
INSERT OR IGNORE INTO wp_terms (term_id, name, slug, term_group) VALUES (43346, 'Deodorants', 'deodorants', 0);
INSERT OR IGNORE INTO wp_term_taxonomy (term_taxonomy_id, term_id, taxonomy, description, parent, count) VALUES (43346, 43346, 'product_cat', '', 11597, 0);
INSERT OR IGNORE INTO wp_terms (term_id, name, slug, term_group) VALUES (11597, 'Deodorants &amp; Antiperspirants', 'deodorants-antiperspirants', 0);
INSERT OR IGNORE INTO wp_term_taxonomy (term_taxonomy_id, term_id, taxonomy, description, parent, count) VALUES (11597, 11597, 'product_cat', '', 11578, 0);
INSERT OR IGNORE INTO wp_terms (term_id, name, slug, term_group) VALUES (89, 'Derby Shoes', 'derby-shoes', 0);
INSERT OR IGNORE INTO wp_term_taxonomy (term_taxonomy_id, term_id, taxonomy, description, parent, count) VALUES (89, 89, 'product_cat', '<h2 style="text-align: center">Derby Shoes</h2>
Discover a great collection of genuine leather derby shoes for men. Match derbies with suits to grace all your formal events. Available in different colors, styles, and designs, cruise in a pair today at everyday low prices.', 1916, 4);
INSERT OR IGNORE INTO wp_terms (term_id, name, slug, term_group) VALUES (223, 'Desert Boots', 'desert-boots-men', 0);
INSERT OR IGNORE INTO wp_term_taxonomy (term_taxonomy_id, term_id, taxonomy, description, parent, count) VALUES (223, 223, 'product_cat', 'Discover our collection of men''s desert boots. Shop new fall colors and classics featuring leather and suede.', 25, 1);
INSERT OR IGNORE INTO wp_termmeta (term_id, meta_key, meta_value) VALUES (223, 'thumbnail_id', '9166');
INSERT OR IGNORE INTO wp_terms (term_id, name, slug, term_group) VALUES (11515, 'Desktop Computers', 'desktop-computers', 0);
INSERT OR IGNORE INTO wp_term_taxonomy (term_taxonomy_id, term_id, taxonomy, description, parent, count) VALUES (11515, 11515, 'product_cat', '', 10681, 2);
INSERT OR IGNORE INTO wp_terms (term_id, name, slug, term_group) VALUES (2176, 'Diapers', 'diapers', 0);
INSERT OR IGNORE INTO wp_term_taxonomy (term_taxonomy_id, term_id, taxonomy, description, parent, count) VALUES (2176, 2176, 'product_cat', '', 2175, 0);
INSERT OR IGNORE INTO wp_terms (term_id, name, slug, term_group) VALUES (10966, 'Dress Boots', 'dress-boots', 0);
INSERT OR IGNORE INTO wp_term_taxonomy (term_taxonomy_id, term_id, taxonomy, description, parent, count) VALUES (10966, 10966, 'product_cat', '', 25, 0);
INSERT OR IGNORE INTO wp_terms (term_id, name, slug, term_group) VALUES (43511, 'Dress Shirt', 'dress-shirt', 0);
INSERT OR IGNORE INTO wp_term_taxonomy (term_taxonomy_id, term_id, taxonomy, description, parent, count) VALUES (43511, 43511, 'product_cat', '', 131, 0);
INSERT OR IGNORE INTO wp_terms (term_id, name, slug, term_group) VALUES (77, 'Dresses', 'dresses', 0);
INSERT OR IGNORE INTO wp_term_taxonomy (term_taxonomy_id, term_id, taxonomy, description, parent, count) VALUES (77, 77, 'product_cat', '', 459, 0);
INSERT OR IGNORE INTO wp_terms (term_id, name, slug, term_group) VALUES (232, 'Driving Loafer', 'driving-loafer', 0);
INSERT OR IGNORE INTO wp_term_taxonomy (term_taxonomy_id, term_id, taxonomy, description, parent, count) VALUES (232, 232, 'product_cat', '', 47, 0);
INSERT OR IGNORE INTO wp_terms (term_id, name, slug, term_group) VALUES (11572, 'Drones &amp; Accessories', 'drones-accessories', 0);
INSERT OR IGNORE INTO wp_term_taxonomy (term_taxonomy_id, term_id, taxonomy, description, parent, count) VALUES (11572, 11572, 'product_cat', '', 11569, 0);
INSERT OR IGNORE INTO wp_terms (term_id, name, slug, term_group) VALUES (11550, 'Drum Microphones', 'drum-microphones', 0);
INSERT OR IGNORE INTO wp_term_taxonomy (term_taxonomy_id, term_id, taxonomy, description, parent, count) VALUES (11550, 11550, 'product_cat', '', 11538, 0);
INSERT OR IGNORE INTO wp_terms (term_id, name, slug, term_group) VALUES (109, 'Duffel Bags', 'duffel-bags', 0);
INSERT OR IGNORE INTO wp_term_taxonomy (term_taxonomy_id, term_id, taxonomy, description, parent, count) VALUES (109, 109, 'product_cat', '', 32, 0);
INSERT OR IGNORE INTO wp_termmeta (term_id, meta_key, meta_value) VALUES (109, 'thumbnail_id', '206888');
INSERT OR IGNORE INTO wp_terms (term_id, name, slug, term_group) VALUES (11548, 'Dynamic Microphones', 'dynamic-microphones', 0);
INSERT OR IGNORE INTO wp_term_taxonomy (term_taxonomy_id, term_id, taxonomy, description, parent, count) VALUES (11548, 11548, 'product_cat', '', 11537, 0);
INSERT OR IGNORE INTO wp_terms (term_id, name, slug, term_group) VALUES (11531, 'Earbud Cases', 'earbud-cases', 0);
INSERT OR IGNORE INTO wp_term_taxonomy (term_taxonomy_id, term_id, taxonomy, description, parent, count) VALUES (11531, 11531, 'product_cat', '', 11530, 0);
INSERT OR IGNORE INTO wp_terms (term_id, name, slug, term_group) VALUES (10488, 'Earbuds', 'earbuds', 0);
INSERT OR IGNORE INTO wp_term_taxonomy (term_taxonomy_id, term_id, taxonomy, description, parent, count) VALUES (10488, 10488, 'product_cat', '<h1 style="text-align: center">Earbuds in Ghana</h1>
Elevate your audio experience with the best True Wireless Earbuds in Ghana. Whether you''re searching for TWS earbuds, Bluetooth earbuds, or wireless earbuds, Shopwice has the perfect option for you. Don''t compromise on quality or price – shop with us today and enjoy music like never before. Explore Shopwice''s collection of TWS earbuds in Ghana and shop online.
<p style="text-align: center">[block id="earbuds-page-top"]</p>', 10487, 48);
INSERT OR IGNORE INTO wp_termmeta (term_id, meta_key, meta_value) VALUES (10488, 'thumbnail_id', '200706');
INSERT OR IGNORE INTO wp_terms (term_id, name, slug, term_group) VALUES (10585, 'Earphones', 'earphones', 0);
INSERT OR IGNORE INTO wp_term_taxonomy (term_taxonomy_id, term_id, taxonomy, description, parent, count) VALUES (10585, 10585, 'product_cat', '', 10487, 2);
INSERT OR IGNORE INTO wp_terms (term_id, name, slug, term_group) VALUES (43490, 'Educational &amp; Language', 'educational-language', 0);
INSERT OR IGNORE INTO wp_term_taxonomy (term_taxonomy_id, term_id, taxonomy, description, parent, count) VALUES (43490, 43490, 'product_cat', '', 43486, 0);
INSERT OR IGNORE INTO wp_terms (term_id, name, slug, term_group) VALUES (43323, 'Electricals &amp; Power', 'electricals-power', 0);
INSERT OR IGNORE INTO wp_term_taxonomy (term_taxonomy_id, term_id, taxonomy, description, parent, count) VALUES (43323, 43323, 'product_cat', '', 126, 0);
INSERT OR IGNORE INTO wp_terms (term_id, name, slug, term_group) VALUES (126, 'Electronics &amp; Gadgets', 'electronics', 0);
INSERT OR IGNORE INTO wp_term_taxonomy (term_taxonomy_id, term_id, taxonomy, description, parent, count) VALUES (126, 126, 'product_cat', '', 0, 985);
INSERT OR IGNORE INTO wp_termmeta (term_id, meta_key, meta_value) VALUES (126, 'thumbnail_id', '206827');
INSERT OR IGNORE INTO wp_terms (term_id, name, slug, term_group) VALUES (10850, 'Electronics Accessories', 'electronics-accessories', 0);
INSERT OR IGNORE INTO wp_term_taxonomy (term_taxonomy_id, term_id, taxonomy, description, parent, count) VALUES (10850, 10850, 'product_cat', '', 126, 72);
INSERT OR IGNORE INTO wp_terms (term_id, name, slug, term_group) VALUES (11455, 'Elizabeth Arden''s Perfumes', 'elizabeth-ardens-perfumes', 0);
INSERT OR IGNORE INTO wp_term_taxonomy (term_taxonomy_id, term_id, taxonomy, description, parent, count) VALUES (11455, 11455, 'product_cat', '', 146, 1);
INSERT OR IGNORE INTO wp_terms (term_id, name, slug, term_group) VALUES (1068, 'Embellished Sandals', 'embellished-sandals', 0);
INSERT OR IGNORE INTO wp_term_taxonomy (term_taxonomy_id, term_id, taxonomy, description, parent, count) VALUES (1068, 1068, 'product_cat', '', 196, 0);
INSERT OR IGNORE INTO wp_terms (term_id, name, slug, term_group) VALUES (272, 'Espadrille Platform Sandals', 'espadrille-platform-sandals', 0);
INSERT OR IGNORE INTO wp_term_taxonomy (term_taxonomy_id, term_id, taxonomy, description, parent, count) VALUES (272, 272, 'product_cat', '', 268, 0);
INSERT OR IGNORE INTO wp_terms (term_id, name, slug, term_group) VALUES (268, 'Espadrille Platform Shoes', 'espadrille-platform-shoes', 0);
INSERT OR IGNORE INTO wp_term_taxonomy (term_taxonomy_id, term_id, taxonomy, description, parent, count) VALUES (268, 268, 'product_cat', '', 264, 0);
INSERT OR IGNORE INTO wp_terms (term_id, name, slug, term_group) VALUES (270, 'Espadrille Platform Slides', 'espadrille-platform-slides', 0);
INSERT OR IGNORE INTO wp_term_taxonomy (term_taxonomy_id, term_id, taxonomy, description, parent, count) VALUES (270, 270, 'product_cat', '', 268, 0);
INSERT OR IGNORE INTO wp_terms (term_id, name, slug, term_group) VALUES (269, 'Espadrille Platform Sneakers', 'espadrille-platform-sneakers', 0);
INSERT OR IGNORE INTO wp_term_taxonomy (term_taxonomy_id, term_id, taxonomy, description, parent, count) VALUES (269, 269, 'product_cat', '', 268, 0);
INSERT OR IGNORE INTO wp_terms (term_id, name, slug, term_group) VALUES (271, 'Espadrille Platform Wedges', 'espadrille-platform-wedges', 0);
INSERT OR IGNORE INTO wp_term_taxonomy (term_taxonomy_id, term_id, taxonomy, description, parent, count) VALUES (271, 271, 'product_cat', '', 264, 0);
INSERT OR IGNORE INTO wp_terms (term_id, name, slug, term_group) VALUES (1558, 'Espadrilles', 'espadrilles', 0);
INSERT OR IGNORE INTO wp_term_taxonomy (term_taxonomy_id, term_id, taxonomy, description, parent, count) VALUES (1558, 1558, 'product_cat', '<h2 style="text-align: center">Espadrille Shoes</h2>
Browse through our amazing collection of espadrille shoes and buy online. Find Espadrilles for men &amp; women. Check out <a href="https://shopwice.com/product-category/womens-espadrille-wedges/">espadrille wedges</a>, <a href="https://shopwice.com/product-category/womens-espadrille-sneakers">sneakers,</a> <a href="https://shopwice.com/product-category/womens-espadrille-slippers/">slippers</a> and more for all summer.', 10380, 0);
INSERT OR IGNORE INTO wp_termmeta (term_id, meta_key, meta_value) VALUES (1558, 'thumbnail_id', '71942');
INSERT OR IGNORE INTO wp_terms (term_id, name, slug, term_group) VALUES (135, 'Exercise and Fitness', 'exercise-and-fitness', 0);
INSERT OR IGNORE INTO wp_term_taxonomy (term_taxonomy_id, term_id, taxonomy, description, parent, count) VALUES (135, 135, 'product_cat', '', 132, 1);
INSERT OR IGNORE INTO wp_terms (term_id, name, slug, term_group) VALUES (10573, 'exercise and fitness accessories', 'exercise-and-fitness-accessories', 0);
INSERT OR IGNORE INTO wp_term_taxonomy (term_taxonomy_id, term_id, taxonomy, description, parent, count) VALUES (10573, 10573, 'product_cat', '', 135, 0);
INSERT OR IGNORE INTO wp_terms (term_id, name, slug, term_group) VALUES (43478, 'Expansion Cards', 'expansion-cards', 0);
INSERT OR IGNORE INTO wp_term_taxonomy (term_taxonomy_id, term_id, taxonomy, description, parent, count) VALUES (43478, 43478, 'product_cat', '', 11516, 0);
INSERT OR IGNORE INTO wp_terms (term_id, name, slug, term_group) VALUES (10746, 'External Hard Disks', 'external-hard-disks', 0);
INSERT OR IGNORE INTO wp_term_taxonomy (term_taxonomy_id, term_id, taxonomy, description, parent, count) VALUES (10746, 10746, 'product_cat', '', 128, 8);
INSERT OR IGNORE INTO wp_terms (term_id, name, slug, term_group) VALUES (11592, 'Eye Makeup', 'eye-makeup', 0);
INSERT OR IGNORE INTO wp_term_taxonomy (term_taxonomy_id, term_id, taxonomy, description, parent, count) VALUES (11592, 11592, 'product_cat', '', 144, 0);
INSERT OR IGNORE INTO wp_terms (term_id, name, slug, term_group) VALUES (116, 'Fabric Softener', 'fabric-softener', 0);
INSERT OR IGNORE INTO wp_term_taxonomy (term_taxonomy_id, term_id, taxonomy, description, parent, count) VALUES (116, 116, 'product_cat', '', 117, 0);
INSERT OR IGNORE INTO wp_terms (term_id, name, slug, term_group) VALUES (11580, 'Face Cleansers and Washers', 'face-cleansers-and-washers', 0);
INSERT OR IGNORE INTO wp_term_taxonomy (term_taxonomy_id, term_id, taxonomy, description, parent, count) VALUES (11580, 11580, 'product_cat', '', 55, 0);
INSERT OR IGNORE INTO wp_terms (term_id, name, slug, term_group) VALUES (11591, 'Face Makeup', 'face-makeup', 0);
INSERT OR IGNORE INTO wp_term_taxonomy (term_taxonomy_id, term_id, taxonomy, description, parent, count) VALUES (11591, 11591, 'product_cat', '', 144, 0);
INSERT OR IGNORE INTO wp_terms (term_id, name, slug, term_group) VALUES (11584, 'Face Masks and Exfoliators', 'face-masks-and-exfoliators', 0);
INSERT OR IGNORE INTO wp_term_taxonomy (term_taxonomy_id, term_id, taxonomy, description, parent, count) VALUES (11584, 11584, 'product_cat', '', 55, 0);
INSERT OR IGNORE INTO wp_terms (term_id, name, slug, term_group) VALUES (43512, 'Fashioin Accessories', 'fashioin-accessories', 0);
INSERT OR IGNORE INTO wp_term_taxonomy (term_taxonomy_id, term_id, taxonomy, description, parent, count) VALUES (43512, 43512, 'product_cat', '', 10380, 0);
INSERT OR IGNORE INTO wp_terms (term_id, name, slug, term_group) VALUES (10380, 'Fashion, Shoes, Bags &amp; Apparel', 'fashion', 0);
INSERT OR IGNORE INTO wp_term_taxonomy (term_taxonomy_id, term_id, taxonomy, description, parent, count) VALUES (10380, 10380, 'product_cat', '', 0, 77);
INSERT OR IGNORE INTO wp_termmeta (term_id, meta_key, meta_value) VALUES (10380, 'thumbnail_id', '206828');
INSERT OR IGNORE INTO wp_terms (term_id, name, slug, term_group) VALUES (2144, 'Feeding Mats', 'feeding-mats', 0);
INSERT OR IGNORE INTO wp_term_taxonomy (term_taxonomy_id, term_id, taxonomy, description, parent, count) VALUES (2144, 2144, 'product_cat', '', 15, 0);
INSERT OR IGNORE INTO wp_terms (term_id, name, slug, term_group) VALUES (2134, 'Flea &amp; Tick Collar', 'flea-tick-collar', 0);
INSERT OR IGNORE INTO wp_term_taxonomy (term_taxonomy_id, term_id, taxonomy, description, parent, count) VALUES (2134, 2134, 'product_cat', '', 15, 0);
INSERT OR IGNORE INTO wp_terms (term_id, name, slug, term_group) VALUES (10677, 'Flip Flops', 'flip-flops', 0);
INSERT OR IGNORE INTO wp_term_taxonomy (term_taxonomy_id, term_id, taxonomy, description, parent, count) VALUES (10677, 10677, 'product_cat', '', 10380, 0);
INSERT OR IGNORE INTO wp_terms (term_id, name, slug, term_group) VALUES (10849, 'Food Items', 'food-items', 0);
INSERT OR IGNORE INTO wp_term_taxonomy (term_taxonomy_id, term_id, taxonomy, description, parent, count) VALUES (10849, 10849, 'product_cat', '', 10848, 0);
INSERT OR IGNORE INTO wp_terms (term_id, name, slug, term_group) VALUES (11511, 'Food Processors', 'food-processors', 0);
INSERT OR IGNORE INTO wp_term_taxonomy (term_taxonomy_id, term_id, taxonomy, description, parent, count) VALUES (11511, 11511, 'product_cat', '', 11452, 0);
INSERT OR IGNORE INTO wp_terms (term_id, name, slug, term_group) VALUES (10848, 'Food, Tobacco &amp; Beverages', 'foodtobacco-beverages', 0);
INSERT OR IGNORE INTO wp_term_taxonomy (term_taxonomy_id, term_id, taxonomy, description, parent, count) VALUES (10848, 10848, 'product_cat', '', 45, 1);
INSERT OR IGNORE INTO wp_terms (term_id, name, slug, term_group) VALUES (10847, 'Football Jersey Sets', 'football-jersey-sets', 0);
INSERT OR IGNORE INTO wp_term_taxonomy (term_taxonomy_id, term_id, taxonomy, description, parent, count) VALUES (10847, 10847, 'product_cat', '<h2 style="text-align: center">Football Jersey Sets in  Ghana</h2>', 180, 0);
INSERT OR IGNORE INTO wp_terms (term_id, name, slug, term_group) VALUES (2264, 'Formal &amp; Business Wear', 'formal-business-wear', 0);
INSERT OR IGNORE INTO wp_term_taxonomy (term_taxonomy_id, term_id, taxonomy, description, parent, count) VALUES (2264, 2264, 'product_cat', '', 10678, 5);
INSERT OR IGNORE INTO wp_terms (term_id, name, slug, term_group) VALUES (1916, 'Formal Shoes', 'formal-shoes', 0);
INSERT OR IGNORE INTO wp_term_taxonomy (term_taxonomy_id, term_id, taxonomy, description, parent, count) VALUES (1916, 1916, 'product_cat', '[astra_custom_layout id=190794]', 22, 23);
INSERT OR IGNORE INTO wp_terms (term_id, name, slug, term_group) VALUES (11075, 'Front Load Washing Machines', 'front-load-washing-machines', 0);
INSERT OR IGNORE INTO wp_term_taxonomy (term_taxonomy_id, term_id, taxonomy, description, parent, count) VALUES (11075, 11075, 'product_cat', '', 10859, 0);
INSERT OR IGNORE INTO wp_terms (term_id, name, slug, term_group) VALUES (101, 'Frozen Foods', 'frozen-foods', 0);
INSERT OR IGNORE INTO wp_term_taxonomy (term_taxonomy_id, term_id, taxonomy, description, parent, count) VALUES (101, 101, 'product_cat', '', 45, 0);
INSERT OR IGNORE INTO wp_terms (term_id, name, slug, term_group) VALUES (11074, 'Fully Automatic Washing Machines', 'fully-automatic-washing-machines', 0);
INSERT OR IGNORE INTO wp_term_taxonomy (term_taxonomy_id, term_id, taxonomy, description, parent, count) VALUES (11074, 11074, 'product_cat', '', 10859, 0);
INSERT OR IGNORE INTO wp_terms (term_id, name, slug, term_group) VALUES (2108, 'Furniture-Style Crates', 'furniture-style-crates', 0);
INSERT OR IGNORE INTO wp_term_taxonomy (term_taxonomy_id, term_id, taxonomy, description, parent, count) VALUES (2108, 2108, 'product_cat', '', 15, 0);
INSERT OR IGNORE INTO wp_terms (term_id, name, slug, term_group) VALUES (4203, 'Furnitures', 'furniture', 0);
INSERT OR IGNORE INTO wp_term_taxonomy (term_taxonomy_id, term_id, taxonomy, description, parent, count) VALUES (4203, 4203, 'product_cat', '', 59, 1);
INSERT OR IGNORE INTO wp_terms (term_id, name, slug, term_group) VALUES (11687, 'Galaxy Buds3 Series', 'galaxy-buds3-series', 0);
INSERT OR IGNORE INTO wp_term_taxonomy (term_taxonomy_id, term_id, taxonomy, description, parent, count) VALUES (11687, 11687, 'product_cat', '', 10798, 1);
INSERT OR IGNORE INTO wp_terms (term_id, name, slug, term_group) VALUES (11398, 'Galaxy Tab A', 'galaxy-tab-a', 0);
INSERT OR IGNORE INTO wp_term_taxonomy (term_taxonomy_id, term_id, taxonomy, description, parent, count) VALUES (11398, 11398, 'product_cat', '', 10456, 0);
INSERT OR IGNORE INTO wp_terms (term_id, name, slug, term_group) VALUES (11399, 'Galaxy Tab Accessories', 'galaxy-tab-accessories', 0);
INSERT OR IGNORE INTO wp_term_taxonomy (term_taxonomy_id, term_id, taxonomy, description, parent, count) VALUES (11399, 11399, 'product_cat', '', 10456, 0);
INSERT OR IGNORE INTO wp_terms (term_id, name, slug, term_group) VALUES (11397, 'Galaxy Tab S', 'galaxy-tab-s', 0);
INSERT OR IGNORE INTO wp_term_taxonomy (term_taxonomy_id, term_id, taxonomy, description, parent, count) VALUES (11397, 11397, 'product_cat', '', 10456, 1);
INSERT OR IGNORE INTO wp_terms (term_id, name, slug, term_group) VALUES (4893, 'Games toys', 'games-toys-and-games', 0);
INSERT OR IGNORE INTO wp_term_taxonomy (term_taxonomy_id, term_id, taxonomy, description, parent, count) VALUES (4893, 4893, 'product_cat', '', 151, 1);
INSERT OR IGNORE INTO wp_terms (term_id, name, slug, term_group) VALUES (4894, 'Games|Scrable Games', 'gamesscrable-games', 0);
INSERT OR IGNORE INTO wp_term_taxonomy (term_taxonomy_id, term_id, taxonomy, description, parent, count) VALUES (4894, 4894, 'product_cat', '', 151, 0);
INSERT OR IGNORE INTO wp_terms (term_id, name, slug, term_group) VALUES (43489, 'Gaming &amp; Digital Entertainment', 'gaming-digital-entertainment', 0);
INSERT OR IGNORE INTO wp_term_taxonomy (term_taxonomy_id, term_id, taxonomy, description, parent, count) VALUES (43489, 43489, 'product_cat', '', 43486, 0);
INSERT OR IGNORE INTO wp_terms (term_id, name, slug, term_group) VALUES (169, 'Gaming Accessories', 'gaming-accessories', 0);
INSERT OR IGNORE INTO wp_term_taxonomy (term_taxonomy_id, term_id, taxonomy, description, parent, count) VALUES (169, 169, 'product_cat', 'Get a prompt delivery of Gaming accessories online at Shopwice. Shop for authentic <a href="https://shopwice.com/product-category/controllers-and-gamepads/">controller pads</a>, keyboards, mouse, and more at the best prices at Shopwice.', 152, 37);
INSERT OR IGNORE INTO wp_terms (term_id, name, slug, term_group) VALUES (10690, 'Gaming Chairs', 'gaming-chairs', 0);
INSERT OR IGNORE INTO wp_term_taxonomy (term_taxonomy_id, term_id, taxonomy, description, parent, count) VALUES (10690, 10690, 'product_cat', '', 169, 0);
INSERT OR IGNORE INTO wp_terms (term_id, name, slug, term_group) VALUES (11513, 'Gaming Consoles', 'gaming-consoles', 0);
INSERT OR IGNORE INTO wp_term_taxonomy (term_taxonomy_id, term_id, taxonomy, description, parent, count) VALUES (11513, 11513, 'product_cat', 'Discover the best <a href="/product-category/gaming-consoles/">Gaming Consoles</a> at Shopwice! Whether you’re looking for the latest <a href="https://shopwice.com/product/sony-playstation-ps5-pro-console-2tb/">PlayStation 5 Pro</a> or the powerful <a href="https://shopwice.com/product-category/xbox-consoles/">Xbox Series X</a>, we’ve got you covered. Browse our list of gaming platforms and buy online.', 152, 8);
INSERT OR IGNORE INTO wp_terms (term_id, name, slug, term_group) VALUES (10692, 'Gaming keyboards and Mice', 'gaming-keyboards-and-mice', 0);
INSERT OR IGNORE INTO wp_term_taxonomy (term_taxonomy_id, term_id, taxonomy, description, parent, count) VALUES (10692, 10692, 'product_cat', '', 169, 0);
INSERT OR IGNORE INTO wp_terms (term_id, name, slug, term_group) VALUES (10902, 'Gaming Laptop', 'gaming-laptop', 0);
INSERT OR IGNORE INTO wp_term_taxonomy (term_taxonomy_id, term_id, taxonomy, description, parent, count) VALUES (10902, 10902, 'product_cat', '', 10481, 4);
INSERT OR IGNORE INTO wp_terms (term_id, name, slug, term_group) VALUES (11567, 'Gaming TVs', 'gaming-tvs', 0);
INSERT OR IGNORE INTO wp_term_taxonomy (term_taxonomy_id, term_id, taxonomy, description, parent, count) VALUES (11567, 11567, 'product_cat', '', 10754, 0);
INSERT OR IGNORE INTO wp_terms (term_id, name, slug, term_group) VALUES (43507, 'Garment Bags', 'garment-bags', 0);
INSERT OR IGNORE INTO wp_term_taxonomy (term_taxonomy_id, term_id, taxonomy, description, parent, count) VALUES (43507, 43507, 'product_cat', '', 32, 0);
INSERT OR IGNORE INTO wp_termmeta (term_id, meta_key, meta_value) VALUES (43507, 'thumbnail_id', '206912');
INSERT OR IGNORE INTO wp_terms (term_id, name, slug, term_group) VALUES (139, 'Gas cooker', 'gas-cooker', 0);
INSERT OR IGNORE INTO wp_term_taxonomy (term_taxonomy_id, term_id, taxonomy, description, parent, count) VALUES (139, 139, 'product_cat', '', 59, 34);
INSERT OR IGNORE INTO wp_terms (term_id, name, slug, term_group) VALUES (10634, 'Gas Stove and Burners', 'gas-stove-and-burners', 0);
INSERT OR IGNORE INTO wp_term_taxonomy (term_taxonomy_id, term_id, taxonomy, description, parent, count) VALUES (10634, 10634, 'product_cat', '', 10633, 34);
INSERT OR IGNORE INTO wp_terms (term_id, name, slug, term_group) VALUES (2131, 'Gates &amp; Doorways', 'gates-doorways', 0);
INSERT OR IGNORE INTO wp_term_taxonomy (term_taxonomy_id, term_id, taxonomy, description, parent, count) VALUES (2131, 2131, 'product_cat', '', 15, 0);
INSERT OR IGNORE INTO wp_terms (term_id, name, slug, term_group) VALUES (43324, 'Generators', 'generators', 0);
INSERT OR IGNORE INTO wp_term_taxonomy (term_taxonomy_id, term_id, taxonomy, description, parent, count) VALUES (43324, 43324, 'product_cat', '', 43323, 0);
INSERT OR IGNORE INTO wp_terms (term_id, name, slug, term_group) VALUES (11577, 'Gift Sets', 'gift-sets', 0);
INSERT OR IGNORE INTO wp_term_taxonomy (term_taxonomy_id, term_id, taxonomy, description, parent, count) VALUES (11577, 11577, 'product_cat', '', 146, 12);
INSERT OR IGNORE INTO wp_terms (term_id, name, slug, term_group) VALUES (10792, 'Google Bluetooth Speakers', 'google-bluetooth-speakers', 0);
INSERT OR IGNORE INTO wp_term_taxonomy (term_taxonomy_id, term_id, taxonomy, description, parent, count) VALUES (10792, 10792, 'product_cat', '<h2 style="text-align: center">Google Bluetooth Speakers in Ghana</h2>', 121, 0);
INSERT OR IGNORE INTO wp_terms (term_id, name, slug, term_group) VALUES (10803, 'Google Earbuds', 'google-earbuds', 0);
INSERT OR IGNORE INTO wp_term_taxonomy (term_taxonomy_id, term_id, taxonomy, description, parent, count) VALUES (10803, 10803, 'product_cat', '<h2 style="text-align: center">Google Earbuds in Ghana</h2>', 10488, 0);
INSERT OR IGNORE INTO wp_terms (term_id, name, slug, term_group) VALUES (11641, 'Google Pixel Mobile Phones', 'google-pixel-mobile-phones', 0);
INSERT OR IGNORE INTO wp_term_taxonomy (term_taxonomy_id, term_id, taxonomy, description, parent, count) VALUES (11641, 11641, 'product_cat', 'Upgrade your smartphone to the only mobile engineered by Google. Explore our Google Pixel Mobile Phones, from the Pixel XL to the latest Pixel 9 series. Whether you want a new or renewed one, shop now and get prompt delivery.', 10442, 9);
INSERT OR IGNORE INTO wp_terms (term_id, name, slug, term_group) VALUES (1849, 'Grains', 'grains', 0);
INSERT OR IGNORE INTO wp_term_taxonomy (term_taxonomy_id, term_id, taxonomy, description, parent, count) VALUES (1849, 1849, 'product_cat', '', 45, 0);
INSERT OR IGNORE INTO wp_terms (term_id, name, slug, term_group) VALUES (43473, 'Graphics Cards (GPU)', 'graphics-cards-gpu', 0);
INSERT OR IGNORE INTO wp_term_taxonomy (term_taxonomy_id, term_id, taxonomy, description, parent, count) VALUES (43473, 43473, 'product_cat', '', 11516, 0);
INSERT OR IGNORE INTO wp_terms (term_id, name, slug, term_group) VALUES (45, 'Grocery', 'grocery', 0);
INSERT OR IGNORE INTO wp_term_taxonomy (term_taxonomy_id, term_id, taxonomy, description, parent, count) VALUES (45, 45, 'product_cat', '



Groceries Online In Ghana







Do you need to get some daily use items for yourself and your family? Discover groceries in Ghana on Rostilupt. We offer you a wide variety of products ranging from non-perishable food, cereals, baby food and milk, home items, cleaning supplies, gift items, and much more online that will take care of your needs and that of your family. Explore and add cleaning supplies, drinks to your shopping cart all at affordable prices. We ensure you get the best quality items as the no. 1 online retail shop. We want to make life easier for you as you shop for your groceries online quickly, faster and convenient from various brands.
Fill Your Cart With Online Supermarket Grocery
You can start filling your cart with groceries with just a click from the comfort of your home or office and get them delivered to your doorstep. Get all the necessary items you need from your groceries lists for the weekend, all through the week or throughout the month for yourself, family and friends as we are always there to provide you with all you need. Our groceries section features great selection for you to fill your fridge, pantry, mini bar, laundry room and there is more groceries in Ghana to get from Rostilupt. Whether you are shopping online, you can get everything like scrub sponges, air freshener to household cleaning supplies while you get the best prices you deserve.
Groceries Items Available in Rostilupt Online Supermarket

 	Household Supplies
 	Household Cleaning Supplies
 	Beverages
 	Toiletries
 	Wine
 	Baby Food
 	Frozen Meats
 	Candy and Chocolate
 	Freshly Baked Bread
 	Slimming Tea
 	Green Tea
 	Coffee


', 0, 1);
INSERT OR IGNORE INTO wp_terms (term_id, name, slug, term_group) VALUES (11552, 'Guitar &amp; Instrument Microphones', 'guitar-instrument-microphones', 0);
INSERT OR IGNORE INTO wp_term_taxonomy (term_taxonomy_id, term_id, taxonomy, description, parent, count) VALUES (11552, 11552, 'product_cat', '', 11538, 1);
INSERT OR IGNORE INTO wp_terms (term_id, name, slug, term_group) VALUES (1622, 'Gym Shoes', 'gym-shoes', 0);
INSERT OR IGNORE INTO wp_term_taxonomy (term_taxonomy_id, term_id, taxonomy, description, parent, count) VALUES (1622, 1622, 'product_cat', '', 27, 0);
INSERT OR IGNORE INTO wp_terms (term_id, name, slug, term_group) VALUES (2095, 'Hair Accessories', 'hair-accessories', 0);
INSERT OR IGNORE INTO wp_term_taxonomy (term_taxonomy_id, term_id, taxonomy, description, parent, count) VALUES (2095, 2095, 'product_cat', '', 103, 0);
INSERT OR IGNORE INTO wp_terms (term_id, name, slug, term_group) VALUES (103, 'Hair Care', 'hair-care', 0);
INSERT OR IGNORE INTO wp_term_taxonomy (term_taxonomy_id, term_id, taxonomy, description, parent, count) VALUES (103, 103, 'product_cat', '', 53, 3);
INSERT OR IGNORE INTO wp_terms (term_id, name, slug, term_group) VALUES (142, 'Hair Dryers', 'hair-dryers', 0);
INSERT OR IGNORE INTO wp_term_taxonomy (term_taxonomy_id, term_id, taxonomy, description, parent, count) VALUES (142, 142, 'product_cat', '', 103, 3);
INSERT OR IGNORE INTO wp_terms (term_id, name, slug, term_group) VALUES (11589, 'Hair Styling Products', 'hair-styling-products', 0);
INSERT OR IGNORE INTO wp_term_taxonomy (term_taxonomy_id, term_id, taxonomy, description, parent, count) VALUES (11589, 11589, 'product_cat', '', 103, 0);
INSERT OR IGNORE INTO wp_terms (term_id, name, slug, term_group) VALUES (11590, 'Hair Styling Tools', 'hair-styling-tools', 0);
INSERT OR IGNORE INTO wp_term_taxonomy (term_taxonomy_id, term_id, taxonomy, description, parent, count) VALUES (11590, 11590, 'product_cat', '', 103, 0);
INSERT OR IGNORE INTO wp_terms (term_id, name, slug, term_group) VALUES (11588, 'Hair Treatment and Oils', 'hair-treatment-and-oils', 0);
INSERT OR IGNORE INTO wp_term_taxonomy (term_taxonomy_id, term_id, taxonomy, description, parent, count) VALUES (11588, 11588, 'product_cat', '', 103, 0);
INSERT OR IGNORE INTO wp_terms (term_id, name, slug, term_group) VALUES (140, 'Hair trimmer', 'hair-trimmer', 0);
INSERT OR IGNORE INTO wp_term_taxonomy (term_taxonomy_id, term_id, taxonomy, description, parent, count) VALUES (140, 140, 'product_cat', '', 103, 0);
INSERT OR IGNORE INTO wp_terms (term_id, name, slug, term_group) VALUES (217, 'Half Shoe', 'half-shoe', 0);
INSERT OR IGNORE INTO wp_term_taxonomy (term_taxonomy_id, term_id, taxonomy, description, parent, count) VALUES (217, 217, 'product_cat', '', 10380, 0);
INSERT OR IGNORE INTO wp_terms (term_id, name, slug, term_group) VALUES (11599, 'Hand and Foot Care', 'hand-and-foot-care', 0);
INSERT OR IGNORE INTO wp_term_taxonomy (term_taxonomy_id, term_id, taxonomy, description, parent, count) VALUES (11599, 11599, 'product_cat', '', 11578, 0);
INSERT OR IGNORE INTO wp_terms (term_id, name, slug, term_group) VALUES (113, 'Handbags &amp; Purses', 'handbags', 0);
INSERT OR IGNORE INTO wp_term_taxonomy (term_taxonomy_id, term_id, taxonomy, description, parent, count) VALUES (113, 113, 'product_cat', '', 31, 0);
INSERT OR IGNORE INTO wp_termmeta (term_id, meta_key, meta_value) VALUES (113, 'thumbnail_id', '206894');
INSERT OR IGNORE INTO wp_terms (term_id, name, slug, term_group) VALUES (11540, 'Handheld Wireless Mics', 'handheld-wireless-mics', 0);
INSERT OR IGNORE INTO wp_term_taxonomy (term_taxonomy_id, term_id, taxonomy, description, parent, count) VALUES (11540, 11540, 'product_cat', '', 11535, 0);
INSERT OR IGNORE INTO wp_terms (term_id, name, slug, term_group) VALUES (43514, 'Hats, Caps &amp; Headgears', 'hats-caps-headgears', 0);
INSERT OR IGNORE INTO wp_term_taxonomy (term_taxonomy_id, term_id, taxonomy, description, parent, count) VALUES (43514, 43514, 'product_cat', '', 43512, 0);
INSERT OR IGNORE INTO wp_terms (term_id, name, slug, term_group) VALUES (11532, 'Headphone Cases', 'headphone-cases', 0);
INSERT OR IGNORE INTO wp_term_taxonomy (term_taxonomy_id, term_id, taxonomy, description, parent, count) VALUES (11532, 11532, 'product_cat', '', 11530, 0);
INSERT OR IGNORE INTO wp_terms (term_id, name, slug, term_group) VALUES (11528, 'Headphone Stands &amp; Holders', 'headphone-stands-holders', 0);
INSERT OR IGNORE INTO wp_term_taxonomy (term_taxonomy_id, term_id, taxonomy, description, parent, count) VALUES (11528, 11528, 'product_cat', '', 11521, 0);
INSERT OR IGNORE INTO wp_terms (term_id, name, slug, term_group) VALUES (177, 'Headphones', 'headphones', 0);
INSERT OR IGNORE INTO wp_term_taxonomy (term_taxonomy_id, term_id, taxonomy, description, parent, count) VALUES (177, 177, 'product_cat', '<h2 style="text-align: center">Over-ear and on-ear Bluetooth headphones</h2>
Explore <strong>Over-Ear and On-Ear Bluetooth headphones</strong> at <strong>Shopwice Ghana</strong>. We offer an unparalleled collection from top brands, including JBL Tunes, Oraimo, Beats, Sony, Harman Kardon, and many more. Immerse yourself in powerful bass, advanced active noise cancellation, and innovative bone conduction technology. Select from our extensive selection and purchase your ideal headphones online today!', 10487, 66);
INSERT OR IGNORE INTO wp_terms (term_id, name, slug, term_group) VALUES (11542, 'Headset Microphones', 'headset-microphones', 0);
INSERT OR IGNORE INTO wp_term_taxonomy (term_taxonomy_id, term_id, taxonomy, description, parent, count) VALUES (11542, 11542, 'product_cat', '', 11535, 0);
INSERT OR IGNORE INTO wp_terms (term_id, name, slug, term_group) VALUES (178, 'Headsets', 'headsets', 0);
INSERT OR IGNORE INTO wp_term_taxonomy (term_taxonomy_id, term_id, taxonomy, description, parent, count) VALUES (178, 178, 'product_cat', '', 1870, 7);
INSERT OR IGNORE INTO wp_terms (term_id, name, slug, term_group) VALUES (52, 'Health and Beauty', 'health-and-beauty', 0);
INSERT OR IGNORE INTO wp_term_taxonomy (term_taxonomy_id, term_id, taxonomy, description, parent, count) VALUES (52, 52, 'product_cat', '', 0, 392);
INSERT OR IGNORE INTO wp_termmeta (term_id, meta_key, meta_value) VALUES (52, 'thumbnail_id', '206829');
INSERT OR IGNORE INTO wp_terms (term_id, name, slug, term_group) VALUES (208, 'Heaters', 'heaters', 0);
INSERT OR IGNORE INTO wp_term_taxonomy (term_taxonomy_id, term_id, taxonomy, description, parent, count) VALUES (208, 208, 'product_cat', '', 15, 0);
INSERT OR IGNORE INTO wp_terms (term_id, name, slug, term_group) VALUES (275, 'Heels', 'heels', 0);
INSERT OR IGNORE INTO wp_term_taxonomy (term_taxonomy_id, term_id, taxonomy, description, parent, count) VALUES (275, 275, 'product_cat', '', 42, 0);
INSERT OR IGNORE INTO wp_terms (term_id, name, slug, term_group) VALUES (11432, 'Herbal Supplements', 'herbal-supplements', 0);
INSERT OR IGNORE INTO wp_term_taxonomy (term_taxonomy_id, term_id, taxonomy, description, parent, count) VALUES (11432, 11432, 'product_cat', '', 11431, 7);
INSERT OR IGNORE INTO wp_terms (term_id, name, slug, term_group) VALUES (1085, 'Hiking Sneakers', 'hiking-sneakers', 0);
INSERT OR IGNORE INTO wp_term_taxonomy (term_taxonomy_id, term_id, taxonomy, description, parent, count) VALUES (1085, 1085, 'product_cat', '', 27, 0);
INSERT OR IGNORE INTO wp_terms (term_id, name, slug, term_group) VALUES (1079, 'Hippie Owl Sandals', 'hippie-owl-sandals', 0);
INSERT OR IGNORE INTO wp_term_taxonomy (term_taxonomy_id, term_id, taxonomy, description, parent, count) VALUES (1079, 1079, 'product_cat', '', 196, 0);
INSERT OR IGNORE INTO wp_terms (term_id, name, slug, term_group) VALUES (11753, 'Hobbie &amp; Creative Arts', 'hobbie-creative-arts', 0);
INSERT OR IGNORE INTO wp_term_taxonomy (term_taxonomy_id, term_id, taxonomy, description, parent, count) VALUES (11753, 11753, 'product_cat', '', 11752, 8);
INSERT OR IGNORE INTO wp_terms (term_id, name, slug, term_group) VALUES (43496, 'Hobo Bags', 'hobo-bags', 0);
INSERT OR IGNORE INTO wp_term_taxonomy (term_taxonomy_id, term_id, taxonomy, description, parent, count) VALUES (43496, 43496, 'product_cat', '', 113, 0);
INSERT OR IGNORE INTO wp_termmeta (term_id, meta_key, meta_value) VALUES (43496, 'thumbnail_id', '206901');
INSERT OR IGNORE INTO wp_terms (term_id, name, slug, term_group) VALUES (59, 'Home and Kitchen', 'home-and-kitchen', 0);
INSERT OR IGNORE INTO wp_term_taxonomy (term_taxonomy_id, term_id, taxonomy, description, parent, count) VALUES (59, 59, 'product_cat', '', 202, 128);
INSERT OR IGNORE INTO wp_terms (term_id, name, slug, term_group) VALUES (202, 'Home Appliances', 'home-appliances', 0);
INSERT OR IGNORE INTO wp_term_taxonomy (term_taxonomy_id, term_id, taxonomy, description, parent, count) VALUES (202, 202, 'product_cat', '<h2 style="text-align: center">Home Appliances Store in Ghana</h2>
Discover greater deals on Home Appliances for your home in Ghana at Shopwice. Shop a wide range of essential items, including rice cookers, blenders, kettles, ovens, freezers, televisions, washing machines, irons, and more, all at the best prices. Shopwice is your trusted online home appliances store for quality and convenience, and reliable delivery across Accra
<p style="text-align: center"></p>', 0, 462);
INSERT OR IGNORE INTO wp_terms (term_id, name, slug, term_group) VALUES (10851, 'Home Decor', 'home-decor', 0);
INSERT OR IGNORE INTO wp_term_taxonomy (term_taxonomy_id, term_id, taxonomy, description, parent, count) VALUES (10851, 10851, 'product_cat', '', 59, 1);
INSERT OR IGNORE INTO wp_terms (term_id, name, slug, term_group) VALUES (83, 'Home Fragrance', 'home-fragrance', 0);
INSERT OR IGNORE INTO wp_term_taxonomy (term_taxonomy_id, term_id, taxonomy, description, parent, count) VALUES (83, 83, 'product_cat', '', 4203, 1);
INSERT OR IGNORE INTO wp_terms (term_id, name, slug, term_group) VALUES (176, 'Home Theatres', 'home-theatres', 0);
INSERT OR IGNORE INTO wp_term_taxonomy (term_taxonomy_id, term_id, taxonomy, description, parent, count) VALUES (176, 176, 'product_cat', '[block id="home-theatres-tops"]', 10487, 11);
INSERT OR IGNORE INTO wp_terms (term_id, name, slug, term_group) VALUES (10828, 'Homii Tablets', 'homii-tablets', 0);
INSERT OR IGNORE INTO wp_term_taxonomy (term_taxonomy_id, term_id, taxonomy, description, parent, count) VALUES (10828, 10828, 'product_cat', '<h2 style="text-align: center">Homii Tablets in Ghana</h2>
Explore Shopwice''s collection of Homii kids learning tablets and buy online.', 10760, 1);
INSERT OR IGNORE INTO wp_terms (term_id, name, slug, term_group) VALUES (78, 'Hoodies &amp; Sweatshirts', 'hoodies-sweatshirts', 0);
INSERT OR IGNORE INTO wp_term_taxonomy (term_taxonomy_id, term_id, taxonomy, description, parent, count) VALUES (78, 78, 'product_cat', 'Explore hoodies and sweatshirts that take you effortlessly from Spring into Summer. Shop our stunning collections and find the perfect style fit for you.', 76, 0);
INSERT OR IGNORE INTO wp_terms (term_id, name, slug, term_group) VALUES (231, 'Horsebit Loafers', 'horsebit-loafers', 0);
INSERT OR IGNORE INTO wp_term_taxonomy (term_taxonomy_id, term_id, taxonomy, description, parent, count) VALUES (231, 231, 'product_cat', '', 47, 1);
INSERT OR IGNORE INTO wp_terms (term_id, name, slug, term_group) VALUES (154, 'Household Fans', 'household-fans', 0);
INSERT OR IGNORE INTO wp_term_taxonomy (term_taxonomy_id, term_id, taxonomy, description, parent, count) VALUES (154, 154, 'product_cat', '', 209, 88);
INSERT OR IGNORE INTO wp_terms (term_id, name, slug, term_group) VALUES (117, 'Household Supplies', 'household-supplies', 0);
INSERT OR IGNORE INTO wp_term_taxonomy (term_taxonomy_id, term_id, taxonomy, description, parent, count) VALUES (117, 117, 'product_cat', '', 59, 18);
INSERT OR IGNORE INTO wp_terms (term_id, name, slug, term_group) VALUES (10485, 'HP Chromebooks', 'hp-chromebooks', 0);
INSERT OR IGNORE INTO wp_term_taxonomy (term_taxonomy_id, term_id, taxonomy, description, parent, count) VALUES (10485, 10485, 'product_cat', '<h2 style="text-align: center">HP Chromebooks in Ghana</h2>', 10482, 1);
INSERT OR IGNORE INTO wp_terms (term_id, name, slug, term_group) VALUES (10903, 'Hp Laptops', 'hp-laptops', 0);
INSERT OR IGNORE INTO wp_term_taxonomy (term_taxonomy_id, term_id, taxonomy, description, parent, count) VALUES (10903, 10903, 'product_cat', '<h2 style="text-align: center">HP Laptops in Ghana</h2>', 10481, 16);
INSERT OR IGNORE INTO wp_terms (term_id, name, slug, term_group) VALUES (11453, 'Huawei Mobile Phones', 'huawei-mobile-phones', 0);
INSERT OR IGNORE INTO wp_term_taxonomy (term_taxonomy_id, term_id, taxonomy, description, parent, count) VALUES (11453, 11453, 'product_cat', '', 10449, 0);
INSERT OR IGNORE INTO wp_terms (term_id, name, slug, term_group) VALUES (10627, 'Huawei Smartphones', 'huawei-smartphones', 0);
INSERT OR IGNORE INTO wp_term_taxonomy (term_taxonomy_id, term_id, taxonomy, description, parent, count) VALUES (10627, 10627, 'product_cat', '', 10442, 4);
INSERT OR IGNORE INTO wp_terms (term_id, name, slug, term_group) VALUES (10458, 'Huawei Tablets', 'huawei-tablets', 0);
INSERT OR IGNORE INTO wp_term_taxonomy (term_taxonomy_id, term_id, taxonomy, description, parent, count) VALUES (10458, 10458, 'product_cat', '', 10452, 0);
INSERT OR IGNORE INTO wp_terms (term_id, name, slug, term_group) VALUES (11047, 'Humidifiers', 'humidifiers', 0);
INSERT OR IGNORE INTO wp_term_taxonomy (term_taxonomy_id, term_id, taxonomy, description, parent, count) VALUES (11047, 11047, 'product_cat', '', 209, 0);
INSERT OR IGNORE INTO wp_terms (term_id, name, slug, term_group) VALUES (10727, 'Icona Ceiling Fans', 'icona-ceiling-fans', 0);
INSERT OR IGNORE INTO wp_term_taxonomy (term_taxonomy_id, term_id, taxonomy, description, parent, count) VALUES (10727, 10727, 'product_cat', '', 10644, 0);
INSERT OR IGNORE INTO wp_terms (term_id, name, slug, term_group) VALUES (10732, 'Icona Freezers', 'icona-freezers', 0);
INSERT OR IGNORE INTO wp_term_taxonomy (term_taxonomy_id, term_id, taxonomy, description, parent, count) VALUES (10732, 10732, 'product_cat', '', 10649, 0);
INSERT OR IGNORE INTO wp_terms (term_id, name, slug, term_group) VALUES (10731, 'Icona Fridges', 'icona-fridges', 0);
INSERT OR IGNORE INTO wp_term_taxonomy (term_taxonomy_id, term_id, taxonomy, description, parent, count) VALUES (10731, 10731, 'product_cat', '', 10649, 0);
INSERT OR IGNORE INTO wp_terms (term_id, name, slug, term_group) VALUES (10728, 'Icona Gas Cookers', 'icona-gas-cookers', 0);
INSERT OR IGNORE INTO wp_term_taxonomy (term_taxonomy_id, term_id, taxonomy, description, parent, count) VALUES (10728, 10728, 'product_cat', '', 139, 0);
INSERT OR IGNORE INTO wp_terms (term_id, name, slug, term_group) VALUES (10725, 'Icona Irons', 'icona-iron', 0);
INSERT OR IGNORE INTO wp_term_taxonomy (term_taxonomy_id, term_id, taxonomy, description, parent, count) VALUES (10725, 10725, 'product_cat', '', 138, 0);
INSERT OR IGNORE INTO wp_terms (term_id, name, slug, term_group) VALUES (10730, 'Icona Microwave Ovens', 'icona-microwave-ovens', 0);
INSERT OR IGNORE INTO wp_term_taxonomy (term_taxonomy_id, term_id, taxonomy, description, parent, count) VALUES (10730, 10730, 'product_cat', '', 10650, 0);
INSERT OR IGNORE INTO wp_terms (term_id, name, slug, term_group) VALUES (10724, 'Icona Rice Cookers', 'icona-rice-cookers', 0);
INSERT OR IGNORE INTO wp_term_taxonomy (term_taxonomy_id, term_id, taxonomy, description, parent, count) VALUES (10724, 10724, 'product_cat', '', 84, 0);
INSERT OR IGNORE INTO wp_terms (term_id, name, slug, term_group) VALUES (10726, 'Icona Standing Fans', 'icona-standing-fan', 0);
INSERT OR IGNORE INTO wp_term_taxonomy (term_taxonomy_id, term_id, taxonomy, description, parent, count) VALUES (10726, 10726, 'product_cat', '', 10647, 0);
INSERT OR IGNORE INTO wp_terms (term_id, name, slug, term_group) VALUES (10729, 'Icona Wall Fans', 'icona-wall-fans', 0);
INSERT OR IGNORE INTO wp_term_taxonomy (term_taxonomy_id, term_id, taxonomy, description, parent, count) VALUES (10729, 10729, 'product_cat', '', 158, 0);
INSERT OR IGNORE INTO wp_terms (term_id, name, slug, term_group) VALUES (2122, 'ID Tags &amp; Collar Accessories', 'id-tags-collar-accessories', 0);
INSERT OR IGNORE INTO wp_term_taxonomy (term_taxonomy_id, term_id, taxonomy, description, parent, count) VALUES (2122, 2122, 'product_cat', '', 15, 0);
INSERT OR IGNORE INTO wp_terms (term_id, name, slug, term_group) VALUES (11072, 'Idino Tablets', 'idino-tablets', 0);
INSERT OR IGNORE INTO wp_term_taxonomy (term_taxonomy_id, term_id, taxonomy, description, parent, count) VALUES (11072, 11072, 'product_cat', '', 10760, 2);
INSERT OR IGNORE INTO wp_terms (term_id, name, slug, term_group) VALUES (10915, 'Infinix Hot Series', 'infinix-hot-series', 0);
INSERT OR IGNORE INTO wp_term_taxonomy (term_taxonomy_id, term_id, taxonomy, description, parent, count) VALUES (10915, 10915, 'product_cat', '', 10624, 7);
INSERT OR IGNORE INTO wp_terms (term_id, name, slug, term_group) VALUES (10624, 'Infinix Mobile Phones', 'infinix-mobile-phones', 0);
INSERT OR IGNORE INTO wp_term_taxonomy (term_taxonomy_id, term_id, taxonomy, description, parent, count) VALUES (10624, 10624, 'product_cat', '<h2 style="text-align: center"><span style="font-size: 75%">Shop Infinix Mobile Phones in Ghana</span></h2>
<p style="text-align: center">[block id="infinix-phones-top"]</p>
<p style="text-align: left"></p>', 10442, 8);
INSERT OR IGNORE INTO wp_terms (term_id, name, slug, term_group) VALUES (10916, 'Infinix Note Series', 'infinix-note-series', 0);
INSERT OR IGNORE INTO wp_term_taxonomy (term_taxonomy_id, term_id, taxonomy, description, parent, count) VALUES (10916, 10916, 'product_cat', '', 10624, 1);
INSERT OR IGNORE INTO wp_terms (term_id, name, slug, term_group) VALUES (10913, 'Infinix Smart Series', 'infinix-smart-series', 0);
INSERT OR IGNORE INTO wp_term_taxonomy (term_taxonomy_id, term_id, taxonomy, description, parent, count) VALUES (10913, 10913, 'product_cat', '<h2 style="text-align: center">Infinix Smart Series in Ghana</h2>
Explore and shop the latest Infinix Smart Series phones in Ghana. From the smart 1 to the latest smart 8 plus and the HD.', 10624, 0);
INSERT OR IGNORE INTO wp_terms (term_id, name, slug, term_group) VALUES (10894, 'Infinix Smartphones', 'infinix-smartphones', 0);
INSERT OR IGNORE INTO wp_term_taxonomy (term_taxonomy_id, term_id, taxonomy, description, parent, count) VALUES (10894, 10894, 'product_cat', '', 10442, 7);
INSERT OR IGNORE INTO wp_terms (term_id, name, slug, term_group) VALUES (11739, 'Infinix Tablets', 'infinix-tablets', 0);
INSERT OR IGNORE INTO wp_term_taxonomy (term_taxonomy_id, term_id, taxonomy, description, parent, count) VALUES (11739, 11739, 'product_cat', '', 1869, 3);
INSERT OR IGNORE INTO wp_terms (term_id, name, slug, term_group) VALUES (10914, 'Infinix Zero Series', 'infinix-zero-series', 0);
INSERT OR IGNORE INTO wp_term_taxonomy (term_taxonomy_id, term_id, taxonomy, description, parent, count) VALUES (10914, 10914, 'product_cat', '', 10624, 0);
INSERT OR IGNORE INTO wp_terms (term_id, name, slug, term_group) VALUES (43464, 'Ink Cartridges', 'ink-cartridges', 0);
INSERT OR IGNORE INTO wp_term_taxonomy (term_taxonomy_id, term_id, taxonomy, description, parent, count) VALUES (43464, 43464, 'product_cat', '', 43463, 0);
INSERT OR IGNORE INTO wp_terms (term_id, name, slug, term_group) VALUES (11538, 'Instrument and Performance Microphones', 'instrument-and-performance-microphones', 0);
INSERT OR IGNORE INTO wp_term_taxonomy (term_taxonomy_id, term_id, taxonomy, description, parent, count) VALUES (11538, 11538, 'product_cat', '', 11534, 1);
INSERT OR IGNORE INTO wp_terms (term_id, name, slug, term_group) VALUES (10455, 'iPads', 'ipads', 0);
INSERT OR IGNORE INTO wp_term_taxonomy (term_taxonomy_id, term_id, taxonomy, description, parent, count) VALUES (10455, 10455, 'product_cat', '', 10452, 1);
INSERT OR IGNORE INTO wp_terms (term_id, name, slug, term_group) VALUES (10447, 'iPhones', 'iphones', 0);
INSERT OR IGNORE INTO wp_term_taxonomy (term_taxonomy_id, term_id, taxonomy, description, parent, count) VALUES (10447, 10447, 'product_cat', '<h2 style="text-align: center">Apple iPhones in Ghana</h2>
Explore Shopwice''s latest collection of Apple iPhones online in Ghana. Check new models like the iPhone 15, 15 plus, 15 Pro Max, 14, 14 Pro Max, and more.', 10442, 62);
INSERT OR IGNORE INTO wp_terms (term_id, name, slug, term_group) VALUES (138, 'irons', 'irons', 0);
INSERT OR IGNORE INTO wp_term_taxonomy (term_taxonomy_id, term_id, taxonomy, description, parent, count) VALUES (138, 138, 'product_cat', '<h2 style="text-align: center">Steam and Dry Irons in Ghana</h2>
Explore and shop from the best brands of steam and dry irons at  Shopwice', 117, 12);
INSERT OR IGNORE INTO wp_terms (term_id, name, slug, term_group) VALUES (159, 'Irons and Steamers', 'irons-and-steamers', 0);
INSERT OR IGNORE INTO wp_term_taxonomy (term_taxonomy_id, term_id, taxonomy, description, parent, count) VALUES (159, 159, 'product_cat', '', 117, 11);
INSERT OR IGNORE INTO wp_terms (term_id, name, slug, term_group) VALUES (214, 'Italian Shoes', 'italian-shoes', 0);
INSERT OR IGNORE INTO wp_term_taxonomy (term_taxonomy_id, term_id, taxonomy, description, parent, count) VALUES (214, 214, 'product_cat', '', 22, 19);
INSERT OR IGNORE INTO wp_terms (term_id, name, slug, term_group) VALUES (10774, 'Itel Keypad Phones', 'itel-keypad-phones', 0);
INSERT OR IGNORE INTO wp_term_taxonomy (term_taxonomy_id, term_id, taxonomy, description, parent, count) VALUES (10774, 10774, 'product_cat', 'Discover Shopwice''s collection of iTel Keypad Mobile phones online at Shopwice.', 10492, 3);
INSERT OR IGNORE INTO wp_terms (term_id, name, slug, term_group) VALUES (10626, 'iTel Smartphones', 'itel-smartphones', 0);
INSERT OR IGNORE INTO wp_term_taxonomy (term_taxonomy_id, term_id, taxonomy, description, parent, count) VALUES (10626, 10626, 'product_cat', '', 10442, 5);
INSERT OR IGNORE INTO wp_terms (term_id, name, slug, term_group) VALUES (10457, 'Itel Tablets', 'itel-tablets', 0);
INSERT OR IGNORE INTO wp_term_taxonomy (term_taxonomy_id, term_id, taxonomy, description, parent, count) VALUES (10457, 10457, 'product_cat', '', 10452, 0);
INSERT OR IGNORE INTO wp_terms (term_id, name, slug, term_group) VALUES (10684, 'iTel Yam Phones', 'itel-yam-phones', 0);
INSERT OR IGNORE INTO wp_term_taxonomy (term_taxonomy_id, term_id, taxonomy, description, parent, count) VALUES (10684, 10684, 'product_cat', '', 10492, 3);
INSERT OR IGNORE INTO wp_termmeta (term_id, meta_key, meta_value) VALUES (10684, 'thumbnail_id', '157739');
INSERT OR IGNORE INTO wp_terms (term_id, name, slug, term_group) VALUES (79, 'Jackets &amp; Coats', 'jackets-coats', 0);
INSERT OR IGNORE INTO wp_term_taxonomy (term_taxonomy_id, term_id, taxonomy, description, parent, count) VALUES (79, 79, 'product_cat', 'Explore jackets and coats that take you effortlessly from Spring into Summer. Shop our stunning collections and find the perfect, comfortable style for you.', 10380, 0);
INSERT OR IGNORE INTO wp_terms (term_id, name, slug, term_group) VALUES (10621, 'JBL Bluetooth Speakers', 'jbl-bluetooth-speakers', 0);
INSERT OR IGNORE INTO wp_term_taxonomy (term_taxonomy_id, term_id, taxonomy, description, parent, count) VALUES (10621, 10621, 'product_cat', '', 121, 16);
INSERT OR IGNORE INTO wp_terms (term_id, name, slug, term_group) VALUES (10674, 'JBL Earbuds', 'jbl-earbuds', 0);
INSERT OR IGNORE INTO wp_term_taxonomy (term_taxonomy_id, term_id, taxonomy, description, parent, count) VALUES (10674, 10674, 'product_cat', '<h2 style="text-align: center">JBL Earbuds in Ghana</h2>
Explore authentic JBL Earbuds on Shopwice and buy online. JBL TWS earbuds are the<a href="https://shopwice.com/product-category/earbuds/"> perfect wireless earphones to streamline your music</a> and call with premium pro sound. They come with a variety of features, including JBL Pro bass sound, small size, water resistance, dustproof, and noise canceling. With their extended battery life, you will spend more time listening and less time charging.', 10488, 9);
INSERT OR IGNORE INTO wp_terms (term_id, name, slug, term_group) VALUES (10622, 'JBL Headphones', 'jbl-headphones', 0);
INSERT OR IGNORE INTO wp_term_taxonomy (term_taxonomy_id, term_id, taxonomy, description, parent, count) VALUES (10622, 10622, 'product_cat', '<h2 style="text-align: center">Explore Best JBL Headphone Collections Online</h2>
Explore our amazing collection of JBL on-ear and over-ear wireless Bluetooth headphones<a href="https://shopwice.com/brand/jbl">.</a> We have different models, technologies, colors, and designs available for purchase. JBL headphones are the right headphones to give you the best audio experience.', 177, 5);
INSERT OR IGNORE INTO wp_terms (term_id, name, slug, term_group) VALUES (10663, 'JBL Home Theatre Sound Bars', 'jbl-home-theatre-sound-bars', 0);
INSERT OR IGNORE INTO wp_term_taxonomy (term_taxonomy_id, term_id, taxonomy, description, parent, count) VALUES (10663, 10663, 'product_cat', '', 176, 1);
INSERT OR IGNORE INTO wp_terms (term_id, name, slug, term_group) VALUES (10662, 'JBL PartyBox', 'jbl-partybox', 0);
INSERT OR IGNORE INTO wp_term_taxonomy (term_taxonomy_id, term_id, taxonomy, description, parent, count) VALUES (10662, 10662, 'product_cat', '', 122, 5);
INSERT OR IGNORE INTO wp_terms (term_id, name, slug, term_group) VALUES (10826, 'JBL Sound Bars', 'jbl-sound-bars', 0);
INSERT OR IGNORE INTO wp_term_taxonomy (term_taxonomy_id, term_id, taxonomy, description, parent, count) VALUES (10826, 10826, 'product_cat', '<h2 style="text-align: center">JBL Sound Bars in Ghana</h2>', 10686, 0);
INSERT OR IGNORE INTO wp_terms (term_id, name, slug, term_group) VALUES (11840, 'Jerry Power Home Theatres', 'jerry-power-home-theatres', 0);
INSERT OR IGNORE INTO wp_term_taxonomy (term_taxonomy_id, term_id, taxonomy, description, parent, count) VALUES (11840, 11840, 'product_cat', '', 176, 1);
INSERT OR IGNORE INTO wp_terms (term_id, name, slug, term_group) VALUES (1058, 'Jerry Sandals', 'jerry-sandals', 0);
INSERT OR IGNORE INTO wp_term_taxonomy (term_taxonomy_id, term_id, taxonomy, description, parent, count) VALUES (1058, 1058, 'product_cat', '', 196, 0);
INSERT OR IGNORE INTO wp_terms (term_id, name, slug, term_group) VALUES (180, 'Jersey', 'jersey', 0);
INSERT OR IGNORE INTO wp_term_taxonomy (term_taxonomy_id, term_id, taxonomy, description, parent, count) VALUES (180, 180, 'product_cat', '', 135, 1);
INSERT OR IGNORE INTO wp_terms (term_id, name, slug, term_group) VALUES (114, 'Jewelry', 'jewelry', 0);
INSERT OR IGNORE INTO wp_term_taxonomy (term_taxonomy_id, term_id, taxonomy, description, parent, count) VALUES (114, 114, 'product_cat', '', 43512, 0);
INSERT OR IGNORE INTO wp_terms (term_id, name, slug, term_group) VALUES (10588, 'Jogging Shoes', 'jogging-shoes', 0);
INSERT OR IGNORE INTO wp_term_taxonomy (term_taxonomy_id, term_id, taxonomy, description, parent, count) VALUES (10588, 10588, 'product_cat', '', 27, 0);
INSERT OR IGNORE INTO wp_terms (term_id, name, slug, term_group) VALUES (10886, 'Juice Dispensers', 'juice-dispensers', 0);
INSERT OR IGNORE INTO wp_term_taxonomy (term_taxonomy_id, term_id, taxonomy, description, parent, count) VALUES (10886, 10886, 'product_cat', '', 202, 1);
INSERT OR IGNORE INTO wp_terms (term_id, name, slug, term_group) VALUES (10996, 'Juicers', 'juicers', 0);
INSERT OR IGNORE INTO wp_term_taxonomy (term_taxonomy_id, term_id, taxonomy, description, parent, count) VALUES (10996, 10996, 'product_cat', '', 202, 0);
INSERT OR IGNORE INTO wp_terms (term_id, name, slug, term_group) VALUES (11848, 'JVC Home Theatres', 'jvc-home-theatres', 0);
INSERT OR IGNORE INTO wp_term_taxonomy (term_taxonomy_id, term_id, taxonomy, description, parent, count) VALUES (11848, 11848, 'product_cat', '', 176, 0);
INSERT OR IGNORE INTO wp_terms (term_id, name, slug, term_group) VALUES (2117, 'Kaftans &amp; Dashikis', 'kaftans-dashikis', 0);
INSERT OR IGNORE INTO wp_term_taxonomy (term_taxonomy_id, term_id, taxonomy, description, parent, count) VALUES (2117, 2117, 'product_cat', '', 80, 0);
INSERT OR IGNORE INTO wp_terms (term_id, name, slug, term_group) VALUES (85, 'Kettles', 'kettles', 0);
INSERT OR IGNORE INTO wp_term_taxonomy (term_taxonomy_id, term_id, taxonomy, description, parent, count) VALUES (85, 85, 'product_cat', '', 202, 8);
INSERT OR IGNORE INTO wp_termmeta (term_id, meta_key, meta_value) VALUES (85, 'thumbnail_id', '182323');
INSERT OR IGNORE INTO wp_terms (term_id, name, slug, term_group) VALUES (10775, 'Keypad Phones', 'keypad-phones', 0);
INSERT OR IGNORE INTO wp_term_taxonomy (term_taxonomy_id, term_id, taxonomy, description, parent, count) VALUES (10775, 10775, 'product_cat', 'Explore our list of Keypad Mobile Phones available at everyday low prices in Ghana. Keypad phones have been around for ages and will still be around even in the very far future. They are notable for their handy and minimalistic design. These phones come with a basic design and offer a backlit display for viewing and a keypad for controlling functions. As far as the features are concerned, Keypad mobile phones also offer features such as games, Bluetooth, Calculator, internet connectivity, an MP3 player, and built-in apps like Facebook, Whatsapp, Youtube, etc that better the over-all-experience.', 10449, 16);
INSERT OR IGNORE INTO wp_terms (term_id, name, slug, term_group) VALUES (188, 'Kids fashion', 'kids-fashion', 0);
INSERT OR IGNORE INTO wp_term_taxonomy (term_taxonomy_id, term_id, taxonomy, description, parent, count) VALUES (188, 188, 'product_cat', '', 10380, 0);
INSERT OR IGNORE INTO wp_terms (term_id, name, slug, term_group) VALUES (10890, 'Kids Jersey', 'kids-jersey', 0);
INSERT OR IGNORE INTO wp_term_taxonomy (term_taxonomy_id, term_id, taxonomy, description, parent, count) VALUES (10890, 10890, 'product_cat', '<h2 style="text-align: center">Kids Jersey in Ghana</h2>
Explore Shopwice''s children''s jersey collection and buy online in Ghana at the best prices. There are numerous Kids'' jerseys available for you to shop from. Get your son''s favorite club jersey for him. Available in both top and down, you can shop kids'' jerseys from teams like Barcelona, Chelsea, Ghana black stars, Liverpool, Manchester United, and more.', 180, 0);
INSERT OR IGNORE INTO wp_terms (term_id, name, slug, term_group) VALUES (112, 'Kids Luggage', 'kids-luggage', 0);
INSERT OR IGNORE INTO wp_term_taxonomy (term_taxonomy_id, term_id, taxonomy, description, parent, count) VALUES (112, 112, 'product_cat', '', 32, 0);
INSERT OR IGNORE INTO wp_termmeta (term_id, meta_key, meta_value) VALUES (112, 'thumbnail_id', '206911');
INSERT OR IGNORE INTO wp_terms (term_id, name, slug, term_group) VALUES (10760, 'Kids Tablets', 'kids-tablets', 0);
INSERT OR IGNORE INTO wp_term_taxonomy (term_taxonomy_id, term_id, taxonomy, description, parent, count) VALUES (10760, 10760, 'product_cat', '', 10452, 13);
INSERT OR IGNORE INTO wp_terms (term_id, name, slug, term_group) VALUES (230, 'Kiltie Loafers', 'kiltie-loafers', 0);
INSERT OR IGNORE INTO wp_term_taxonomy (term_taxonomy_id, term_id, taxonomy, description, parent, count) VALUES (230, 230, 'product_cat', '', 47, 1);
INSERT OR IGNORE INTO wp_terms (term_id, name, slug, term_group) VALUES (43, 'Ladies Sneakers', 'ladies-sneakers-in-ghana', 0);
INSERT OR IGNORE INTO wp_term_taxonomy (term_taxonomy_id, term_id, taxonomy, description, parent, count) VALUES (43, 43, 'product_cat', '<h2>Ladies Sneakers in Ghana</h2>
<h3>Louis Vuitton, Puma, Reebok, Converse</h3>
Substantiate to warm your feet with trendy lifestyle sneakers like Louis Vuitton, Reebok Classics, and Converse. Stay in the loop with superstar, puma, and Nike air max.', 42, 10);
INSERT OR IGNORE INTO wp_terms (term_id, name, slug, term_group) VALUES (43482, 'Laminating Machines', 'laminating-machines', 0);
INSERT OR IGNORE INTO wp_term_taxonomy (term_taxonomy_id, term_id, taxonomy, description, parent, count) VALUES (43482, 43482, 'product_cat', '', 43481, 0);
INSERT OR IGNORE INTO wp_terms (term_id, name, slug, term_group) VALUES (183, 'Laptop &amp; Business Bags', 'laptop-business-bags', 0);
INSERT OR IGNORE INTO wp_term_taxonomy (term_taxonomy_id, term_id, taxonomy, description, parent, count) VALUES (183, 183, 'product_cat', '', 31, 0);
INSERT OR IGNORE INTO wp_termmeta (term_id, meta_key, meta_value) VALUES (183, 'thumbnail_id', '206904');
INSERT OR IGNORE INTO wp_terms (term_id, name, slug, term_group) VALUES (43497, 'Laptop Backpacks', 'laptop-backpacks', 0);
INSERT OR IGNORE INTO wp_term_taxonomy (term_taxonomy_id, term_id, taxonomy, description, parent, count) VALUES (43497, 43497, 'product_cat', '', 107, 0);
INSERT OR IGNORE INTO wp_termmeta (term_id, meta_key, meta_value) VALUES (43497, 'thumbnail_id', '206889');
INSERT OR IGNORE INTO wp_terms (term_id, name, slug, term_group) VALUES (43504, 'Laptop Sleeves &amp; Folios', 'laptop-sleeves-folios', 0);
INSERT OR IGNORE INTO wp_term_taxonomy (term_taxonomy_id, term_id, taxonomy, description, parent, count) VALUES (43504, 43504, 'product_cat', '', 183, 0);
INSERT OR IGNORE INTO wp_termmeta (term_id, meta_key, meta_value) VALUES (43504, 'thumbnail_id', '206905');
INSERT OR IGNORE INTO wp_terms (term_id, name, slug, term_group) VALUES (10481, 'Laptops', 'laptops', 0);
INSERT OR IGNORE INTO wp_term_taxonomy (term_taxonomy_id, term_id, taxonomy, description, parent, count) VALUES (10481, 10481, 'product_cat', '', 10681, 45);
INSERT OR IGNORE INTO wp_terms (term_id, name, slug, term_group) VALUES (115, 'Laundry', 'laundry', 0);
INSERT OR IGNORE INTO wp_term_taxonomy (term_taxonomy_id, term_id, taxonomy, description, parent, count) VALUES (115, 115, 'product_cat', '', 15, 0);
INSERT OR IGNORE INTO wp_terms (term_id, name, slug, term_group) VALUES (118, 'Laundry Detergents', 'laundry-detergents', 0);
INSERT OR IGNORE INTO wp_term_taxonomy (term_taxonomy_id, term_id, taxonomy, description, parent, count) VALUES (118, 118, 'product_cat', '', 15, 0);
INSERT OR IGNORE INTO wp_terms (term_id, name, slug, term_group) VALUES (11541, 'Lavailer(Clip-on) Wireless Microphones', 'lavailerclip-on-wireless-microphones', 0);
INSERT OR IGNORE INTO wp_term_taxonomy (term_taxonomy_id, term_id, taxonomy, description, parent, count) VALUES (11541, 11541, 'product_cat', '', 11535, 0);
INSERT OR IGNORE INTO wp_terms (term_id, name, slug, term_group) VALUES (10483, 'Lenovo Chromebooks', 'lenovo-chromebooks', 0);
INSERT OR IGNORE INTO wp_term_taxonomy (term_taxonomy_id, term_id, taxonomy, description, parent, count) VALUES (10483, 10483, 'product_cat', '', 10482, 0);
INSERT OR IGNORE INTO wp_terms (term_id, name, slug, term_group) VALUES (10904, 'Lenovo Laptops', 'lenovo-laptops', 0);
INSERT OR IGNORE INTO wp_term_taxonomy (term_taxonomy_id, term_id, taxonomy, description, parent, count) VALUES (10904, 10904, 'product_cat', '<h2 style="text-align: center">Lenovo Laptops in Ghana</h2>', 10481, 2);
INSERT OR IGNORE INTO wp_terms (term_id, name, slug, term_group) VALUES (10793, 'LG Bluetooth Speakers', 'lg-bluetooth-speakers', 0);
INSERT OR IGNORE INTO wp_term_taxonomy (term_taxonomy_id, term_id, taxonomy, description, parent, count) VALUES (10793, 10793, 'product_cat', '', 121, 1);
INSERT OR IGNORE INTO wp_terms (term_id, name, slug, term_group) VALUES (10919, 'LG Home Appliances', 'lg-home-appliances', 0);
INSERT OR IGNORE INTO wp_term_taxonomy (term_taxonomy_id, term_id, taxonomy, description, parent, count) VALUES (10919, 10919, 'product_cat', '<h2 style="text-align: center">LG Home Appliances in Ghana</h2>
Explore greater deals on LG home appliances for your home. Shop rice cookers, refrigerators Televisions, blenders, kettles, ovens, freezers, washing machines, irons &amp; more at the best prices. Your trusted online home appliances store.', 202, 1);
INSERT OR IGNORE INTO wp_terms (term_id, name, slug, term_group) VALUES (11844, 'LG Home Theatres', 'lg-home-theatres', 0);
INSERT OR IGNORE INTO wp_term_taxonomy (term_taxonomy_id, term_id, taxonomy, description, parent, count) VALUES (11844, 11844, 'product_cat', '', 176, 0);
INSERT OR IGNORE INTO wp_terms (term_id, name, slug, term_group) VALUES (11586, 'Lip Care', 'lip-care', 0);
INSERT OR IGNORE INTO wp_term_taxonomy (term_taxonomy_id, term_id, taxonomy, description, parent, count) VALUES (11586, 11586, 'product_cat', '', 55, 0);
INSERT OR IGNORE INTO wp_terms (term_id, name, slug, term_group) VALUES (11593, 'Lip Makeup', 'lip-makeup', 0);
INSERT OR IGNORE INTO wp_term_taxonomy (term_taxonomy_id, term_id, taxonomy, description, parent, count) VALUES (11593, 11593, 'product_cat', '', 144, 0);
INSERT OR IGNORE INTO wp_terms (term_id, name, slug, term_group) VALUES (2175, 'Litter &amp; Housebreaking', 'litter-housebreaking', 0);
INSERT OR IGNORE INTO wp_term_taxonomy (term_taxonomy_id, term_id, taxonomy, description, parent, count) VALUES (2175, 2175, 'product_cat', 'jkbkjm'';lkhjchv', 15, 0);
INSERT OR IGNORE INTO wp_terms (term_id, name, slug, term_group) VALUES (2177, 'Litter Boxes', 'litter-boxes', 0);
INSERT OR IGNORE INTO wp_term_taxonomy (term_taxonomy_id, term_id, taxonomy, description, parent, count) VALUES (2177, 2177, 'product_cat', '', 2175, 0);
INSERT OR IGNORE INTO wp_terms (term_id, name, slug, term_group) VALUES (1409, 'Loafer Heels', 'loafer-heels', 0);
INSERT OR IGNORE INTO wp_term_taxonomy (term_taxonomy_id, term_id, taxonomy, description, parent, count) VALUES (1409, 1409, 'product_cat', '', 275, 0);
INSERT OR IGNORE INTO wp_terms (term_id, name, slug, term_group) VALUES (1069, 'Loafer Sling Back', 'loafer-sling-back', 0);
INSERT OR IGNORE INTO wp_term_taxonomy (term_taxonomy_id, term_id, taxonomy, description, parent, count) VALUES (1069, 1069, 'product_cat', '', 196, 0);
INSERT OR IGNORE INTO wp_terms (term_id, name, slug, term_group) VALUES (47, 'Loafers', 'loafers', 0);
INSERT OR IGNORE INTO wp_term_taxonomy (term_taxonomy_id, term_id, taxonomy, description, parent, count) VALUES (47, 47, 'product_cat', '<h2 style="text-align: center">Loafers  for men</h2>
[block id="loafer-top"]', 22, 19);
INSERT OR IGNORE INTO wp_termmeta (term_id, meta_key, meta_value) VALUES (47, 'thumbnail_id', '80286');
INSERT OR IGNORE INTO wp_terms (term_id, name, slug, term_group) VALUES (10808, 'Logitech Bluetooth Speakers in Ghana', 'logitech-bluetooth-speakers-in-ghana', 0);
INSERT OR IGNORE INTO wp_term_taxonomy (term_taxonomy_id, term_id, taxonomy, description, parent, count) VALUES (10808, 10808, 'product_cat', '<h2 style="text-align: center">Logitech Bluetooth Speakers in Ghana</h2>', 121, 0);
INSERT OR IGNORE INTO wp_terms (term_id, name, slug, term_group) VALUES (10806, 'Logitech headphones', 'logitech-headphones', 0);
INSERT OR IGNORE INTO wp_term_taxonomy (term_taxonomy_id, term_id, taxonomy, description, parent, count) VALUES (10806, 10806, 'product_cat', '<h2 style="text-align: center">Logitech Headphones in Ghana</h2>', 177, 2);
INSERT OR IGNORE INTO wp_terms (term_id, name, slug, term_group) VALUES (32, 'Luggage', 'luggage', 0);
INSERT OR IGNORE INTO wp_term_taxonomy (term_taxonomy_id, term_id, taxonomy, description, parent, count) VALUES (32, 32, 'product_cat', 'Get the length of <strong>women''s bags</strong> online in Ghana from Rostilupt. From clutches to handbags, purse, shoulder bags, backpack, totes, crossbody bags, and much more. You''re safe to shop all kinds of women''s bags of your choice at the best prices.', 31, 0);
INSERT OR IGNORE INTO wp_termmeta (term_id, meta_key, meta_value) VALUES (32, 'thumbnail_id', '206909');
INSERT OR IGNORE INTO wp_terms (term_id, name, slug, term_group) VALUES (11576, 'Luxury and Designer Perfumes', 'luxury-and-designer-perfumes', 0);
INSERT OR IGNORE INTO wp_term_taxonomy (term_taxonomy_id, term_id, taxonomy, description, parent, count) VALUES (11576, 11576, 'product_cat', '', 146, 0);
INSERT OR IGNORE INTO wp_terms (term_id, name, slug, term_group) VALUES (11454, 'MacBook Air M1', 'macbook-air-m1', 0);
INSERT OR IGNORE INTO wp_term_taxonomy (term_taxonomy_id, term_id, taxonomy, description, parent, count) VALUES (11454, 11454, 'product_cat', '', 10493, 0);
INSERT OR IGNORE INTO wp_terms (term_id, name, slug, term_group) VALUES (10502, 'Macbook Air M2', 'macbook-air-m2', 0);
INSERT OR IGNORE INTO wp_term_taxonomy (term_taxonomy_id, term_id, taxonomy, description, parent, count) VALUES (10502, 10502, 'product_cat', '', 10493, 0);
INSERT OR IGNORE INTO wp_terms (term_id, name, slug, term_group) VALUES (10505, 'MacBook Pro 13', 'macbook-pro-13', 0);
INSERT OR IGNORE INTO wp_term_taxonomy (term_taxonomy_id, term_id, taxonomy, description, parent, count) VALUES (10505, 10505, 'product_cat', '', 10493, 4);
INSERT OR IGNORE INTO wp_terms (term_id, name, slug, term_group) VALUES (10506, 'MacBook Pro 14', 'macbook-pro-14', 0);
INSERT OR IGNORE INTO wp_term_taxonomy (term_taxonomy_id, term_id, taxonomy, description, parent, count) VALUES (10506, 10506, 'product_cat', '', 10493, 3);
INSERT OR IGNORE INTO wp_terms (term_id, name, slug, term_group) VALUES (10504, 'MacBook Pro 16', 'macbook-pro-16', 0);
INSERT OR IGNORE INTO wp_term_taxonomy (term_taxonomy_id, term_id, taxonomy, description, parent, count) VALUES (10504, 10504, 'product_cat', '', 10493, 5);
INSERT OR IGNORE INTO wp_terms (term_id, name, slug, term_group) VALUES (43467, 'Maintenance Kits', 'maintenance-kits', 0);
INSERT OR IGNORE INTO wp_term_taxonomy (term_taxonomy_id, term_id, taxonomy, description, parent, count) VALUES (43467, 43467, 'product_cat', '', 43463, 0);
INSERT OR IGNORE INTO wp_terms (term_id, name, slug, term_group) VALUES (144, 'Makeup &amp; Cosmetics', 'makeup-cosmetics', 0);
INSERT OR IGNORE INTO wp_term_taxonomy (term_taxonomy_id, term_id, taxonomy, description, parent, count) VALUES (144, 144, 'product_cat', '', 53, 0);
INSERT OR IGNORE INTO wp_terms (term_id, name, slug, term_group) VALUES (11594, 'Makeup Brushh and Tools', 'makeup-brushh-and-tools', 0);
INSERT OR IGNORE INTO wp_term_taxonomy (term_taxonomy_id, term_id, taxonomy, description, parent, count) VALUES (11594, 11594, 'product_cat', '', 144, 0);
INSERT OR IGNORE INTO wp_terms (term_id, name, slug, term_group) VALUES (11595, 'Makeup Removers', 'makeup-removers', 0);
INSERT OR IGNORE INTO wp_term_taxonomy (term_taxonomy_id, term_id, taxonomy, description, parent, count) VALUES (11595, 11595, 'product_cat', '', 144, 0);
INSERT OR IGNORE INTO wp_terms (term_id, name, slug, term_group) VALUES (10796, 'Marshall Bluetooth Speakers', 'marshall-bluetooth-speakers', 0);
INSERT OR IGNORE INTO wp_term_taxonomy (term_taxonomy_id, term_id, taxonomy, description, parent, count) VALUES (10796, 10796, 'product_cat', '', 121, 1);
INSERT OR IGNORE INTO wp_terms (term_id, name, slug, term_group) VALUES (1935, 'Mary Jane Heels', 'mary-jane-heels', 0);
INSERT OR IGNORE INTO wp_term_taxonomy (term_taxonomy_id, term_id, taxonomy, description, parent, count) VALUES (1935, 1935, 'product_cat', '', 275, 0);
INSERT OR IGNORE INTO wp_terms (term_id, name, slug, term_group) VALUES (1076, 'Mary Janes Sandals', 'mary-janes-sandals', 0);
INSERT OR IGNORE INTO wp_term_taxonomy (term_taxonomy_id, term_id, taxonomy, description, parent, count) VALUES (1076, 1076, 'product_cat', '', 196, 0);
INSERT OR IGNORE INTO wp_terms (term_id, name, slug, term_group) VALUES (11849, 'MaxBest Home Theatres', 'maxbest', 0);
INSERT OR IGNORE INTO wp_term_taxonomy (term_taxonomy_id, term_id, taxonomy, description, parent, count) VALUES (11849, 11849, 'product_cat', '', 176, 0);
INSERT OR IGNORE INTO wp_terms (term_id, name, slug, term_group) VALUES (1871, 'Memory Cards', 'memory-cards', 0);
INSERT OR IGNORE INTO wp_term_taxonomy (term_taxonomy_id, term_id, taxonomy, description, parent, count) VALUES (1871, 1871, 'product_cat', '', 1870, 3);
INSERT OR IGNORE INTO wp_terms (term_id, name, slug, term_group) VALUES (24, 'Men''s Accessories', 'mens-accessories', 0);
INSERT OR IGNORE INTO wp_term_taxonomy (term_taxonomy_id, term_id, taxonomy, description, parent, count) VALUES (24, 24, 'product_cat', '', 10381, 1);
INSERT OR IGNORE INTO wp_terms (term_id, name, slug, term_group) VALUES (11605, 'Men''s Activewear', 'mens-activewear', 0);
INSERT OR IGNORE INTO wp_term_taxonomy (term_taxonomy_id, term_id, taxonomy, description, parent, count) VALUES (11605, 11605, 'product_cat', '', 10678, 0);
INSERT OR IGNORE INTO wp_terms (term_id, name, slug, term_group) VALUES (25, 'Men''s Boots', 'mens-boots', 0);
INSERT OR IGNORE INTO wp_term_taxonomy (term_taxonomy_id, term_id, taxonomy, description, parent, count) VALUES (25, 25, 'product_cat', '', 22, 1);
INSERT OR IGNORE INTO wp_terms (term_id, name, slug, term_group) VALUES (240, 'Men''s Closed Back Slippers', 'mens-closed-back-slippers', 0);
INSERT OR IGNORE INTO wp_term_taxonomy (term_taxonomy_id, term_id, taxonomy, description, parent, count) VALUES (240, 240, 'product_cat', '', 44, 0);
INSERT OR IGNORE INTO wp_terms (term_id, name, slug, term_group) VALUES (167, 'Men''s Denim Jeans', 'mens-jeans', 0);
INSERT OR IGNORE INTO wp_term_taxonomy (term_taxonomy_id, term_id, taxonomy, description, parent, count) VALUES (167, 167, 'product_cat', '', 76, 0);
INSERT OR IGNORE INTO wp_terms (term_id, name, slug, term_group) VALUES (238, 'Men''s Flip Flops', 'mens-flip-flops', 0);
INSERT OR IGNORE INTO wp_term_taxonomy (term_taxonomy_id, term_id, taxonomy, description, parent, count) VALUES (238, 238, 'product_cat', '', 44, 0);
INSERT OR IGNORE INTO wp_terms (term_id, name, slug, term_group) VALUES (1881, 'Men''s Fragrance', 'mens-fragrance', 0);
INSERT OR IGNORE INTO wp_term_taxonomy (term_taxonomy_id, term_id, taxonomy, description, parent, count) VALUES (1881, 1881, 'product_cat', '<h2 style="text-align: center">Men''s Fragrance in Ghana</h2>', 146, 191);
INSERT OR IGNORE INTO wp_terms (term_id, name, slug, term_group) VALUES (11600, 'Men''s Grooming', 'mens-grooming', 0);
INSERT OR IGNORE INTO wp_term_taxonomy (term_taxonomy_id, term_id, taxonomy, description, parent, count) VALUES (11600, 11600, 'product_cat', '', 52, 2);
INSERT OR IGNORE INTO wp_terms (term_id, name, slug, term_group) VALUES (11603, 'Men''s Hair Care', 'mens-hair-care', 0);
INSERT OR IGNORE INTO wp_term_taxonomy (term_taxonomy_id, term_id, taxonomy, description, parent, count) VALUES (11603, 11603, 'product_cat', '', 11600, 0);
INSERT OR IGNORE INTO wp_terms (term_id, name, slug, term_group) VALUES (67, 'Men''s Khaki', 'mens-khaki', 0);
INSERT OR IGNORE INTO wp_term_taxonomy (term_taxonomy_id, term_id, taxonomy, description, parent, count) VALUES (67, 67, 'product_cat', '', 10678, 0);
INSERT OR IGNORE INTO wp_terms (term_id, name, slug, term_group) VALUES (44, 'Men''s Sandals and Slippers', 'mens-sandals-and-slippers', 0);
INSERT OR IGNORE INTO wp_term_taxonomy (term_taxonomy_id, term_id, taxonomy, description, parent, count) VALUES (44, 44, 'product_cat', 'Put fashion on the right spot with <a href="https://shopwice.com//product-category/mens-shoe">men''s shoes</a> on rostilupt by wearing Men''s Sandals and Slippers from the best online shop in ghana. Buy slides, Flip flops, crocks', 22, 4);
INSERT OR IGNORE INTO wp_terms (term_id, name, slug, term_group) VALUES (22, 'Men''s Shoes', 'mens-shoes', 0);
INSERT OR IGNORE INTO wp_term_taxonomy (term_taxonomy_id, term_id, taxonomy, description, parent, count) VALUES (22, 22, 'product_cat', '<h2>Buy Men''s Shoes Online</h2>
Complete your outfit with Men''s Shoes at Shopwice. Stand tall in <a href="https://shopwice.com/product-category/mens-boots">boots</a> while you''re looking for sandals to relax your foot during the summer. <a href="https://shopwice.com/product-category/formal-shoes">Dress shoes</a> are boring, so you can''t wear them all day long. Go casual with a <a href="https://shopwice.com/product-category/sneaker">sneaker</a>, a <a href="https://shopwice.com/product-category/boat-shoes">boat</a>, or<a href="https://shopwice.com/product-category/loafers"> a loafer</a> to enjoy the real meaning of life.

[block id="mens-shoes-2"]', 10381, 67);
INSERT OR IGNORE INTO wp_termmeta (term_id, meta_key, meta_value) VALUES (22, 'thumbnail_id', '89791');
INSERT OR IGNORE INTO wp_terms (term_id, name, slug, term_group) VALUES (11602, 'Men''s Skin Care', 'mens-skin-care', 0);
INSERT OR IGNORE INTO wp_term_taxonomy (term_taxonomy_id, term_id, taxonomy, description, parent, count) VALUES (11602, 11602, 'product_cat', '', 11600, 0);
INSERT OR IGNORE INTO wp_terms (term_id, name, slug, term_group) VALUES (11606, 'Men''s Sleepwear', 'mens-sleepwear', 0);
INSERT OR IGNORE INTO wp_term_taxonomy (term_taxonomy_id, term_id, taxonomy, description, parent, count) VALUES (11606, 11606, 'product_cat', '', 10678, 0);
INSERT OR IGNORE INTO wp_terms (term_id, name, slug, term_group) VALUES (237, 'Men''s Slides', 'mens-slides', 0);
INSERT OR IGNORE INTO wp_term_taxonomy (term_taxonomy_id, term_id, taxonomy, description, parent, count) VALUES (237, 237, 'product_cat', '<h2 style="text-align: center">Men''s slides</h2>
<p style="text-align: center">Bolden your casuals with the best deals on the latest men’s slides on Shopwice.</p>', 44, 3);
INSERT OR IGNORE INTO wp_terms (term_id, name, slug, term_group) VALUES (27, 'Men''s Sneakers', 'mens-sneakers', 0);
INSERT OR IGNORE INTO wp_term_taxonomy (term_taxonomy_id, term_id, taxonomy, description, parent, count) VALUES (27, 27, 'product_cat', '<h2 style="text-align: center"><strong><span style="font-size: 75%">Men''s Sneakers in Ghana</span></strong></h2>
<p style="text-align: center">Buy athletics shoes for men online at Shopwice. Shop the latest Nike, Adidas, Puma, and Reebok sneakers to perfect your life. Stay on the low-key with Vans and Converse as you make your life simple. Do all your sports activities with athletics shoes on, and slay with fashion sneakers.</p>', 22, 36);
INSERT OR IGNORE INTO wp_termmeta (term_id, meta_key, meta_value) VALUES (27, 'thumbnail_id', '21181');
INSERT OR IGNORE INTO wp_terms (term_id, name, slug, term_group) VALUES (2053, 'Men''s Socks 🧦', 'mens-socks', 0);
INSERT OR IGNORE INTO wp_term_taxonomy (term_taxonomy_id, term_id, taxonomy, description, parent, count) VALUES (2053, 2053, 'product_cat', '', 24, 0);
INSERT OR IGNORE INTO wp_terms (term_id, name, slug, term_group) VALUES (2102, 'Men''s Sweaters', 'mens-sweaters', 0);
INSERT OR IGNORE INTO wp_term_taxonomy (term_taxonomy_id, term_id, taxonomy, description, parent, count) VALUES (2102, 2102, 'product_cat', '', 10678, 0);
INSERT OR IGNORE INTO wp_terms (term_id, name, slug, term_group) VALUES (20, 'Men''s T-Shirts', 'mens-t-shirts', 0);
INSERT OR IGNORE INTO wp_term_taxonomy (term_taxonomy_id, term_id, taxonomy, description, parent, count) VALUES (20, 20, 'product_cat', '', 10678, 0);
INSERT OR IGNORE INTO wp_terms (term_id, name, slug, term_group) VALUES (28, 'Men''s Ties', 'mens-ties', 0);
INSERT OR IGNORE INTO wp_term_taxonomy (term_taxonomy_id, term_id, taxonomy, description, parent, count) VALUES (28, 28, 'product_cat', 'Men''s Neckties
Explore our collection of bowties, flying ties, neckties in variant colors and materials,', 24, 0);
INSERT OR IGNORE INTO wp_terms (term_id, name, slug, term_group) VALUES (37, 'Men''s Trousers', 'mens-trousers', 0);
INSERT OR IGNORE INTO wp_term_taxonomy (term_taxonomy_id, term_id, taxonomy, description, parent, count) VALUES (37, 37, 'product_cat', 'Online shopping for men''s trousers in Ghana.
In our exclusive <a href="https://shopwice.com/product-category/mens-fashion/">fashion </a> in Ghana, Rostilupt presents you a great collection of trousers for men.  Made from 1st grade and high quality materials, we provides you trousers made from cotton, wool, denim and coduron.
Check our exclusive men''s trouser collection
Shop all kinds of men''s trousers online on Rostilupt at the best prices. We have a wide range of pants from office wear to casual wear. You can buy material trouser, khaki trouser, joggers, sweat pants, denim jeans and much more. Our products are sourced from top brands like <a href="https://shopwice.com//brand/st-philips">St. Philips</a> ralph lauren, pere cardin, kenneth cole, Georgio Armani, Fila, <a href="https://shopwice.com//brand/adidas">Adidas</a> etc. With that, you''ve got no time to worry about quality.', 10678, 4);
INSERT OR IGNORE INTO wp_terms (term_id, name, slug, term_group) VALUES (1847, 'Men''s Watch', 'mens-watch', 0);
INSERT OR IGNORE INTO wp_term_taxonomy (term_taxonomy_id, term_id, taxonomy, description, parent, count) VALUES (1847, 1847, 'product_cat', '', 24, 1);
INSERT OR IGNORE INTO wp_terms (term_id, name, slug, term_group) VALUES (244, 'Mens Beach Sandals', 'mens-beach-sandals', 0);
INSERT OR IGNORE INTO wp_term_taxonomy (term_taxonomy_id, term_id, taxonomy, description, parent, count) VALUES (244, 244, 'product_cat', '', 44, 1);
INSERT OR IGNORE INTO wp_terms (term_id, name, slug, term_group) VALUES (256, 'Mens Bootie Slippers', 'mens-bootie-slippers', 0);
INSERT OR IGNORE INTO wp_term_taxonomy (term_taxonomy_id, term_id, taxonomy, description, parent, count) VALUES (256, 256, 'product_cat', '', 44, 0);
INSERT OR IGNORE INTO wp_terms (term_id, name, slug, term_group) VALUES (222, 'Mens Cap Toe Boots', 'mens-cap-toe-boots', 0);
INSERT OR IGNORE INTO wp_term_taxonomy (term_taxonomy_id, term_id, taxonomy, description, parent, count) VALUES (222, 222, 'product_cat', '<h2 style="text-align: center">Mens leather and suede Cap Toe Boots</h2>', 25, 0);
INSERT OR IGNORE INTO wp_terms (term_id, name, slug, term_group) VALUES (258, 'Mens Casual Boots', 'mens-casual-boots', 0);
INSERT OR IGNORE INTO wp_term_taxonomy (term_taxonomy_id, term_id, taxonomy, description, parent, count) VALUES (258, 258, 'product_cat', '<p style="text-align: center">Mens Casual Boots</p>', 25, 0);
INSERT OR IGNORE INTO wp_terms (term_id, name, slug, term_group) VALUES (259, 'Mens Casual Loafers', 'mens-casual-loafers', 0);
INSERT OR IGNORE INTO wp_term_taxonomy (term_taxonomy_id, term_id, taxonomy, description, parent, count) VALUES (259, 259, 'product_cat', '', 47, 8);
INSERT OR IGNORE INTO wp_terms (term_id, name, slug, term_group) VALUES (260, 'Mens Casual Oxford Shoes', 'mens-casual-oxford-shoes', 0);
INSERT OR IGNORE INTO wp_term_taxonomy (term_taxonomy_id, term_id, taxonomy, description, parent, count) VALUES (260, 260, 'product_cat', '', 25, 0);
INSERT OR IGNORE INTO wp_terms (term_id, name, slug, term_group) VALUES (220, 'Mens Chelsea Boots', 'mens-chelsea-boots', 0);
INSERT OR IGNORE INTO wp_term_taxonomy (term_taxonomy_id, term_id, taxonomy, description, parent, count) VALUES (220, 220, 'product_cat', 'Chelsea boots Mens
Mens Chelsea boots sale', 25, 0);
INSERT OR IGNORE INTO wp_termmeta (term_id, meta_key, meta_value) VALUES (220, 'thumbnail_id', '22750');
INSERT OR IGNORE INTO wp_terms (term_id, name, slug, term_group) VALUES (241, 'Mens Clog', 'mens-clog', 0);
INSERT OR IGNORE INTO wp_term_taxonomy (term_taxonomy_id, term_id, taxonomy, description, parent, count) VALUES (241, 241, 'product_cat', '', 44, 0);
INSERT OR IGNORE INTO wp_terms (term_id, name, slug, term_group) VALUES (10678, 'Mens Clothing', 'mens-clothing', 0);
INSERT OR IGNORE INTO wp_term_taxonomy (term_taxonomy_id, term_id, taxonomy, description, parent, count) VALUES (10678, 10678, 'product_cat', '', 10381, 10);
INSERT OR IGNORE INTO wp_terms (term_id, name, slug, term_group) VALUES (257, 'Mens Combat Boots', 'mens-combat-boots', 0);
INSERT OR IGNORE INTO wp_term_taxonomy (term_taxonomy_id, term_id, taxonomy, description, parent, count) VALUES (257, 257, 'product_cat', '', 25, 0);
INSERT OR IGNORE INTO wp_terms (term_id, name, slug, term_group) VALUES (246, 'Mens Cork Sandals', 'mens-cork-sandals', 0);
INSERT OR IGNORE INTO wp_term_taxonomy (term_taxonomy_id, term_id, taxonomy, description, parent, count) VALUES (246, 246, 'product_cat', '', 44, 0);
INSERT OR IGNORE INTO wp_terms (term_id, name, slug, term_group) VALUES (243, 'Mens Dress Sandals', 'mens-dress-sandals', 0);
INSERT OR IGNORE INTO wp_term_taxonomy (term_taxonomy_id, term_id, taxonomy, description, parent, count) VALUES (243, 243, 'product_cat', '', 44, 0);
INSERT OR IGNORE INTO wp_terms (term_id, name, slug, term_group) VALUES (261, 'Mens Espadrilles', 'mens-espadrilles', 0);
INSERT OR IGNORE INTO wp_term_taxonomy (term_taxonomy_id, term_id, taxonomy, description, parent, count) VALUES (261, 261, 'product_cat', '', 1558, 0);
INSERT OR IGNORE INTO wp_termmeta (term_id, meta_key, meta_value) VALUES (261, 'thumbnail_id', '68081');
INSERT OR IGNORE INTO wp_terms (term_id, name, slug, term_group) VALUES (10381, 'Mens Fashion', 'mens-fashion', 0);
INSERT OR IGNORE INTO wp_term_taxonomy (term_taxonomy_id, term_id, taxonomy, description, parent, count) VALUES (10381, 10381, 'product_cat', '', 10380, 74);
INSERT OR IGNORE INTO wp_terms (term_id, name, slug, term_group) VALUES (251, 'Mens Fisherman Sandals', 'mens-fisherman-sandals', 0);
INSERT OR IGNORE INTO wp_term_taxonomy (term_taxonomy_id, term_id, taxonomy, description, parent, count) VALUES (251, 251, 'product_cat', '', 44, 1);
INSERT OR IGNORE INTO wp_terms (term_id, name, slug, term_group) VALUES (242, 'Mens Gladiator Sandal', 'mens-gladiator-sandal', 0);
INSERT OR IGNORE INTO wp_term_taxonomy (term_taxonomy_id, term_id, taxonomy, description, parent, count) VALUES (242, 242, 'product_cat', '', 44, 0);
INSERT OR IGNORE INTO wp_terms (term_id, name, slug, term_group) VALUES (254, 'Mens Half Shoe', 'mens-half-shoe', 0);
INSERT OR IGNORE INTO wp_term_taxonomy (term_taxonomy_id, term_id, taxonomy, description, parent, count) VALUES (254, 254, 'product_cat', '', 44, 0);
INSERT OR IGNORE INTO wp_terms (term_id, name, slug, term_group) VALUES (1043, 'Mens Hiking Boot', 'mens-hiking-boot', 0);
INSERT OR IGNORE INTO wp_term_taxonomy (term_taxonomy_id, term_id, taxonomy, description, parent, count) VALUES (1043, 1043, 'product_cat', '', 25, 0);
INSERT OR IGNORE INTO wp_terms (term_id, name, slug, term_group) VALUES (226, 'Mens Hiking Boots', 'mens-hiking-boots', 0);
INSERT OR IGNORE INTO wp_term_taxonomy (term_taxonomy_id, term_id, taxonomy, description, parent, count) VALUES (226, 226, 'product_cat', 'Mens Hiking Boots
Hiking boots on sale
Hiking boots for men', 25, 0);
INSERT OR IGNORE INTO wp_termmeta (term_id, meta_key, meta_value) VALUES (226, 'thumbnail_id', '16892');
INSERT OR IGNORE INTO wp_terms (term_id, name, slug, term_group) VALUES (1974, 'Mens Hiking Sandals', 'mens-hiking-sandals', 0);
INSERT OR IGNORE INTO wp_term_taxonomy (term_taxonomy_id, term_id, taxonomy, description, parent, count) VALUES (1974, 1974, 'product_cat', '', 44, 0);
INSERT OR IGNORE INTO wp_terms (term_id, name, slug, term_group) VALUES (248, 'Mens Luna Sandals', 'mens-luna-sandals', 0);
INSERT OR IGNORE INTO wp_term_taxonomy (term_taxonomy_id, term_id, taxonomy, description, parent, count) VALUES (248, 248, 'product_cat', '', 44, 0);
INSERT OR IGNORE INTO wp_terms (term_id, name, slug, term_group) VALUES (252, 'Mens Mule Slippers', 'mens-mule-slippers', 0);
INSERT OR IGNORE INTO wp_term_taxonomy (term_taxonomy_id, term_id, taxonomy, description, parent, count) VALUES (252, 252, 'product_cat', '', 44, 0);
INSERT OR IGNORE INTO wp_terms (term_id, name, slug, term_group) VALUES (253, 'Mens Scuff Slippers', 'mens-scuff-slippers', 0);
INSERT OR IGNORE INTO wp_term_taxonomy (term_taxonomy_id, term_id, taxonomy, description, parent, count) VALUES (253, 253, 'product_cat', '', 44, 0);
INSERT OR IGNORE INTO wp_terms (term_id, name, slug, term_group) VALUES (255, 'Mens Shearling Slippers', 'mens-shearling-slippers', 0);
INSERT OR IGNORE INTO wp_term_taxonomy (term_taxonomy_id, term_id, taxonomy, description, parent, count) VALUES (255, 255, 'product_cat', '', 44, 0);
INSERT OR IGNORE INTO wp_terms (term_id, name, slug, term_group) VALUES (250, 'Mens Sling Back Sandals', 'mens-sling-back-sandals', 0);
INSERT OR IGNORE INTO wp_term_taxonomy (term_taxonomy_id, term_id, taxonomy, description, parent, count) VALUES (250, 250, 'product_cat', '', 44, 0);
INSERT OR IGNORE INTO wp_terms (term_id, name, slug, term_group) VALUES (247, 'Mens Thong Sandals', 'mens-thong-sandals', 0);
INSERT OR IGNORE INTO wp_term_taxonomy (term_taxonomy_id, term_id, taxonomy, description, parent, count) VALUES (247, 247, 'product_cat', '', 44, 0);
INSERT OR IGNORE INTO wp_terms (term_id, name, slug, term_group) VALUES (249, 'Mens Thong Slippers', 'mens-thong-slippers', 0);
INSERT OR IGNORE INTO wp_term_taxonomy (term_taxonomy_id, term_id, taxonomy, description, parent, count) VALUES (249, 249, 'product_cat', '', 44, 0);
INSERT OR IGNORE INTO wp_terms (term_id, name, slug, term_group) VALUES (245, 'Mens Water Sandals', 'mens-water-sandals', 0);
INSERT OR IGNORE INTO wp_term_taxonomy (term_taxonomy_id, term_id, taxonomy, description, parent, count) VALUES (245, 245, 'product_cat', '', 44, 1);
INSERT OR IGNORE INTO wp_terms (term_id, name, slug, term_group) VALUES (221, 'Mens Winter Boots', 'mens-winter-boots', 0);
INSERT OR IGNORE INTO wp_term_taxonomy (term_taxonomy_id, term_id, taxonomy, description, parent, count) VALUES (221, 221, 'product_cat', '<h2 style="text-align: center">Mens Winter boots Clearance</h2>
Browse our collection of winter boots for men and buy online', 25, 0);
INSERT OR IGNORE INTO wp_termmeta (term_id, meta_key, meta_value) VALUES (221, 'thumbnail_id', '71413');
INSERT OR IGNORE INTO wp_terms (term_id, name, slug, term_group) VALUES (110, 'Messenger &amp; Sling Bags', 'messenger-sling-bags', 0);
INSERT OR IGNORE INTO wp_term_taxonomy (term_taxonomy_id, term_id, taxonomy, description, parent, count) VALUES (110, 110, 'product_cat', '', 183, 0);
INSERT OR IGNORE INTO wp_termmeta (term_id, meta_key, meta_value) VALUES (110, 'thumbnail_id', '206906');
INSERT OR IGNORE INTO wp_terms (term_id, name, slug, term_group) VALUES (11539, 'Microphone Accessories', 'microphone-accessories', 0);
INSERT OR IGNORE INTO wp_term_taxonomy (term_taxonomy_id, term_id, taxonomy, description, parent, count) VALUES (11539, 11539, 'product_cat', '', 11534, 0);
INSERT OR IGNORE INTO wp_terms (term_id, name, slug, term_group) VALUES (11529, 'Microphone Boom Arms &amp; Stands', 'microphone-boom-arms-stands', 0);
INSERT OR IGNORE INTO wp_term_taxonomy (term_taxonomy_id, term_id, taxonomy, description, parent, count) VALUES (11529, 11529, 'product_cat', '', 11521, 0);
INSERT OR IGNORE INTO wp_terms (term_id, name, slug, term_group) VALUES (11534, 'Microphones', 'microphones', 0);
INSERT OR IGNORE INTO wp_term_taxonomy (term_taxonomy_id, term_id, taxonomy, description, parent, count) VALUES (11534, 11534, 'product_cat', '', 10487, 1);
INSERT OR IGNORE INTO wp_terms (term_id, name, slug, term_group) VALUES (10923, 'Microsoft Laptops', 'microsoft-laptops', 0);
INSERT OR IGNORE INTO wp_term_taxonomy (term_taxonomy_id, term_id, taxonomy, description, parent, count) VALUES (10923, 10923, 'product_cat', '', 10481, 0);
INSERT OR IGNORE INTO wp_terms (term_id, name, slug, term_group) VALUES (10650, 'Microwave Oven', 'microwave-oven', 0);
INSERT OR IGNORE INTO wp_term_taxonomy (term_taxonomy_id, term_id, taxonomy, description, parent, count) VALUES (10650, 10650, 'product_cat', '', 202, 20);
INSERT OR IGNORE INTO wp_terms (term_id, name, slug, term_group) VALUES (10868, 'MIKACHI Rice Cookers', 'mikachi-rice-cookers', 0);
INSERT OR IGNORE INTO wp_term_taxonomy (term_taxonomy_id, term_id, taxonomy, description, parent, count) VALUES (10868, 10868, 'product_cat', '', 84, 5);
INSERT OR IGNORE INTO wp_terms (term_id, name, slug, term_group) VALUES (10781, 'Mikachi Standing Fan', 'mikachi-standing-fan', 0);
INSERT OR IGNORE INTO wp_term_taxonomy (term_taxonomy_id, term_id, taxonomy, description, parent, count) VALUES (10781, 10781, 'product_cat', '', 10647, 1);
INSERT OR IGNORE INTO wp_terms (term_id, name, slug, term_group) VALUES (43501, 'Mini Backpacks', 'mini-backpacks', 0);
INSERT OR IGNORE INTO wp_term_taxonomy (term_taxonomy_id, term_id, taxonomy, description, parent, count) VALUES (43501, 43501, 'product_cat', '', 107, 0);
INSERT OR IGNORE INTO wp_termmeta (term_id, meta_key, meta_value) VALUES (43501, 'thumbnail_id', '206890');
INSERT OR IGNORE INTO wp_terms (term_id, name, slug, term_group) VALUES (11020, 'Mitsui Air Conditioners', 'mitsui-air-conditioners', 0);
INSERT OR IGNORE INTO wp_term_taxonomy (term_taxonomy_id, term_id, taxonomy, description, parent, count) VALUES (11020, 11020, 'product_cat', '', 210, 2);
INSERT OR IGNORE INTO wp_terms (term_id, name, slug, term_group) VALUES (10885, 'Mitsui Blenders', 'mitsui-blenders', 0);
INSERT OR IGNORE INTO wp_term_taxonomy (term_taxonomy_id, term_id, taxonomy, description, parent, count) VALUES (10885, 10885, 'product_cat', '', 68, 5);
INSERT OR IGNORE INTO wp_terms (term_id, name, slug, term_group) VALUES (11022, 'Mitsui Deep Freezer', 'mitsui-deep-freezer', 0);
INSERT OR IGNORE INTO wp_term_taxonomy (term_taxonomy_id, term_id, taxonomy, description, parent, count) VALUES (11022, 11022, 'product_cat', '', 11021, 0);
INSERT OR IGNORE INTO wp_terms (term_id, name, slug, term_group) VALUES (10873, 'Mitsui Fans', 'mitsui-fans', 0);
INSERT OR IGNORE INTO wp_term_taxonomy (term_taxonomy_id, term_id, taxonomy, description, parent, count) VALUES (10873, 10873, 'product_cat', '', 157, 2);
INSERT OR IGNORE INTO wp_terms (term_id, name, slug, term_group) VALUES (11069, 'Mitsui Household Fans', 'mitsui-household-fans', 0);
INSERT OR IGNORE INTO wp_term_taxonomy (term_taxonomy_id, term_id, taxonomy, description, parent, count) VALUES (11069, 11069, 'product_cat', '', 154, 4);
INSERT OR IGNORE INTO wp_terms (term_id, name, slug, term_group) VALUES (10449, 'Mobile Phones', 'mobile-phones', 0);
INSERT OR IGNORE INTO wp_term_taxonomy (term_taxonomy_id, term_id, taxonomy, description, parent, count) VALUES (10449, 10449, 'product_cat', '[block id="mobile-phones-top"]', 1869, 214);
INSERT OR IGNORE INTO wp_terms (term_id, name, slug, term_group) VALUES (11581, 'Moisturizers and Serums', 'moisturizers-and-serums', 0);
INSERT OR IGNORE INTO wp_term_taxonomy (term_taxonomy_id, term_id, taxonomy, description, parent, count) VALUES (11581, 11581, 'product_cat', '', 55, 0);
INSERT OR IGNORE INTO wp_terms (term_id, name, slug, term_group) VALUES (11514, 'Monitors &amp; Displays', 'monitors-displays', 0);
INSERT OR IGNORE INTO wp_term_taxonomy (term_taxonomy_id, term_id, taxonomy, description, parent, count) VALUES (11514, 11514, 'product_cat', '', 126, 0);
INSERT OR IGNORE INTO wp_terms (term_id, name, slug, term_group) VALUES (90, 'Monk Strap Shoes', 'monk-strap-shoes', 0);
INSERT OR IGNORE INTO wp_term_taxonomy (term_taxonomy_id, term_id, taxonomy, description, parent, count) VALUES (90, 90, 'product_cat', '', 1916, 1);
INSERT OR IGNORE INTO wp_terms (term_id, name, slug, term_group) VALUES (43470, 'Motherboards', 'motherboards', 0);
INSERT OR IGNORE INTO wp_term_taxonomy (term_taxonomy_id, term_id, taxonomy, description, parent, count) VALUES (43470, 43470, 'product_cat', '', 11516, 0);
INSERT OR IGNORE INTO wp_terms (term_id, name, slug, term_group) VALUES (11624, 'Motorola Mobile Phones', 'motorola-mobile-phones', 0);
INSERT OR IGNORE INTO wp_term_taxonomy (term_taxonomy_id, term_id, taxonomy, description, parent, count) VALUES (11624, 11624, 'product_cat', '<h2>Top Motorola Phones available</h2>
<span style="font-size: 14px">Explore the latest Motorola smartphones at unbeatable prices in Ghana. Whether you''re looking for a budget-friendly device or a high-end flagship, Shopwice offers a wide range of Motorola phones with fast delivery and reliable warranty support</span>', 10442, 1);
INSERT OR IGNORE INTO wp_terms (term_id, name, slug, term_group) VALUES (11026, 'MSI Laptops', 'msi-laptops', 0);
INSERT OR IGNORE INTO wp_term_taxonomy (term_taxonomy_id, term_id, taxonomy, description, parent, count) VALUES (11026, 11026, 'product_cat', '', 10481, 1);
INSERT OR IGNORE INTO wp_terms (term_id, name, slug, term_group) VALUES (1071, 'Multi Strap Sandals', 'multi-strap-sandals', 0);
INSERT OR IGNORE INTO wp_term_taxonomy (term_taxonomy_id, term_id, taxonomy, description, parent, count) VALUES (1071, 1071, 'product_cat', '', 196, 0);
INSERT OR IGNORE INTO wp_terms (term_id, name, slug, term_group) VALUES (11080, 'Nasco Televisions', 'nasco-televisions', 0);
INSERT OR IGNORE INTO wp_term_taxonomy (term_taxonomy_id, term_id, taxonomy, description, parent, count) VALUES (11080, 11080, 'product_cat', '', 10754, 0);
INSERT OR IGNORE INTO wp_terms (term_id, name, slug, term_group) VALUES (10524, 'National Team Jerseys', 'national-team-jerseys', 0);
INSERT OR IGNORE INTO wp_term_taxonomy (term_taxonomy_id, term_id, taxonomy, description, parent, count) VALUES (10524, 10524, 'product_cat', '', 180, 0);
INSERT OR IGNORE INTO wp_terms (term_id, name, slug, term_group) VALUES (10807, 'Neckties', 'neckties', 0);
INSERT OR IGNORE INTO wp_term_taxonomy (term_taxonomy_id, term_id, taxonomy, description, parent, count) VALUES (10807, 10807, 'product_cat', '', 24, 0);
INSERT OR IGNORE INTO wp_terms (term_id, name, slug, term_group) VALUES (10893, 'Neon Blenders', 'neon-blenders', 0);
INSERT OR IGNORE INTO wp_term_taxonomy (term_taxonomy_id, term_id, taxonomy, description, parent, count) VALUES (10893, 10893, 'product_cat', '', 68, 0);
INSERT OR IGNORE INTO wp_terms (term_id, name, slug, term_group) VALUES (10892, 'Neon Rice Cookers', 'neon-rice-cookers', 0);
INSERT OR IGNORE INTO wp_term_taxonomy (term_taxonomy_id, term_id, taxonomy, description, parent, count) VALUES (10892, 10892, 'product_cat', '', 84, 0);
INSERT OR IGNORE INTO wp_terms (term_id, name, slug, term_group) VALUES (173, 'Networking Tools', 'networking-tools', 0);
INSERT OR IGNORE INTO wp_term_taxonomy (term_taxonomy_id, term_id, taxonomy, description, parent, count) VALUES (173, 173, 'product_cat', '', 11519, 1);
INSERT OR IGNORE INTO wp_terms (term_id, name, slug, term_group) VALUES (11519, 'Networking Tools and Devices', 'networking-tools-and-devices', 0);
INSERT OR IGNORE INTO wp_term_taxonomy (term_taxonomy_id, term_id, taxonomy, description, parent, count) VALUES (11519, 11519, 'product_cat', '', 126, 1);
INSERT OR IGNORE INTO wp_terms (term_id, name, slug, term_group) VALUES (10700, 'Nintendo Consoles', 'nintendo-consoles', 0);
INSERT OR IGNORE INTO wp_term_taxonomy (term_taxonomy_id, term_id, taxonomy, description, parent, count) VALUES (10700, 10700, 'product_cat', '<h2>Buy Nintendo Consoles in Ghana</h2>
Shop the latest <strong>Nintendo consoles</strong> like the <a href="/product/nintendo-switch-oled/">Nintendo Switch OLED</a> and <a href="/product/nintendo-switch-lite/">Switch Lite</a>. Enjoy seamless shopping with fast delivery. Browse our <a href="https://shopwice.com/collection/nintendo-accessories/">Nintendo accessories</a> for an enhanced experience!', 11513, 1);
INSERT OR IGNORE INTO wp_terms (term_id, name, slug, term_group) VALUES (10701, 'Nintendo Games', 'nintendo-games', 0);
INSERT OR IGNORE INTO wp_term_taxonomy (term_taxonomy_id, term_id, taxonomy, description, parent, count) VALUES (10701, 10701, 'product_cat', '', 10703, 1);
INSERT OR IGNORE INTO wp_terms (term_id, name, slug, term_group) VALUES (10801, 'Nokia Earbuds', 'nokia-earbuds', 0);
INSERT OR IGNORE INTO wp_term_taxonomy (term_taxonomy_id, term_id, taxonomy, description, parent, count) VALUES (10801, 10801, 'product_cat', '<h2 style="text-align: center">Nokia Earbuds in Ghana</h2>
Explore authentic Nokia Earbuds on Shopwice and buy online. Nokia earbuds are built with Graphene drivers to deliver high-quality audio. They are the perfect wireless <a href="https://shopwice.com/product-category/earphones">earphones</a> to streamline your music and call with more bass sound. Nokia TWS buds come with a variety of features, including ENC small size, water resistance, dustproof, and noise canceling. With their extended battery life, you will spend more time listening and less time charging.', 10488, 0);
INSERT OR IGNORE INTO wp_terms (term_id, name, slug, term_group) VALUES (10623, 'Nokia Smartphones', 'nokia-smartphones', 0);
INSERT OR IGNORE INTO wp_term_taxonomy (term_taxonomy_id, term_id, taxonomy, description, parent, count) VALUES (10623, 10623, 'product_cat', '', 10442, 0);
INSERT OR IGNORE INTO wp_terms (term_id, name, slug, term_group) VALUES (10491, 'Nokia Yam Phones', 'nokia-yam-phones', 0);
INSERT OR IGNORE INTO wp_term_taxonomy (term_taxonomy_id, term_id, taxonomy, description, parent, count) VALUES (10491, 10491, 'product_cat', '', 10492, 2);
INSERT OR IGNORE INTO wp_termmeta (term_id, meta_key, meta_value) VALUES (10491, 'thumbnail_id', '164838');
INSERT OR IGNORE INTO wp_terms (term_id, name, slug, term_group) VALUES (2178, 'Odor &amp; Stain', 'odor-stain', 0);
INSERT OR IGNORE INTO wp_term_taxonomy (term_taxonomy_id, term_id, taxonomy, description, parent, count) VALUES (2178, 2178, 'product_cat', '', 2175, 0);
INSERT OR IGNORE INTO wp_terms (term_id, name, slug, term_group) VALUES (2179, 'Odor &amp; Stain Rmovers', 'odor-stain-rmovers', 0);
INSERT OR IGNORE INTO wp_term_taxonomy (term_taxonomy_id, term_id, taxonomy, description, parent, count) VALUES (2179, 2179, 'product_cat', '', 2175, 0);
INSERT OR IGNORE INTO wp_terms (term_id, name, slug, term_group) VALUES (191, 'Office and School Supplies', 'office-and-school-supplies', 0);
INSERT OR IGNORE INTO wp_term_taxonomy (term_taxonomy_id, term_id, taxonomy, description, parent, count) VALUES (191, 191, 'product_cat', '', 58, 1);
INSERT OR IGNORE INTO wp_terms (term_id, name, slug, term_group) VALUES (58, 'Office and Stationery Products', 'office-and-stationery-products', 0);
INSERT OR IGNORE INTO wp_term_taxonomy (term_taxonomy_id, term_id, taxonomy, description, parent, count) VALUES (58, 58, 'product_cat', '', 0, 33);
INSERT OR IGNORE INTO wp_terms (term_id, name, slug, term_group) VALUES (192, 'Office Consumables', 'office-consumables', 0);
INSERT OR IGNORE INTO wp_term_taxonomy (term_taxonomy_id, term_id, taxonomy, description, parent, count) VALUES (192, 192, 'product_cat', '', 58, 0);
INSERT OR IGNORE INTO wp_terms (term_id, name, slug, term_group) VALUES (43481, 'Office Equipments', 'office-equipments', 0);
INSERT OR IGNORE INTO wp_term_taxonomy (term_taxonomy_id, term_id, taxonomy, description, parent, count) VALUES (43481, 43481, 'product_cat', '', 43469, 0);
INSERT OR IGNORE INTO wp_terms (term_id, name, slug, term_group) VALUES (11509, 'Oppo Mobile Phones', 'oppo-mobile-phones', 0);
INSERT OR IGNORE INTO wp_term_taxonomy (term_taxonomy_id, term_id, taxonomy, description, parent, count) VALUES (11509, 11509, 'product_cat', '<p style="font-size: 13px">Explore shopwice''s collection of the latest Oppo Mobile Phones at unbeatable prices. Shop models like the Oppo Reno, Find X, or A-series and more. Enjoy fast delivery, secure payments, and 100% authentic products. Order now!</p>', 10442, 11);
INSERT OR IGNORE INTO wp_terms (term_id, name, slug, term_group) VALUES (11524, 'Optical Cables', 'optical-cables', 0);
INSERT OR IGNORE INTO wp_term_taxonomy (term_taxonomy_id, term_id, taxonomy, description, parent, count) VALUES (11524, 11524, 'product_cat', '', 11520, 0);
INSERT OR IGNORE INTO wp_terms (term_id, name, slug, term_group) VALUES (10582, 'Oraimo bluetooth Speakers', 'oraimo-bluetooth-speakers', 0);
INSERT OR IGNORE INTO wp_term_taxonomy (term_taxonomy_id, term_id, taxonomy, description, parent, count) VALUES (10582, 10582, 'product_cat', '', 121, 4);
INSERT OR IGNORE INTO wp_termmeta (term_id, meta_key, meta_value) VALUES (10582, 'thumbnail_id', '164450');
INSERT OR IGNORE INTO wp_terms (term_id, name, slug, term_group) VALUES (10862, 'Oraimo Cables', 'oraimo-cables', 0);
INSERT OR IGNORE INTO wp_term_taxonomy (term_taxonomy_id, term_id, taxonomy, description, parent, count) VALUES (10862, 10862, 'product_cat', '', 190, 2);
INSERT OR IGNORE INTO wp_terms (term_id, name, slug, term_group) VALUES (10709, 'Oraimo Car Chargers', 'oraimo-car-chargers', 0);
INSERT OR IGNORE INTO wp_term_taxonomy (term_taxonomy_id, term_id, taxonomy, description, parent, count) VALUES (10709, 10709, 'product_cat', '', 10583, 1);
INSERT OR IGNORE INTO wp_terms (term_id, name, slug, term_group) VALUES (10583, 'Oraimo Chargers', 'oraimo-chargers', 0);
INSERT OR IGNORE INTO wp_term_taxonomy (term_taxonomy_id, term_id, taxonomy, description, parent, count) VALUES (10583, 10583, 'product_cat', '', 125, 8);
INSERT OR IGNORE INTO wp_terms (term_id, name, slug, term_group) VALUES (10584, 'Oraimo Earbuds', 'oraimo-earbuds', 0);
INSERT OR IGNORE INTO wp_term_taxonomy (term_taxonomy_id, term_id, taxonomy, description, parent, count) VALUES (10584, 10584, 'product_cat', '<h2 style="text-align: center"><span style="font-size: 75%">Oraimo Earbuds in Ghana</span></h2>
Explore authentic Oraimo Earbuds on Shopwice and buy online. Oraimo TWS earbuds are the<a style="font-size: 14.4px" href="https://shopwice.com/product-category/earbuds/"> perfect wireless earphones to streamline your music</a><span style="color: #555555;font-size: 14.4px"> and call with pure bass sound. They come with a variety of features, including Oraimo pure &amp; heavy bass sound, small size, low latency mode, water resistance, dustproof, and noise canceling. With their extended battery life, you will spend more time listening and less time charging.</span>', 10488, 11);
INSERT OR IGNORE INTO wp_termmeta (term_id, meta_key, meta_value) VALUES (10584, 'thumbnail_id', '164948');
INSERT OR IGNORE INTO wp_terms (term_id, name, slug, term_group) VALUES (10586, 'Oraimo Earphones', 'oraimo-earphones', 0);
INSERT OR IGNORE INTO wp_term_taxonomy (term_taxonomy_id, term_id, taxonomy, description, parent, count) VALUES (10586, 10586, 'product_cat', '', 10585, 1);
INSERT OR IGNORE INTO wp_terms (term_id, name, slug, term_group) VALUES (11097, 'Oraimo Grooming', 'oraimo-grooming', 0);
INSERT OR IGNORE INTO wp_term_taxonomy (term_taxonomy_id, term_id, taxonomy, description, parent, count) VALUES (11097, 11097, 'product_cat', '', 53, 3);
INSERT OR IGNORE INTO wp_terms (term_id, name, slug, term_group) VALUES (10587, 'Oraimo Headphones', 'oraimo-headphones', 0);
INSERT OR IGNORE INTO wp_term_taxonomy (term_taxonomy_id, term_id, taxonomy, description, parent, count) VALUES (10587, 10587, 'product_cat', '<h2>Oraimo Headphones in Ghana</h2>
Escape into the world of music with Oraimo wireless headphones. Whether you''re vibing to your favorite playlist or tuning out distractions with advanced noise cancellation, Oraimo headphones deliver rich, deep bass and crystal-clear sound. With up to 60 hours of battery life, you can enjoy nonstop beats all day. Available in different versions and models, browse and shop your favorite one.', 177, 3);
INSERT OR IGNORE INTO wp_terms (term_id, name, slug, term_group) VALUES (10763, 'Oraimo Home Appliances', 'oraimo-home-appliances', 0);
INSERT OR IGNORE INTO wp_term_taxonomy (term_taxonomy_id, term_id, taxonomy, description, parent, count) VALUES (10763, 10763, 'product_cat', '', 202, 2);
INSERT OR IGNORE INTO wp_terms (term_id, name, slug, term_group) VALUES (10711, 'Oraimo Mobile Accessories', 'oraimo-mobile-accessories', 0);
INSERT OR IGNORE INTO wp_term_taxonomy (term_taxonomy_id, term_id, taxonomy, description, parent, count) VALUES (10711, 10711, 'product_cat', 'Discover our collection of Oraimo Mobile accessories online in Ghana', 1870, 24);
INSERT OR IGNORE INTO wp_terms (term_id, name, slug, term_group) VALUES (10580, 'Oraimo Power Banks', 'oraimo-power-bank', 0);
INSERT OR IGNORE INTO wp_term_taxonomy (term_taxonomy_id, term_id, taxonomy, description, parent, count) VALUES (10580, 10580, 'product_cat', 'Are you looking for Oraimo power banks? Shopwice brings you a wide array of Oraimo Power Banks that will keep <a href="https://shopwice.com/product-category/mobile-phones/">your mobile phones connected</a>.', 134, 15);
INSERT OR IGNORE INTO wp_terms (term_id, name, slug, term_group) VALUES (10712, 'Oraimo Smart Accessories', 'oraimo-smart-accessories', 0);
INSERT OR IGNORE INTO wp_term_taxonomy (term_taxonomy_id, term_id, taxonomy, description, parent, count) VALUES (10712, 10712, 'product_cat', '', 10578, 27);
INSERT OR IGNORE INTO wp_terms (term_id, name, slug, term_group) VALUES (10577, 'Oraimo Smart Watch', 'oraimo-smart-watch', 0);
INSERT OR IGNORE INTO wp_term_taxonomy (term_taxonomy_id, term_id, taxonomy, description, parent, count) VALUES (10577, 10577, 'product_cat', '<h2 style="text-align: center">Buy Oriamo Smartwatch in Ghana</h2>
<p style="text-align: center">Discover our collection of the latest models of Oraimo Smart  watches and buy online.</p>', 10576, 9);
INSERT OR IGNORE INTO wp_termmeta (term_id, meta_key, meta_value) VALUES (10577, 'thumbnail_id', '159919');
INSERT OR IGNORE INTO wp_terms (term_id, name, slug, term_group) VALUES (11414, 'Oraimo Toasters', 'oraimo-toasters', 0);
INSERT OR IGNORE INTO wp_term_taxonomy (term_taxonomy_id, term_id, taxonomy, description, parent, count) VALUES (11414, 11414, 'product_cat', '', 11413, 1);
INSERT OR IGNORE INTO wp_terms (term_id, name, slug, term_group) VALUES (105, 'Oral Care', 'oral-care', 0);
INSERT OR IGNORE INTO wp_term_taxonomy (term_taxonomy_id, term_id, taxonomy, description, parent, count) VALUES (105, 105, 'product_cat', '', 53, 0);
INSERT OR IGNORE INTO wp_terms (term_id, name, slug, term_group) VALUES (11870, 'Outdoor Speakers', 'outdoor-speakers', 0);
INSERT OR IGNORE INTO wp_term_taxonomy (term_taxonomy_id, term_id, taxonomy, description, parent, count) VALUES (11870, 11870, 'product_cat', 'Explore Shopwice''s collection of outdoor speakers in Ghana. Shop durable, waterproof, and wireless speakers perfect for poolside, beach, or any outdoor activity.', 122, 40);
INSERT OR IGNORE INTO wp_terms (term_id, name, slug, term_group) VALUES (162, 'Oxford Shirts', 'oxford-shirts', 0);
INSERT OR IGNORE INTO wp_term_taxonomy (term_taxonomy_id, term_id, taxonomy, description, parent, count) VALUES (162, 162, 'product_cat', '', 131, 0);
INSERT OR IGNORE INTO wp_terms (term_id, name, slug, term_group) VALUES (86, 'Oxford Shoes', 'oxford-shoes', 0);
INSERT OR IGNORE INTO wp_term_taxonomy (term_taxonomy_id, term_id, taxonomy, description, parent, count) VALUES (86, 86, 'product_cat', '<h2 style="text-align: center">Oxford Shoes in Ghana</h2>', 1916, 4);
INSERT OR IGNORE INTO wp_terms (term_id, name, slug, term_group) VALUES (189, 'Pantry Staple', 'pantry-staple', 0);
INSERT OR IGNORE INTO wp_term_taxonomy (term_taxonomy_id, term_id, taxonomy, description, parent, count) VALUES (189, 189, 'product_cat', '', 15, 0);
INSERT OR IGNORE INTO wp_terms (term_id, name, slug, term_group) VALUES (11445, 'Party Speakers', 'party-speakers', 0);
INSERT OR IGNORE INTO wp_term_taxonomy (term_taxonomy_id, term_id, taxonomy, description, parent, count) VALUES (11445, 11445, 'product_cat', 'Bring vibes to any event with powerful <strong>party speakers at Shopwice</strong>. Explore loud, portable audio systems with deep bass, dazzling light shows, and long-lasting battery life for unforgettable gatherings', 122, 7);
INSERT OR IGNORE INTO wp_terms (term_id, name, slug, term_group) VALUES (43476, 'PC Cases', 'pc-cases', 0);
INSERT OR IGNORE INTO wp_term_taxonomy (term_taxonomy_id, term_id, taxonomy, description, parent, count) VALUES (43476, 43476, 'product_cat', '', 11516, 0);
INSERT OR IGNORE INTO wp_terms (term_id, name, slug, term_group) VALUES (10691, 'PC Games', 'pc-games', 0);
INSERT OR IGNORE INTO wp_term_taxonomy (term_taxonomy_id, term_id, taxonomy, description, parent, count) VALUES (10691, 10691, 'product_cat', '', 10703, 0);
INSERT OR IGNORE INTO wp_terms (term_id, name, slug, term_group) VALUES (229, 'Penny Loafer', 'penny-loafer', 0);
INSERT OR IGNORE INTO wp_term_taxonomy (term_taxonomy_id, term_id, taxonomy, description, parent, count) VALUES (229, 229, 'product_cat', '', 47, 2);
INSERT OR IGNORE INTO wp_terms (term_id, name, slug, term_group) VALUES (146, 'Perfumes', 'perfumes-shop', 0);
INSERT OR IGNORE INTO wp_term_taxonomy (term_taxonomy_id, term_id, taxonomy, description, parent, count) VALUES (146, 146, 'product_cat', '<h2>Perfume Shop in Ghana</h2>
Feed your senses with captivating scents and elevate your style with an exclusive fragrance selection from Shopwice''s online Perfume Shop. Explore our range of top-quality perfumes and find the perfect scent to express your unique personality.
[block id="perfume-top"]
', 52, 357);
INSERT OR IGNORE INTO wp_terms (term_id, name, slug, term_group) VALUES (11517, 'Peripherals', 'peripherals', 0);
INSERT OR IGNORE INTO wp_term_taxonomy (term_taxonomy_id, term_id, taxonomy, description, parent, count) VALUES (11517, 11517, 'product_cat', '', 126, 0);
INSERT OR IGNORE INTO wp_terms (term_id, name, slug, term_group) VALUES (1870, 'Phone Accessories', 'phone-accessories', 0);
INSERT OR IGNORE INTO wp_term_taxonomy (term_taxonomy_id, term_id, taxonomy, description, parent, count) VALUES (1870, 1870, 'product_cat', '', 1869, 73);
INSERT OR IGNORE INTO wp_terms (term_id, name, slug, term_group) VALUES (10631, 'Phone Cases and Covers', 'phone-cases-and-covers', 0);
INSERT OR IGNORE INTO wp_term_taxonomy (term_taxonomy_id, term_id, taxonomy, description, parent, count) VALUES (10631, 10631, 'product_cat', '', 1870, 3);
INSERT OR IGNORE INTO wp_terms (term_id, name, slug, term_group) VALUES (1869, 'Phones and Tablets', 'phones-and-tablets', 0);
INSERT OR IGNORE INTO wp_term_taxonomy (term_taxonomy_id, term_id, taxonomy, description, parent, count) VALUES (1869, 1869, 'product_cat', '', 126, 318);
INSERT OR IGNORE INTO wp_terms (term_id, name, slug, term_group) VALUES (43485, 'Photocopiers', 'photocopiers', 0);
INSERT OR IGNORE INTO wp_term_taxonomy (term_taxonomy_id, term_id, taxonomy, description, parent, count) VALUES (43485, 43485, 'product_cat', '', 43481, 0);
INSERT OR IGNORE INTO wp_terms (term_id, name, slug, term_group) VALUES (1066, 'Platform Sandals', 'platform-sandals', 0);
INSERT OR IGNORE INTO wp_term_taxonomy (term_taxonomy_id, term_id, taxonomy, description, parent, count) VALUES (1066, 1066, 'product_cat', '', 196, 0);
INSERT OR IGNORE INTO wp_terms (term_id, name, slug, term_group) VALUES (825, 'Platform Shoes', 'platform-shoes', 0);
INSERT OR IGNORE INTO wp_term_taxonomy (term_taxonomy_id, term_id, taxonomy, description, parent, count) VALUES (825, 825, 'product_cat', '', 42, 0);
INSERT OR IGNORE INTO wp_terms (term_id, name, slug, term_group) VALUES (10688, 'PlayStation 4 Video Games', 'playstation-4-video-games', 0);
INSERT OR IGNORE INTO wp_term_taxonomy (term_taxonomy_id, term_id, taxonomy, description, parent, count) VALUES (10688, 10688, 'product_cat', '', 10703, 1);
INSERT OR IGNORE INTO wp_terms (term_id, name, slug, term_group) VALUES (10704, 'PlayStation Consoles', 'playstation-consoles', 0);
INSERT OR IGNORE INTO wp_term_taxonomy (term_taxonomy_id, term_id, taxonomy, description, parent, count) VALUES (10704, 10704, 'product_cat', 'Discover the latest <strong>PlayStation Consoles</strong> at the best prices in Ghana.   Shop the <a href="https://shopwice.com/product/sony-playstation-ps5-pro-console-2tb/">PlayStation 5 Pro</a> and PlayStation 5 standard and digital editions. Explore more in our <a href="/product-category/gaming-consoles/">Gaming Consoles</a> section or get the best <a href="https://shopwice.com/collection/playstation-accessories/t">PlayStation Accessories</a> for an enhanced gaming experience.', 11513, 3);
INSERT OR IGNORE INTO wp_terms (term_id, name, slug, term_group) VALUES (11544, 'Podcasting Microphones', 'podcasting-microphones', 0);
INSERT OR IGNORE INTO wp_term_taxonomy (term_taxonomy_id, term_id, taxonomy, description, parent, count) VALUES (11544, 11544, 'product_cat', '', 11536, 0);
INSERT OR IGNORE INTO wp_terms (term_id, name, slug, term_group) VALUES (30, 'Polo Shirts', 'polo-shirts', 0);
INSERT OR IGNORE INTO wp_term_taxonomy (term_taxonomy_id, term_id, taxonomy, description, parent, count) VALUES (30, 30, 'product_cat', 'A greater collection of branded and plain polo shirts online. Shop from designers like Tommy, Ralph Lauren, Goodluck, Lacoste, and more at the best price at Shopwice.', 2101, 0);
INSERT OR IGNORE INTO wp_terms (term_id, name, slug, term_group) VALUES (2180, 'Pooper Scoops &amp; Bags', 'pooper-scoops-bags', 0);
INSERT OR IGNORE INTO wp_term_taxonomy (term_taxonomy_id, term_id, taxonomy, description, parent, count) VALUES (2180, 2180, 'product_cat', '', 2175, 0);
INSERT OR IGNORE INTO wp_terms (term_id, name, slug, term_group) VALUES (11553, 'Pop Filters &amp; Windstands', 'pop-filters-windstands', 0);
INSERT OR IGNORE INTO wp_term_taxonomy (term_taxonomy_id, term_id, taxonomy, description, parent, count) VALUES (11553, 11553, 'product_cat', '', 11539, 0);
INSERT OR IGNORE INTO wp_terms (term_id, name, slug, term_group) VALUES (10987, 'Popcorn Machines', 'popcorn-machines', 0);
INSERT OR IGNORE INTO wp_term_taxonomy (term_taxonomy_id, term_id, taxonomy, description, parent, count) VALUES (10987, 10987, 'product_cat', '', 202, 2);
INSERT OR IGNORE INTO wp_terms (term_id, name, slug, term_group) VALUES (11867, 'Portable Speakers', 'portable-speakers', 0);
INSERT OR IGNORE INTO wp_term_taxonomy (term_taxonomy_id, term_id, taxonomy, description, parent, count) VALUES (11867, 11867, 'product_cat', 'Explore the best <strong>portable speakers in Ghana</strong> for music on the go. From mini Bluetooth options to waterproof outdoor speakers, Shopwice brings you the latest models from trusted brands like Anker, JBL, Oraimo, Bose, and Beats by Dre. Perfect for travel, campus, beach, or just chilling at home', 122, 41);
INSERT OR IGNORE INTO wp_terms (term_id, name, slug, term_group) VALUES (134, 'Power Banks', 'power-banks', 0);
INSERT OR IGNORE INTO wp_term_taxonomy (term_taxonomy_id, term_id, taxonomy, description, parent, count) VALUES (134, 134, 'product_cat', '', 1870, 15);
INSERT OR IGNORE INTO wp_terms (term_id, name, slug, term_group) VALUES (10758, 'Power Stabilizer', 'power-stabilizers', 0);
INSERT OR IGNORE INTO wp_term_taxonomy (term_taxonomy_id, term_id, taxonomy, description, parent, count) VALUES (10758, 10758, 'product_cat', '', 202, 17);
INSERT OR IGNORE INTO wp_terms (term_id, name, slug, term_group) VALUES (43475, 'Power Supply Units (PSU)', 'power-supply-units-psu', 0);
INSERT OR IGNORE INTO wp_term_taxonomy (term_taxonomy_id, term_id, taxonomy, description, parent, count) VALUES (43475, 43475, 'product_cat', '', 15, 0);
INSERT OR IGNORE INTO wp_terms (term_id, name, slug, term_group) VALUES (11638, 'Pre-Owned', 'pre-owned', 0);
INSERT OR IGNORE INTO wp_term_taxonomy (term_taxonomy_id, term_id, taxonomy, description, parent, count) VALUES (11638, 11638, 'product_cat', '', 15, 0);
INSERT OR IGNORE INTO wp_terms (term_id, name, slug, term_group) VALUES (11617, 'Printer Accessories', 'printer-accessories', 0);
INSERT OR IGNORE INTO wp_term_taxonomy (term_taxonomy_id, term_id, taxonomy, description, parent, count) VALUES (11617, 11617, 'product_cat', '', 11518, 1);
INSERT OR IGNORE INTO wp_terms (term_id, name, slug, term_group) VALUES (43466, 'Printer Drums', 'printer-drums', 0);
INSERT OR IGNORE INTO wp_term_taxonomy (term_taxonomy_id, term_id, taxonomy, description, parent, count) VALUES (43466, 43466, 'product_cat', '', 43463, 0);
INSERT OR IGNORE INTO wp_terms (term_id, name, slug, term_group) VALUES (43468, 'Printer Ribbons', 'printer-ribbons', 0);
INSERT OR IGNORE INTO wp_term_taxonomy (term_taxonomy_id, term_id, taxonomy, description, parent, count) VALUES (43468, 43468, 'product_cat', '', 43463, 0);
INSERT OR IGNORE INTO wp_terms (term_id, name, slug, term_group) VALUES (43463, 'Printer Supplies &amp; Consumables', 'printer-supplies-consumables', 0);
INSERT OR IGNORE INTO wp_term_taxonomy (term_taxonomy_id, term_id, taxonomy, description, parent, count) VALUES (43463, 43463, 'product_cat', '', 43469, 0);
INSERT OR IGNORE INTO wp_terms (term_id, name, slug, term_group) VALUES (11614, 'Printers', 'printers', 0);
INSERT OR IGNORE INTO wp_term_taxonomy (term_taxonomy_id, term_id, taxonomy, description, parent, count) VALUES (11614, 11614, 'product_cat', '', 11518, 1);
INSERT OR IGNORE INTO wp_terms (term_id, name, slug, term_group) VALUES (11518, 'Printers Scanners &amp; Projectors', 'printers-scanners-projectors', 0);
INSERT OR IGNORE INTO wp_term_taxonomy (term_taxonomy_id, term_id, taxonomy, description, parent, count) VALUES (11518, 11518, 'product_cat', '', 126, 1);
INSERT OR IGNORE INTO wp_terms (term_id, name, slug, term_group) VALUES (43471, 'Processors (CPU)', 'processors-cpu', 0);
INSERT OR IGNORE INTO wp_term_taxonomy (term_taxonomy_id, term_id, taxonomy, description, parent, count) VALUES (43471, 43471, 'product_cat', '', 11516, 0);
INSERT OR IGNORE INTO wp_terms (term_id, name, slug, term_group) VALUES (43487, 'Productivity &amp; Office Suite', 'productivity-office-suite', 0);
INSERT OR IGNORE INTO wp_term_taxonomy (term_taxonomy_id, term_id, taxonomy, description, parent, count) VALUES (43487, 43487, 'product_cat', '', 43486, 0);
INSERT OR IGNORE INTO wp_terms (term_id, name, slug, term_group) VALUES (11546, 'Professional USB Mics', 'professional-usb-mics', 0);
INSERT OR IGNORE INTO wp_term_taxonomy (term_taxonomy_id, term_id, taxonomy, description, parent, count) VALUES (11546, 11546, 'product_cat', '', 11536, 0);
INSERT OR IGNORE INTO wp_terms (term_id, name, slug, term_group) VALUES (11616, 'Projectors', 'projectors', 0);
INSERT OR IGNORE INTO wp_term_taxonomy (term_taxonomy_id, term_id, taxonomy, description, parent, count) VALUES (11616, 11616, 'product_cat', '', 11518, 0);
INSERT OR IGNORE INTO wp_terms (term_id, name, slug, term_group) VALUES (11530, 'Protective Cases &amp; Covers', 'protective-cases-covers', 0);
INSERT OR IGNORE INTO wp_term_taxonomy (term_taxonomy_id, term_id, taxonomy, description, parent, count) VALUES (11530, 11530, 'product_cat', '', 10787, 0);
INSERT OR IGNORE INTO wp_terms (term_id, name, slug, term_group) VALUES (10689, 'PS 5 Video Games', 'ps-5-video-games', 0);
INSERT OR IGNORE INTO wp_term_taxonomy (term_taxonomy_id, term_id, taxonomy, description, parent, count) VALUES (10689, 10689, 'product_cat', '', 10703, 19);
INSERT OR IGNORE INTO wp_terms (term_id, name, slug, term_group) VALUES (236, 'Pump Loafers', 'pump-loafers', 0);
INSERT OR IGNORE INTO wp_term_taxonomy (term_taxonomy_id, term_id, taxonomy, description, parent, count) VALUES (236, 236, 'product_cat', '', 47, 1);
INSERT OR IGNORE INTO wp_terms (term_id, name, slug, term_group) VALUES (2115, 'Purses', 'purses', 0);
INSERT OR IGNORE INTO wp_term_taxonomy (term_taxonomy_id, term_id, taxonomy, description, parent, count) VALUES (2115, 2115, 'product_cat', '', 15, 0);
INSERT OR IGNORE INTO wp_terms (term_id, name, slug, term_group) VALUES (1081, 'Pvc Sandals', 'pvc-sandals', 0);
INSERT OR IGNORE INTO wp_term_taxonomy (term_taxonomy_id, term_id, taxonomy, description, parent, count) VALUES (1081, 1081, 'product_cat', '', 196, 0);
INSERT OR IGNORE INTO wp_terms (term_id, name, slug, term_group) VALUES (10698, 'Racing Wheels &amp; Flight Sticks', 'racing-wheels-flight-sticks', 0);
INSERT OR IGNORE INTO wp_term_taxonomy (term_taxonomy_id, term_id, taxonomy, description, parent, count) VALUES (10698, 10698, 'product_cat', '', 169, 0);
INSERT OR IGNORE INTO wp_terms (term_id, name, slug, term_group) VALUES (43472, 'RAM (Memory)', 'ram-memory', 0);
INSERT OR IGNORE INTO wp_term_taxonomy (term_taxonomy_id, term_id, taxonomy, description, parent, count) VALUES (43472, 43472, 'product_cat', '', 11516, 0);
INSERT OR IGNORE INTO wp_terms (term_id, name, slug, term_group) VALUES (10922, 'Razer Laptops', 'razer-laptops', 0);
INSERT OR IGNORE INTO wp_term_taxonomy (term_taxonomy_id, term_id, taxonomy, description, parent, count) VALUES (10922, 10922, 'product_cat', '', 10481, 0);
INSERT OR IGNORE INTO wp_terms (term_id, name, slug, term_group) VALUES (11525, 'RCA Cables', 'rca-cables', 0);
INSERT OR IGNORE INTO wp_term_taxonomy (term_taxonomy_id, term_id, taxonomy, description, parent, count) VALUES (11525, 11525, 'product_cat', '', 11520, 0);
INSERT OR IGNORE INTO wp_terms (term_id, name, slug, term_group) VALUES (10649, 'Refrigerators', 'refrigerators', 0);
INSERT OR IGNORE INTO wp_term_taxonomy (term_taxonomy_id, term_id, taxonomy, description, parent, count) VALUES (10649, 10649, 'product_cat', '', 202, 66);
INSERT OR IGNORE INTO wp_terms (term_id, name, slug, term_group) VALUES (10453, 'Refurbished Phones', 'refurbished-phones', 0);
INSERT OR IGNORE INTO wp_term_taxonomy (term_taxonomy_id, term_id, taxonomy, description, parent, count) VALUES (10453, 10453, 'product_cat', '', 1869, 0);
INSERT OR IGNORE INTO wp_terms (term_id, name, slug, term_group) VALUES (11474, 'Renewed Samsung Phones', 'renewed-samsung-phones', 0);
INSERT OR IGNORE INTO wp_term_taxonomy (term_taxonomy_id, term_id, taxonomy, description, parent, count) VALUES (11474, 11474, 'product_cat', '', 10476, 36);
INSERT OR IGNORE INTO wp_terms (term_id, name, slug, term_group) VALUES (11639, 'Repackage', 'repackage', 0);
INSERT OR IGNORE INTO wp_term_taxonomy (term_taxonomy_id, term_id, taxonomy, description, parent, count) VALUES (11639, 11639, 'product_cat', '', 15, 0);
INSERT OR IGNORE INTO wp_terms (term_id, name, slug, term_group) VALUES (11549, 'Ribbon Microphones', 'ribbon-microphones', 0);
INSERT OR IGNORE INTO wp_term_taxonomy (term_taxonomy_id, term_id, taxonomy, description, parent, count) VALUES (11549, 11549, 'product_cat', '', 11537, 0);
INSERT OR IGNORE INTO wp_terms (term_id, name, slug, term_group) VALUES (1850, 'Rice', 'rice', 0);
INSERT OR IGNORE INTO wp_term_taxonomy (term_taxonomy_id, term_id, taxonomy, description, parent, count) VALUES (1850, 1850, 'product_cat', '', 45, 0);
INSERT OR IGNORE INTO wp_terms (term_id, name, slug, term_group) VALUES (84, 'Rice Cookers', 'rice-cookers', 0);
INSERT OR IGNORE INTO wp_term_taxonomy (term_taxonomy_id, term_id, taxonomy, description, parent, count) VALUES (84, 84, 'product_cat', '<h2 style="text-align: center">Rice Cookers in Ghana</h2>', 202, 15);
INSERT OR IGNORE INTO wp_terms (term_id, name, slug, term_group) VALUES (43502, 'Rolling Laptop Bags', 'rolling-laptop-bags', 0);
INSERT OR IGNORE INTO wp_term_taxonomy (term_taxonomy_id, term_id, taxonomy, description, parent, count) VALUES (43502, 43502, 'product_cat', '', 183, 0);
INSERT OR IGNORE INTO wp_termmeta (term_id, meta_key, meta_value) VALUES (43502, 'thumbnail_id', '206907');
INSERT OR IGNORE INTO wp_terms (term_id, name, slug, term_group) VALUES (1059, 'Rope Sandals', 'rope-sandals', 0);
INSERT OR IGNORE INTO wp_term_taxonomy (term_taxonomy_id, term_id, taxonomy, description, parent, count) VALUES (1059, 1059, 'product_cat', '', 196, 0);
INSERT OR IGNORE INTO wp_terms (term_id, name, slug, term_group) VALUES (1082, 'Running Shoes', 'running-shoes', 0);
INSERT OR IGNORE INTO wp_term_taxonomy (term_taxonomy_id, term_id, taxonomy, description, parent, count) VALUES (1082, 1082, 'product_cat', '', 27, 1);
INSERT OR IGNORE INTO wp_terms (term_id, name, slug, term_group) VALUES (10794, 'Samsung Bluetooth Speakers', 'samsung-bluetooth-speakers', 0);
INSERT OR IGNORE INTO wp_term_taxonomy (term_taxonomy_id, term_id, taxonomy, description, parent, count) VALUES (10794, 10794, 'product_cat', '<h2 style="text-align: center">Samsung Bluetooth Speakers</h2>', 121, 1);
INSERT OR IGNORE INTO wp_terms (term_id, name, slug, term_group) VALUES (10484, 'Samsung Chromebooks', 'samsung-chromebooks', 0);
INSERT OR IGNORE INTO wp_term_taxonomy (term_taxonomy_id, term_id, taxonomy, description, parent, count) VALUES (10484, 10484, 'product_cat', '', 10482, 0);
INSERT OR IGNORE INTO wp_terms (term_id, name, slug, term_group) VALUES (10798, 'Samsung Earbuds', 'samsung-earbuds', 0);
INSERT OR IGNORE INTO wp_term_taxonomy (term_taxonomy_id, term_id, taxonomy, description, parent, count) VALUES (10798, 10798, 'product_cat', '<h2>Samsung TWS Bluetooth Earbuds</h2>
Shop Samsung Earbuds in Ghana at Shopwice. Explore the latest Galaxy Buds &amp; Bluetooth TWS models, including Buds 3 Pro, Buds FE, Buds Live, and more', 10488, 3);
INSERT OR IGNORE INTO wp_terms (term_id, name, slug, term_group) VALUES (10769, 'Samsung Galaxy A Series Smartphones', 'samsung-galaxy-a-series-smartphones', 0);
INSERT OR IGNORE INTO wp_term_taxonomy (term_taxonomy_id, term_id, taxonomy, description, parent, count) VALUES (10769, 10769, 'product_cat', '', 10476, 18);
INSERT OR IGNORE INTO wp_termmeta (term_id, meta_key, meta_value) VALUES (10769, 'thumbnail_id', '183666');
INSERT OR IGNORE INTO wp_terms (term_id, name, slug, term_group) VALUES (10901, 'Samsung Galaxy Note Phones', 'samsung-galaxy-note-phones', 0);
INSERT OR IGNORE INTO wp_term_taxonomy (term_taxonomy_id, term_id, taxonomy, description, parent, count) VALUES (10901, 10901, 'product_cat', '<h2><span style="font-size: 90%;color: #000000">The Galaxy Note is Back</span> – <span style="font-size: 100%">Renewed and Better Than Ever</span></h2>
<span style="font-size: 90%">Samsung may have paused the release of new Galaxy Note models, but the legacy lives on. Discover our collection of renewed Samsung Galaxy Note devices—expertly refurbished to feel brand new. Enjoy a premium performance at unbeatable prices, with a 12-month warranty, free shipping to selected locations, and express delivery across Ghana. Shop now and own a piece of innovation at a fraction of the cost!</span>', 10476, 4);
INSERT OR IGNORE INTO wp_terms (term_id, name, slug, term_group) VALUES (10770, 'Samsung Galaxy S Series Mobiles', 'samsung-galaxy-s-series-mobiles', 0);
INSERT OR IGNORE INTO wp_term_taxonomy (term_taxonomy_id, term_id, taxonomy, description, parent, count) VALUES (10770, 10770, 'product_cat', '<h2 style="text-align: center">Samsung Galaxy S Series Mobiles</h2>
From the Galaxy S1 to the S25 ultra, explore and shop every single item of the Samsung Galaxy S Series Mobiles on Shopwice. Discover cutting-edge cameras, vibrant displays, powerful performance, and iconic design across the entire Galaxy S range. Find your perfect device, whether it''s a brand new release or a premium renewed Galaxy S at an incredible value.', 10476, 41);
INSERT OR IGNORE INTO wp_terms (term_id, name, slug, term_group) VALUES (10768, 'Samsung Galaxy Z Series Mobiles', 'samsung-galaxy-z-series-mobiles', 0);
INSERT OR IGNORE INTO wp_term_taxonomy (term_taxonomy_id, term_id, taxonomy, description, parent, count) VALUES (10768, 10768, 'product_cat', 'Capture life from a perspective view with the FlexiCam of the Galaxy Z and experience what is important to you in an immersive view.', 10476, 11);
INSERT OR IGNORE INTO wp_terms (term_id, name, slug, term_group) VALUES (10737, 'Samsung home appliances', 'samsung-home-appliances', 0);
INSERT OR IGNORE INTO wp_term_taxonomy (term_taxonomy_id, term_id, taxonomy, description, parent, count) VALUES (10737, 10737, 'product_cat', '', 202, 0);
INSERT OR IGNORE INTO wp_terms (term_id, name, slug, term_group) VALUES (11842, 'Samsung Home Theatres', 'samsung-home-theatres', 0);
INSERT OR IGNORE INTO wp_term_taxonomy (term_taxonomy_id, term_id, taxonomy, description, parent, count) VALUES (11842, 11842, 'product_cat', '', 176, 1);
INSERT OR IGNORE INTO wp_terms (term_id, name, slug, term_group) VALUES (10920, 'Samsung Laptop Computers', 'samsung-laptop-computers', 0);
INSERT OR IGNORE INTO wp_term_taxonomy (term_taxonomy_id, term_id, taxonomy, description, parent, count) VALUES (10920, 10920, 'product_cat', '', 10481, 0);
INSERT OR IGNORE INTO wp_terms (term_id, name, slug, term_group) VALUES (10476, 'Samsung Mobile Phones', 'samsung-mobile-phones', 0);
INSERT OR IGNORE INTO wp_term_taxonomy (term_taxonomy_id, term_id, taxonomy, description, parent, count) VALUES (10476, 10476, 'product_cat', '', 10442, 77);
INSERT OR IGNORE INTO wp_termmeta (term_id, meta_key, meta_value) VALUES (10476, 'thumbnail_id', '166705');
INSERT OR IGNORE INTO wp_terms (term_id, name, slug, term_group) VALUES (10918, 'Samsung Smart Watches', 'samsung-smart-watches', 0);
INSERT OR IGNORE INTO wp_term_taxonomy (term_taxonomy_id, term_id, taxonomy, description, parent, count) VALUES (10918, 10918, 'product_cat', '', 10576, 7);
INSERT OR IGNORE INTO wp_terms (term_id, name, slug, term_group) VALUES (10456, 'Samsung Tablets', 'samsung-tablets', 0);
INSERT OR IGNORE INTO wp_term_taxonomy (term_taxonomy_id, term_id, taxonomy, description, parent, count) VALUES (10456, 10456, 'product_cat', '<h2 style="text-align: center">Samsung Tablets In Ghana</h2>
<p style="text-align: center">[block id="ssamsung-tab-top"]</p>', 10452, 7);
INSERT OR IGNORE INTO wp_terms (term_id, name, slug, term_group) VALUES (10917, 'Samsung Televisions', 'samsung-televisions', 0);
INSERT OR IGNORE INTO wp_term_taxonomy (term_taxonomy_id, term_id, taxonomy, description, parent, count) VALUES (10917, 10917, 'product_cat', '<h2 style="text-align: center">Samsung Television In Ghana</h2>', 10754, 11);
INSERT OR IGNORE INTO wp_terms (term_id, name, slug, term_group) VALUES (10683, 'Samsung Yam Phones', 'samsung-yam-phones', 0);
INSERT OR IGNORE INTO wp_term_taxonomy (term_taxonomy_id, term_id, taxonomy, description, parent, count) VALUES (10683, 10683, 'product_cat', 'Looking for a reliable Keypad phone? Shopwice brings you the best collection of  Samsung Yam phones in Ghana. Known for their durability, strong battery life, and affordable price, these Samsung feature phones are ideal for calls, SMS, and light usage. Whether you need a backup phone or a simple phone for everyday use, explore models with torchlight, FM radio, and dual SIM support.', 10492, 0);
INSERT OR IGNORE INTO wp_terms (term_id, name, slug, term_group) VALUES (10995, 'Sandwich Maker', 'sandwich-maker', 0);
INSERT OR IGNORE INTO wp_term_taxonomy (term_taxonomy_id, term_id, taxonomy, description, parent, count) VALUES (10995, 10995, 'product_cat', '', 202, 3);
INSERT OR IGNORE INTO wp_terms (term_id, name, slug, term_group) VALUES (3107, 'Satchel Bags', 'satchel-bags', 0);
INSERT OR IGNORE INTO wp_term_taxonomy (term_taxonomy_id, term_id, taxonomy, description, parent, count) VALUES (3107, 3107, 'product_cat', '', 113, 0);
INSERT OR IGNORE INTO wp_termmeta (term_id, meta_key, meta_value) VALUES (3107, 'thumbnail_id', '206900');
INSERT OR IGNORE INTO wp_terms (term_id, name, slug, term_group) VALUES (11615, 'Scanner', 'scanner', 0);
INSERT OR IGNORE INTO wp_term_taxonomy (term_taxonomy_id, term_id, taxonomy, description, parent, count) VALUES (11615, 11615, 'product_cat', '', 11518, 0);
INSERT OR IGNORE INTO wp_terms (term_id, name, slug, term_group) VALUES (46, 'School and Office', 'school-and-office', 0);
INSERT OR IGNORE INTO wp_term_taxonomy (term_taxonomy_id, term_id, taxonomy, description, parent, count) VALUES (46, 46, 'product_cat', '', 58, 0);
INSERT OR IGNORE INTO wp_terms (term_id, name, slug, term_group) VALUES (43498, 'School Backpacks', 'school-backpacks', 0);
INSERT OR IGNORE INTO wp_term_taxonomy (term_taxonomy_id, term_id, taxonomy, description, parent, count) VALUES (43498, 43498, 'product_cat', '', 107, 0);
INSERT OR IGNORE INTO wp_termmeta (term_id, meta_key, meta_value) VALUES (43498, 'thumbnail_id', '206891');
INSERT OR IGNORE INTO wp_terms (term_id, name, slug, term_group) VALUES (10593, 'Screen Protectors', 'screen-protectors', 0);
INSERT OR IGNORE INTO wp_term_taxonomy (term_taxonomy_id, term_id, taxonomy, description, parent, count) VALUES (10593, 10593, 'product_cat', '', 1870, 4);
INSERT OR IGNORE INTO wp_terms (term_id, name, slug, term_group) VALUES (43488, 'Security &amp; Antivirus Utilities', 'security-antivirus-utilities', 0);
INSERT OR IGNORE INTO wp_term_taxonomy (term_taxonomy_id, term_id, taxonomy, description, parent, count) VALUES (43488, 43488, 'product_cat', '', 43486, 0);
INSERT OR IGNORE INTO wp_terms (term_id, name, slug, term_group) VALUES (11573, 'Security &amp; Surveillance', 'security-surveillance', 0);
INSERT OR IGNORE INTO wp_term_taxonomy (term_taxonomy_id, term_id, taxonomy, description, parent, count) VALUES (11573, 11573, 'product_cat', '', 11569, 0);
INSERT OR IGNORE INTO wp_terms (term_id, name, slug, term_group) VALUES (11073, 'Semi Automatic Washing Machines', 'semi-automatic-washing-machines', 0);
INSERT OR IGNORE INTO wp_term_taxonomy (term_taxonomy_id, term_id, taxonomy, description, parent, count) VALUES (11073, 11073, 'product_cat', '', 10859, 1);
INSERT OR IGNORE INTO wp_terms (term_id, name, slug, term_group) VALUES (215, 'Senator Suits', 'senator-suits', 0);
INSERT OR IGNORE INTO wp_term_taxonomy (term_taxonomy_id, term_id, taxonomy, description, parent, count) VALUES (215, 215, 'product_cat', '', 80, 0);
INSERT OR IGNORE INTO wp_terms (term_id, name, slug, term_group) VALUES (10638, 'Sewing Machines', 'sewing-machines', 0);
INSERT OR IGNORE INTO wp_term_taxonomy (term_taxonomy_id, term_id, taxonomy, description, parent, count) VALUES (10638, 10638, 'product_cat', '', 117, 3);
INSERT OR IGNORE INTO wp_terms (term_id, name, slug, term_group) VALUES (10568, 'Sexual Products', 'sexual-products', 0);
INSERT OR IGNORE INTO wp_term_taxonomy (term_taxonomy_id, term_id, taxonomy, description, parent, count) VALUES (10568, 10568, 'product_cat', '', 52, 2);
INSERT OR IGNORE INTO wp_terms (term_id, name, slug, term_group) VALUES (11587, 'Shampoo and Conditioners', 'shampoo-and-conditioners', 0);
INSERT OR IGNORE INTO wp_term_taxonomy (term_taxonomy_id, term_id, taxonomy, description, parent, count) VALUES (11587, 11587, 'product_cat', '', 103, 0);
INSERT OR IGNORE INTO wp_terms (term_id, name, slug, term_group) VALUES (11601, 'Shaving and Beard Care', 'shaving-and-beard-care', 0);
INSERT OR IGNORE INTO wp_term_taxonomy (term_taxonomy_id, term_id, taxonomy, description, parent, count) VALUES (11601, 11601, 'product_cat', '', 11600, 0);
INSERT OR IGNORE INTO wp_terms (term_id, name, slug, term_group) VALUES (11554, 'Shock Mounts', 'shock-mounts', 0);
INSERT OR IGNORE INTO wp_term_taxonomy (term_taxonomy_id, term_id, taxonomy, description, parent, count) VALUES (11554, 11554, 'product_cat', '', 11539, 0);
INSERT OR IGNORE INTO wp_terms (term_id, name, slug, term_group) VALUES (43515, 'Shoe Accessories', 'shoe-accessories', 0);
INSERT OR IGNORE INTO wp_term_taxonomy (term_taxonomy_id, term_id, taxonomy, description, parent, count) VALUES (43515, 43515, 'product_cat', '', 43512, 0);
INSERT OR IGNORE INTO wp_terms (term_id, name, slug, term_group) VALUES (87, 'Shoe Care and Accessories', 'shoe-care-and-accessories', 0);
INSERT OR IGNORE INTO wp_term_taxonomy (term_taxonomy_id, term_id, taxonomy, description, parent, count) VALUES (87, 87, 'product_cat', '', 10380, 0);
INSERT OR IGNORE INTO wp_terms (term_id, name, slug, term_group) VALUES (181, 'Shoe Rack', 'shoe-rack', 0);
INSERT OR IGNORE INTO wp_term_taxonomy (term_taxonomy_id, term_id, taxonomy, description, parent, count) VALUES (181, 181, 'product_cat', '', 15, 0);
INSERT OR IGNORE INTO wp_terms (term_id, name, slug, term_group) VALUES (168, 'Shoes &amp; Accessories', 'shoes-accessories', 0);
INSERT OR IGNORE INTO wp_term_taxonomy (term_taxonomy_id, term_id, taxonomy, description, parent, count) VALUES (168, 168, 'product_cat', '', 15, 0);
INSERT OR IGNORE INTO wp_terms (term_id, name, slug, term_group) VALUES (43509, 'Shorts', 'shorts', 0);
INSERT OR IGNORE INTO wp_term_taxonomy (term_taxonomy_id, term_id, taxonomy, description, parent, count) VALUES (43509, 43509, 'product_cat', '', 76, 0);
INSERT OR IGNORE INTO wp_terms (term_id, name, slug, term_group) VALUES (36, 'Shoulder Bags', 'shoulder-bags', 0);
INSERT OR IGNORE INTO wp_term_taxonomy (term_taxonomy_id, term_id, taxonomy, description, parent, count) VALUES (36, 36, 'product_cat', '', 113, 0);
INSERT OR IGNORE INTO wp_termmeta (term_id, meta_key, meta_value) VALUES (36, 'thumbnail_id', '206898');
INSERT OR IGNORE INTO wp_terms (term_id, name, slug, term_group) VALUES (43484, 'Shredders', 'shredders', 0);
INSERT OR IGNORE INTO wp_term_taxonomy (term_taxonomy_id, term_id, taxonomy, description, parent, count) VALUES (43484, 43484, 'product_cat', '', 43481, 0);
INSERT OR IGNORE INTO wp_terms (term_id, name, slug, term_group) VALUES (203, 'SHS Students Prospectus', 'shs-students-prospectus', 0);
INSERT OR IGNORE INTO wp_term_taxonomy (term_taxonomy_id, term_id, taxonomy, description, parent, count) VALUES (203, 203, 'product_cat', '', 46, 0);
INSERT OR IGNORE INTO wp_terms (term_id, name, slug, term_group) VALUES (11078, 'Single Tub Washing Machines', 'single-tub-washing-machines', 0);
INSERT OR IGNORE INTO wp_term_taxonomy (term_taxonomy_id, term_id, taxonomy, description, parent, count) VALUES (11078, 11078, 'product_cat', '', 10859, 0);
INSERT OR IGNORE INTO wp_terms (term_id, name, slug, term_group) VALUES (51, 'Singlet', 'singlet', 0);
INSERT OR IGNORE INTO wp_term_taxonomy (term_taxonomy_id, term_id, taxonomy, description, parent, count) VALUES (51, 51, 'product_cat', '', 24, 0);
INSERT OR IGNORE INTO wp_terms (term_id, name, slug, term_group) VALUES (1620, 'Skateboarding Shoes', 'skateboarding-shoes', 0);
INSERT OR IGNORE INTO wp_term_taxonomy (term_taxonomy_id, term_id, taxonomy, description, parent, count) VALUES (1620, 1620, 'product_cat', '', 27, 3);
INSERT OR IGNORE INTO wp_terms (term_id, name, slug, term_group) VALUES (55, 'Skin Care', 'skin-care', 0);
INSERT OR IGNORE INTO wp_term_taxonomy (term_taxonomy_id, term_id, taxonomy, description, parent, count) VALUES (55, 55, 'product_cat', '', 53, 0);
INSERT OR IGNORE INTO wp_terms (term_id, name, slug, term_group) VALUES (10802, 'Skullcandy Earbuds', 'skullcandy-earbuds', 0);
INSERT OR IGNORE INTO wp_term_taxonomy (term_taxonomy_id, term_id, taxonomy, description, parent, count) VALUES (10802, 10802, 'product_cat', '', 10488, 0);
INSERT OR IGNORE INTO wp_terms (term_id, name, slug, term_group) VALUES (1067, 'Slide Sandals', 'slide-sandals', 0);
INSERT OR IGNORE INTO wp_term_taxonomy (term_taxonomy_id, term_id, taxonomy, description, parent, count) VALUES (1067, 1067, 'product_cat', '', 196, 0);
INSERT OR IGNORE INTO wp_terms (term_id, name, slug, term_group) VALUES (1855, 'Slides', 'slides', 0);
INSERT OR IGNORE INTO wp_term_taxonomy (term_taxonomy_id, term_id, taxonomy, description, parent, count) VALUES (1855, 1855, 'product_cat', '', 22, 3);
INSERT OR IGNORE INTO wp_terms (term_id, name, slug, term_group) VALUES (200, 'Sling Back Sandals', 'sling-back-sandals', 0);
INSERT OR IGNORE INTO wp_term_taxonomy (term_taxonomy_id, term_id, taxonomy, description, parent, count) VALUES (200, 200, 'product_cat', '', 10380, 0);
INSERT OR IGNORE INTO wp_terms (term_id, name, slug, term_group) VALUES (234, 'Slipper Loafers', 'slipper-loafers', 0);
INSERT OR IGNORE INTO wp_term_taxonomy (term_taxonomy_id, term_id, taxonomy, description, parent, count) VALUES (234, 234, 'product_cat', '', 47, 1);
INSERT OR IGNORE INTO wp_terms (term_id, name, slug, term_group) VALUES (2063, 'Small Animals', 'small-animals', 0);
INSERT OR IGNORE INTO wp_term_taxonomy (term_taxonomy_id, term_id, taxonomy, description, parent, count) VALUES (2063, 2063, 'product_cat', '', 15, 0);
INSERT OR IGNORE INTO wp_terms (term_id, name, slug, term_group) VALUES (11452, 'Small Kitchen Appliances', 'small-appliances', 0);
INSERT OR IGNORE INTO wp_term_taxonomy (term_taxonomy_id, term_id, taxonomy, description, parent, count) VALUES (11452, 11452, 'product_cat', '', 202, 7);
INSERT OR IGNORE INTO wp_terms (term_id, name, slug, term_group) VALUES (10578, 'Smart Accessories', 'smart-accessories', 0);
INSERT OR IGNORE INTO wp_term_taxonomy (term_taxonomy_id, term_id, taxonomy, description, parent, count) VALUES (10578, 10578, 'product_cat', '', 126, 34);
INSERT OR IGNORE INTO wp_terms (term_id, name, slug, term_group) VALUES (43458, 'Smart Speakers', 'smart-speakers', 0);
INSERT OR IGNORE INTO wp_term_taxonomy (term_taxonomy_id, term_id, taxonomy, description, parent, count) VALUES (43458, 43458, 'product_cat', '', 122, 1);
INSERT OR IGNORE INTO wp_terms (term_id, name, slug, term_group) VALUES (11565, 'Smart TVs', 'smart-tvs', 0);
INSERT OR IGNORE INTO wp_term_taxonomy (term_taxonomy_id, term_id, taxonomy, description, parent, count) VALUES (11565, 11565, 'product_cat', '', 10754, 22);
INSERT OR IGNORE INTO wp_terms (term_id, name, slug, term_group) VALUES (10442, 'Smartphones', 'smartphones', 0);
INSERT OR IGNORE INTO wp_term_taxonomy (term_taxonomy_id, term_id, taxonomy, description, parent, count) VALUES (10442, 10442, 'product_cat', 'Smartphones', 10449, 195);
INSERT OR IGNORE INTO wp_terms (term_id, name, slug, term_group) VALUES (10576, 'Smartwatch', 'smartwatch', 0);
INSERT OR IGNORE INTO wp_term_taxonomy (term_taxonomy_id, term_id, taxonomy, description, parent, count) VALUES (10576, 10576, 'product_cat', '', 126, 17);
INSERT OR IGNORE INTO wp_terms (term_id, name, slug, term_group) VALUES (10852, 'Sneakers', 'sneakers', 0);
INSERT OR IGNORE INTO wp_term_taxonomy (term_taxonomy_id, term_id, taxonomy, description, parent, count) VALUES (10852, 10852, 'product_cat', '', 10380, 22);
INSERT OR IGNORE INTO wp_termmeta (term_id, meta_key, meta_value) VALUES (10852, 'thumbnail_id', '169104');
INSERT OR IGNORE INTO wp_terms (term_id, name, slug, term_group) VALUES (43325, 'Socket and Extensions', 'socket-and-extensions', 0);
INSERT OR IGNORE INTO wp_term_taxonomy (term_taxonomy_id, term_id, taxonomy, description, parent, count) VALUES (43325, 43325, 'product_cat', '', 43323, 0);
INSERT OR IGNORE INTO wp_terms (term_id, name, slug, term_group) VALUES (43486, 'Software &amp; Licenses', 'software-licenses', 0);
INSERT OR IGNORE INTO wp_term_taxonomy (term_taxonomy_id, term_id, taxonomy, description, parent, count) VALUES (43486, 43486, 'product_cat', '', 126, 0);
INSERT OR IGNORE INTO wp_terms (term_id, name, slug, term_group) VALUES (10797, 'Sonos Bluetooth Speakers', 'sonos-bluetooth-speakers', 0);
INSERT OR IGNORE INTO wp_term_taxonomy (term_taxonomy_id, term_id, taxonomy, description, parent, count) VALUES (10797, 10797, 'product_cat', '<h2 style="text-align: center">Sonos Bluetooth Speakers</h2>', 121, 0);
INSERT OR IGNORE INTO wp_terms (term_id, name, slug, term_group) VALUES (11846, 'Sonos Home theatres', 'sonos-home-theatres', 0);
INSERT OR IGNORE INTO wp_term_taxonomy (term_taxonomy_id, term_id, taxonomy, description, parent, count) VALUES (11846, 11846, 'product_cat', '', 176, 0);
INSERT OR IGNORE INTO wp_terms (term_id, name, slug, term_group) VALUES (10667, 'Sony Bluetooth Speakers', 'sony-bluetooth-speakers', 0);
INSERT OR IGNORE INTO wp_term_taxonomy (term_taxonomy_id, term_id, taxonomy, description, parent, count) VALUES (10667, 10667, 'product_cat', '<h2 style="text-align: center">Sony Bluetooth Speakers in Ghana</h2>', 121, 1);
INSERT OR IGNORE INTO wp_terms (term_id, name, slug, term_group) VALUES (10669, 'Sony Earbuds', 'sony-earbuds', 0);
INSERT OR IGNORE INTO wp_term_taxonomy (term_taxonomy_id, term_id, taxonomy, description, parent, count) VALUES (10669, 10669, 'product_cat', '<h2 style="text-align: center">Sony Earbuds in Ghana</h2>', 10488, 3);
INSERT OR IGNORE INTO wp_terms (term_id, name, slug, term_group) VALUES (10668, 'Sony Headphones', 'sony-headphones', 0);
INSERT OR IGNORE INTO wp_term_taxonomy (term_taxonomy_id, term_id, taxonomy, description, parent, count) VALUES (10668, 10668, 'product_cat', '<h2 style="text-align: center">Sony headphones in Ghana</h2>', 177, 17);
INSERT OR IGNORE INTO wp_terms (term_id, name, slug, term_group) VALUES (10670, 'Sony Home Theatres', 'sony-home-theatres', 0);
INSERT OR IGNORE INTO wp_term_taxonomy (term_taxonomy_id, term_id, taxonomy, description, parent, count) VALUES (10670, 10670, 'product_cat', '', 176, 1);
INSERT OR IGNORE INTO wp_terms (term_id, name, slug, term_group) VALUES (10671, 'Sony Sound Systems', 'sony-sound-systems', 0);
INSERT OR IGNORE INTO wp_term_taxonomy (term_taxonomy_id, term_id, taxonomy, description, parent, count) VALUES (10671, 10671, 'product_cat', '', 122, 1);
INSERT OR IGNORE INTO wp_terms (term_id, name, slug, term_group) VALUES (10686, 'Sound Bars', 'sound-bars', 0);
INSERT OR IGNORE INTO wp_term_taxonomy (term_taxonomy_id, term_id, taxonomy, description, parent, count) VALUES (10686, 10686, 'product_cat', '', 10487, 3);
INSERT OR IGNORE INTO wp_terms (term_id, name, slug, term_group) VALUES (11527, 'Speaker Stands and Mounts', 'speaker-stands-and-mounts', 0);
INSERT OR IGNORE INTO wp_term_taxonomy (term_taxonomy_id, term_id, taxonomy, description, parent, count) VALUES (11527, 11527, 'product_cat', '', 11521, 0);
INSERT OR IGNORE INTO wp_terms (term_id, name, slug, term_group) VALUES (122, 'Speakers', 'speakers', 0);
INSERT OR IGNORE INTO wp_term_taxonomy (term_taxonomy_id, term_id, taxonomy, description, parent, count) VALUES (122, 122, 'product_cat', '[block id="above-the-fold-content-for-speakers"]', 10487, 59);
INSERT OR IGNORE INTO wp_terms (term_id, name, slug, term_group) VALUES (133, 'Sports and Fitness', 'sports-and-fitness', 0);
INSERT OR IGNORE INTO wp_term_taxonomy (term_taxonomy_id, term_id, taxonomy, description, parent, count) VALUES (133, 133, 'product_cat', '', 132, 1);
INSERT OR IGNORE INTO wp_terms (term_id, name, slug, term_group) VALUES (132, 'Sports and Outdoor', 'sports-and-outdoor', 0);
INSERT OR IGNORE INTO wp_term_taxonomy (term_taxonomy_id, term_id, taxonomy, description, parent, count) VALUES (132, 132, 'product_cat', '', 0, 1);
INSERT OR IGNORE INTO wp_terms (term_id, name, slug, term_group) VALUES (11871, 'Sportswear', 'sportswear', 0);
INSERT OR IGNORE INTO wp_term_taxonomy (term_taxonomy_id, term_id, taxonomy, description, parent, count) VALUES (11871, 11871, 'product_cat', '', 10380, 0);
INSERT OR IGNORE INTO wp_terms (term_id, name, slug, term_group) VALUES (10647, 'Standing Fans', 'standing-fans', 0);
INSERT OR IGNORE INTO wp_term_taxonomy (term_taxonomy_id, term_id, taxonomy, description, parent, count) VALUES (10647, 10647, 'product_cat', '', 154, 52);
INSERT OR IGNORE INTO wp_terms (term_id, name, slug, term_group) VALUES (11521, 'Stands &amp; Mounts', 'stands-mounts', 0);
INSERT OR IGNORE INTO wp_term_taxonomy (term_taxonomy_id, term_id, taxonomy, description, parent, count) VALUES (11521, 11521, 'product_cat', '', 10787, 0);
INSERT OR IGNORE INTO wp_terms (term_id, name, slug, term_group) VALUES (1408, 'Stiletto Heels', 'stiletto-heels', 0);
INSERT OR IGNORE INTO wp_term_taxonomy (term_taxonomy_id, term_id, taxonomy, description, parent, count) VALUES (1408, 1408, 'product_cat', '', 275, 0);
INSERT OR IGNORE INTO wp_terms (term_id, name, slug, term_group) VALUES (43474, 'Storage (Internal SSDs &amp; HDDs)', 'storage-internal-ssds-hdds', 0);
INSERT OR IGNORE INTO wp_term_taxonomy (term_taxonomy_id, term_id, taxonomy, description, parent, count) VALUES (43474, 43474, 'product_cat', '', 11516, 0);
INSERT OR IGNORE INTO wp_terms (term_id, name, slug, term_group) VALUES (1064, 'Strappy Sandals', 'strappy-sandals', 0);
INSERT OR IGNORE INTO wp_term_taxonomy (term_taxonomy_id, term_id, taxonomy, description, parent, count) VALUES (1064, 1064, 'product_cat', '', 196, 0);
INSERT OR IGNORE INTO wp_terms (term_id, name, slug, term_group) VALUES (11545, 'Streaming &amp; Gaming Microphones', 'streaming-gaming-microphones', 0);
INSERT OR IGNORE INTO wp_term_taxonomy (term_taxonomy_id, term_id, taxonomy, description, parent, count) VALUES (11545, 11545, 'product_cat', '', 11536, 0);
INSERT OR IGNORE INTO wp_terms (term_id, name, slug, term_group) VALUES (11559, 'Streaming Devices &amp; Set Top Boxes', 'streaming-devices-set-top-boxes', 0);
INSERT OR IGNORE INTO wp_term_taxonomy (term_taxonomy_id, term_id, taxonomy, description, parent, count) VALUES (11559, 11559, 'product_cat', '', 11557, 0);
INSERT OR IGNORE INTO wp_terms (term_id, name, slug, term_group) VALUES (11888, '128GB Samsung Phones', '128gb-samsung-phones', 0);
INSERT OR IGNORE INTO wp_term_taxonomy (term_taxonomy_id, term_id, taxonomy, description, parent, count) VALUES (11888, 11888, 'product_tag', '', 0, 59);
INSERT OR IGNORE INTO wp_terms (term_id, name, slug, term_group) VALUES (11892, '12GB RAM Samsung Phones', '12gb-ram-samsung-phones', 0);
INSERT OR IGNORE INTO wp_term_taxonomy (term_taxonomy_id, term_id, taxonomy, description, parent, count) VALUES (11892, 11892, 'product_tag', '', 0, 29);
INSERT OR IGNORE INTO wp_terms (term_id, name, slug, term_group) VALUES (11890, '256GB Samsung Phones', '256gb-samsung-phones', 0);
INSERT OR IGNORE INTO wp_term_taxonomy (term_taxonomy_id, term_id, taxonomy, description, parent, count) VALUES (11890, 11890, 'product_tag', '', 0, 53);
INSERT OR IGNORE INTO wp_terms (term_id, name, slug, term_group) VALUES (11894, '512GB Samsung Phones', '512gb-samsung-phones', 0);
INSERT OR IGNORE INTO wp_term_taxonomy (term_taxonomy_id, term_id, taxonomy, description, parent, count) VALUES (11894, 11894, 'product_tag', '', 0, 23);
INSERT OR IGNORE INTO wp_terms (term_id, name, slug, term_group) VALUES (1851, '5kg Rice in Ghana', '5kg-rice-in-ghana', 0);
INSERT OR IGNORE INTO wp_term_taxonomy (term_taxonomy_id, term_id, taxonomy, description, parent, count) VALUES (1851, 1851, 'product_tag', '', 0, 56);
INSERT OR IGNORE INTO wp_terms (term_id, name, slug, term_group) VALUES (11887, '64GB Samsung Phones', '64gb-samsung-phones', 0);
INSERT OR IGNORE INTO wp_term_taxonomy (term_taxonomy_id, term_id, taxonomy, description, parent, count) VALUES (11887, 11887, 'product_tag', '', 0, 16);
INSERT OR IGNORE INTO wp_terms (term_id, name, slug, term_group) VALUES (11889, '6GB RAM Samsung Phones', '6gb-ram-samsung-phones', 0);
INSERT OR IGNORE INTO wp_term_taxonomy (term_taxonomy_id, term_id, taxonomy, description, parent, count) VALUES (11889, 11889, 'product_tag', '', 0, 25);
INSERT OR IGNORE INTO wp_terms (term_id, name, slug, term_group) VALUES (11891, '8GB RAM Samsung Phones', '8gb-ram-samsung-phones', 0);
INSERT OR IGNORE INTO wp_term_taxonomy (term_taxonomy_id, term_id, taxonomy, description, parent, count) VALUES (11891, 11891, 'product_tag', 'Explore our collection of 8GB RAM Samsung Phones and buy online. These phones deliver smooth performance, seamless app switching, and lag-free experiences —making your phone load faster.', 0, 50);
INSERT OR IGNORE INTO wp_terms (term_id, name, slug, term_group) VALUES (10469, 'AC Milan Jerseys', 'ac-milan-jerseys', 0);
INSERT OR IGNORE INTO wp_term_taxonomy (term_taxonomy_id, term_id, taxonomy, description, parent, count) VALUES (10469, 10469, 'product_tag', 'Shop this season''s, last season''s, and old AC Milan Jerseys online in Ghana at the best prices.', 0, 0);
INSERT OR IGNORE INTO wp_terms (term_id, name, slug, term_group) VALUES (10489, 'adidas alphaedge', 'adidas-alphaedge', 0);
INSERT OR IGNORE INTO wp_term_taxonomy (term_taxonomy_id, term_id, taxonomy, description, parent, count) VALUES (10489, 10489, 'product_tag', '', 0, 0);
INSERT OR IGNORE INTO wp_terms (term_id, name, slug, term_group) VALUES (10512, 'Adidas Sabalo', 'adidas-sabalo', 0);
INSERT OR IGNORE INTO wp_term_taxonomy (term_taxonomy_id, term_id, taxonomy, description, parent, count) VALUES (10512, 10512, 'product_tag', '<h2 style="text-align: center">Buy Adidas Sabalo Sneaker Online in Ghana</h2>', 0, 0);
INSERT OR IGNORE INTO wp_terms (term_id, name, slug, term_group) VALUES (10511, 'Adidas Topanga', 'adidas-topanga', 0);
INSERT OR IGNORE INTO wp_term_taxonomy (term_taxonomy_id, term_id, taxonomy, description, parent, count) VALUES (10511, 10511, 'product_tag', '<h2 style="text-align: center">Shop for Adidas Topanga Sneakers Online in Ghana</h2>', 0, 0);
INSERT OR IGNORE INTO wp_terms (term_id, name, slug, term_group) VALUES (10752, 'Adidas Yeezy Boost', 'adidas-yeezy-boost', 0);
INSERT OR IGNORE INTO wp_term_taxonomy (term_taxonomy_id, term_id, taxonomy, description, parent, count) VALUES (10752, 10752, 'product_tag', '<h2 style="text-align: center">Adidas Yeezy Boost in Ghana</h2>
. Explore Shopwice''s collection of the latest Adidas Yeezy Boost Shoes in Ghana. Starting from the Yeezy Boost 350s, 300, 380 700, and 500, and buy online.', 0, 0);
INSERT OR IGNORE INTO wp_terms (term_id, name, slug, term_group) VALUES (10530, 'Air Force 1 High', 'air-force-1-high', 0);
INSERT OR IGNORE INTO wp_term_taxonomy (term_taxonomy_id, term_id, taxonomy, description, parent, count) VALUES (10530, 10530, 'product_tag', '<h2 style="text-align: center">Shop for Nike Air Force 1 High Sneaker in Ghana</h2>', 0, 0);
INSERT OR IGNORE INTO wp_terms (term_id, name, slug, term_group) VALUES (10529, 'Air Force 1 Low', 'air-force-1-low', 0);
INSERT OR IGNORE INTO wp_term_taxonomy (term_taxonomy_id, term_id, taxonomy, description, parent, count) VALUES (10529, 10529, 'product_tag', '', 0, 0);
INSERT OR IGNORE INTO wp_terms (term_id, name, slug, term_group) VALUES (10531, 'Air Force 1 Mid', 'air-force-1-mid', 0);
INSERT OR IGNORE INTO wp_term_taxonomy (term_taxonomy_id, term_id, taxonomy, description, parent, count) VALUES (10531, 10531, 'product_tag', '', 0, 0);
INSERT OR IGNORE INTO wp_terms (term_id, name, slug, term_group) VALUES (1858, 'Air Jordan Shoes', 'air-jordan-shoes', 0);
INSERT OR IGNORE INTO wp_term_taxonomy (term_taxonomy_id, term_id, taxonomy, description, parent, count) VALUES (1858, 1858, 'product_tag', '<h2 style="text-align: center">Shop Nike Air Jordan Shoes in Ghana</h2>
[block id="jordan-shoes"]

<!-- /wp:kadence/rowlayout -->', 0, 6);
INSERT OR IGNORE INTO wp_terms (term_id, name, slug, term_group) VALUES (10526, 'air max', 'air-max', 0);
INSERT OR IGNORE INTO wp_term_taxonomy (term_taxonomy_id, term_id, taxonomy, description, parent, count) VALUES (10526, 10526, 'product_tag', '', 0, 0);
INSERT OR IGNORE INTO wp_terms (term_id, name, slug, term_group) VALUES (10498, 'Air Max 95', 'air-max-95', 0);
INSERT OR IGNORE INTO wp_term_taxonomy (term_taxonomy_id, term_id, taxonomy, description, parent, count) VALUES (10498, 10498, 'product_tag', '', 0, 0);
INSERT OR IGNORE INTO wp_terms (term_id, name, slug, term_group) VALUES (10466, 'Ajax Jerseys', 'ajax-jerseys', 0);
INSERT OR IGNORE INTO wp_term_taxonomy (term_taxonomy_id, term_id, taxonomy, description, parent, count) VALUES (10466, 10466, 'product_tag', '', 0, 0);
INSERT OR IGNORE INTO wp_terms (term_id, name, slug, term_group) VALUES (10416, 'Andrew Wiggins Peak Shoes', 'andrew-wiggins-peak-shoes', 0);
INSERT OR IGNORE INTO wp_term_taxonomy (term_taxonomy_id, term_id, taxonomy, description, parent, count) VALUES (10416, 10416, 'product_tag', '<h2 style="text-align: center">Peak Wiggins Shoes</h2>
Check our collection of the latest Andrew Wiggins Peak Shoes and buy them online.', 0, 0);
INSERT OR IGNORE INTO wp_terms (term_id, name, slug, term_group) VALUES (10882, 'arsenal', 'arsenal', 0);
INSERT OR IGNORE INTO wp_term_taxonomy (term_taxonomy_id, term_id, taxonomy, description, parent, count) VALUES (10882, 10882, 'product_tag', '', 0, 0);
INSERT OR IGNORE INTO wp_terms (term_id, name, slug, term_group) VALUES (10441, 'Arsenal Jerseys', 'arsenal-jersey', 0);
INSERT OR IGNORE INTO wp_term_taxonomy (term_taxonomy_id, term_id, taxonomy, description, parent, count) VALUES (10441, 10441, 'product_tag', 'Arsenal Jersey Collection online in Ghana', 0, 0);
INSERT OR IGNORE INTO wp_terms (term_id, name, slug, term_group) VALUES (10541, 'AS Roma Jerseys', 'as-roma-jerseys', 0);
INSERT OR IGNORE INTO wp_term_taxonomy (term_taxonomy_id, term_id, taxonomy, description, parent, count) VALUES (10541, 10541, 'product_tag', '', 0, 0);
INSERT OR IGNORE INTO wp_terms (term_id, name, slug, term_group) VALUES (11629, 'Asano Air Conditioners', 'asano-air-conditioners', 0);
INSERT OR IGNORE INTO wp_term_taxonomy (term_taxonomy_id, term_id, taxonomy, description, parent, count) VALUES (11629, 11629, 'product_tag', '', 0, 3);
INSERT OR IGNORE INTO wp_terms (term_id, name, slug, term_group) VALUES (10542, 'Aston Villa Jerseys', 'aston-villa-jerseys', 0);
INSERT OR IGNORE INTO wp_term_taxonomy (term_taxonomy_id, term_id, taxonomy, description, parent, count) VALUES (10542, 10542, 'product_tag', '', 0, 0);
INSERT OR IGNORE INTO wp_terms (term_id, name, slug, term_group) VALUES (10516, 'Atletico Madrid', 'athletico-madrid', 0);
INSERT OR IGNORE INTO wp_term_taxonomy (term_taxonomy_id, term_id, taxonomy, description, parent, count) VALUES (10516, 10516, 'product_tag', '', 0, 0);
INSERT OR IGNORE INTO wp_terms (term_id, name, slug, term_group) VALUES (10676, 'Aventos Perfumes', 'aventos-perfumes', 0);
INSERT OR IGNORE INTO wp_term_taxonomy (term_taxonomy_id, term_id, taxonomy, description, parent, count) VALUES (10676, 10676, 'product_tag', '', 0, 2);
INSERT OR IGNORE INTO wp_terms (term_id, name, slug, term_group) VALUES (1914, 'Avon Artistique', 'avon-artistique', 0);
INSERT OR IGNORE INTO wp_term_taxonomy (term_taxonomy_id, term_id, taxonomy, description, parent, count) VALUES (1914, 1914, 'product_tag', 'As you explore the Avon Artisque range, you''ll discover a dynamic selection of eau de parfums and body mists that empower you to own your scent story. Whether you''re elevating your everyday or commanding attention on a special night out, these versatile formats let you adapt your fragrance to your mood and moment—always on your terms.

', 0, 7);
INSERT OR IGNORE INTO wp_terms (term_id, name, slug, term_group) VALUES (1908, 'Avon Attraction for Her', 'avon-attraction-for-her', 0);
INSERT OR IGNORE INTO wp_term_taxonomy (term_taxonomy_id, term_id, taxonomy, description, parent, count) VALUES (1908, 1908, 'product_tag', '', 0, 1);
INSERT OR IGNORE INTO wp_terms (term_id, name, slug, term_group) VALUES (11471, 'Avon Black Suede Collection', 'avon-black-suede-collection', 0);
INSERT OR IGNORE INTO wp_term_taxonomy (term_taxonomy_id, term_id, taxonomy, description, parent, count) VALUES (11471, 11471, 'product_tag', '', 0, 11);
INSERT OR IGNORE INTO wp_terms (term_id, name, slug, term_group) VALUES (1905, 'Avon Far Away Perfumes', 'avon-far-away-perfumes', 0);
INSERT OR IGNORE INTO wp_term_taxonomy (term_taxonomy_id, term_id, taxonomy, description, parent, count) VALUES (1905, 1905, 'product_tag', '<a href="https://shopwice.com/product/avon-timeless-cologne/"><img class="aligncenter size-full wp-image-165910" src="https://shopwice.com/wp-content/uploads/2023/04/avon-timeless-cologne-banner-1.png" alt="" width="1500" height="563" data-wp-pid="165910" /></a>', 0, 17);
INSERT OR IGNORE INTO wp_terms (term_id, name, slug, term_group) VALUES (11482, 'Avon full speed collection', 'avon-full-speed-collection', 0);
INSERT OR IGNORE INTO wp_term_taxonomy (term_taxonomy_id, term_id, taxonomy, description, parent, count) VALUES (11482, 11482, 'product_tag', 'Discover the Avon Full Speed Collection – a line of high-performance men''s fragrances designed for energy, speed, and bold style. From the original Full Speed Eau de Toilette to thrilling variations like Max Turbo, Supersonic, and Nitro, these colognes deliver long-lasting freshness with sporty, vibrant scent profiles. Perfect for daily wear or gifting, Avon Full Speed fragrances are a top pick for men who live life in the fast lane. Browse our collection below and find your signature scent.', 0, 5);
INSERT OR IGNORE INTO wp_terms (term_id, name, slug, term_group) VALUES (11830, 'Avon Imari Perfumes', 'avon-imari-perfumes', 0);
INSERT OR IGNORE INTO wp_term_taxonomy (term_taxonomy_id, term_id, taxonomy, description, parent, count) VALUES (11830, 11830, 'product_tag', '', 0, 4);
INSERT OR IGNORE INTO wp_terms (term_id, name, slug, term_group) VALUES (11488, 'Avon Little Black Dress Collection', 'avon-little-black-dress-collection', 0);
INSERT OR IGNORE INTO wp_term_taxonomy (term_taxonomy_id, term_id, taxonomy, description, parent, count) VALUES (11488, 11488, 'product_tag', '', 0, 4);
INSERT OR IGNORE INTO wp_terms (term_id, name, slug, term_group) VALUES (11486, 'Avon Mesmerize Collection', 'avon-mesmerize-collection', 0);
INSERT OR IGNORE INTO wp_term_taxonomy (term_taxonomy_id, term_id, taxonomy, description, parent, count) VALUES (11486, 11486, 'product_tag', '', 0, 5);
INSERT OR IGNORE INTO wp_terms (term_id, name, slug, term_group) VALUES (11487, 'Avon Perceive Collection', 'avon-perceive-collection', 0);
INSERT OR IGNORE INTO wp_term_taxonomy (term_taxonomy_id, term_id, taxonomy, description, parent, count) VALUES (11487, 11487, 'product_tag', '', 0, 6);
INSERT OR IGNORE INTO wp_terms (term_id, name, slug, term_group) VALUES (10574, 'Avon Perfume For Men', 'avon-perfume-for-men', 0);
INSERT OR IGNORE INTO wp_term_taxonomy (term_taxonomy_id, term_id, taxonomy, description, parent, count) VALUES (10574, 10574, 'product_tag', '<h2 style="text-align: center">Buy Avon Perfume For Men in Ghana</h2>', 0, 87);
INSERT OR IGNORE INTO wp_terms (term_id, name, slug, term_group) VALUES (11831, 'Avon Today Tomorrow Always Perfumes', 'avon-today-tomorrow-always-perfumes', 0);
INSERT OR IGNORE INTO wp_term_taxonomy (term_taxonomy_id, term_id, taxonomy, description, parent, count) VALUES (11831, 11831, 'product_tag', '<strong>Celebrate Love in Every Moment</strong>

Explore our collection of the Avon Today Tomorrow Always Perfume —a timeless line of fragrances crafted to capture love’s most meaningful moments. From the radiant florals of Today to the enduring elegance of Forever, each scent in the collection tells a story of passion, devotion, and lasting connection.

Explore soft floral blends, sensual musks, and unforgettable notes designed for the modern woman who believes in love—today, tomorrow, and always', 0, 7);
INSERT OR IGNORE INTO wp_terms (term_id, name, slug, term_group) VALUES (10460, 'Barcelona Jerseys', 'barcelona-jerseys', 0);
INSERT OR IGNORE INTO wp_term_taxonomy (term_taxonomy_id, term_id, taxonomy, description, parent, count) VALUES (10460, 10460, 'product_tag', '<h2 style="text-align: center">Barcelona Jerseys in Ghana</h2>', 0, 0);
INSERT OR IGNORE INTO wp_terms (term_id, name, slug, term_group) VALUES (10876, 'Bayer Leverkusen Jerseys', 'bayer-leverkusen-jerseys', 0);
INSERT OR IGNORE INTO wp_term_taxonomy (term_taxonomy_id, term_id, taxonomy, description, parent, count) VALUES (10876, 10876, 'product_tag', '', 0, 0);
INSERT OR IGNORE INTO wp_terms (term_id, name, slug, term_group) VALUES (10468, 'Bayern Munich Jerseys', 'bayern-munich-jerseys', 0);
INSERT OR IGNORE INTO wp_term_taxonomy (term_taxonomy_id, term_id, taxonomy, description, parent, count) VALUES (10468, 10468, 'product_tag', '', 0, 0);
INSERT OR IGNORE INTO wp_terms (term_id, name, slug, term_group) VALUES (43328, 'black', 'black', 0);
INSERT OR IGNORE INTO wp_term_taxonomy (term_taxonomy_id, term_id, taxonomy, description, parent, count) VALUES (43328, 43328, 'product_tag', '', 0, 1);
INSERT OR IGNORE INTO wp_terms (term_id, name, slug, term_group) VALUES (10814, 'Black Adidas Shoes in Ghana', 'black-adidas-shoes-in-ghana', 0);
INSERT OR IGNORE INTO wp_term_taxonomy (term_taxonomy_id, term_id, taxonomy, description, parent, count) VALUES (10814, 10814, 'product_tag', '<h2 style="text-align: center">Black Adidas Shoes in Ghana</h2>', 0, 0);
INSERT OR IGNORE INTO wp_terms (term_id, name, slug, term_group) VALUES (10833, 'Black Clarks Loafers', 'black-clarks-loafers', 0);
INSERT OR IGNORE INTO wp_term_taxonomy (term_taxonomy_id, term_id, taxonomy, description, parent, count) VALUES (10833, 10833, 'product_tag', '', 0, 0);
INSERT OR IGNORE INTO wp_terms (term_id, name, slug, term_group) VALUES (10813, 'Black Nike Shoes in Ghana', 'black-nike-shoes-in-ghana', 0);
INSERT OR IGNORE INTO wp_term_taxonomy (term_taxonomy_id, term_id, taxonomy, description, parent, count) VALUES (10813, 10813, 'product_tag', '<h2 style="text-align: center">Black Nike Shoes in Ghana</h2>
&nbsp;', 0, 22);
INSERT OR IGNORE INTO wp_terms (term_id, name, slug, term_group) VALUES (10473, 'Black Sneakers', 'black-sneakers', 0);
INSERT OR IGNORE INTO wp_term_taxonomy (term_taxonomy_id, term_id, taxonomy, description, parent, count) VALUES (10473, 10473, 'product_tag', '<h2 style="text-align: center">Buy Black Sneakers in Ghana</h2>
<p style="text-align: center">[block id="black-sneakers-blocks"]</p>', 0, 1);
INSERT OR IGNORE INTO wp_terms (term_id, name, slug, term_group) VALUES (10471, 'Borussia Dortmund Jerseys', 'borussia-dortmund-jerseys', 0);
INSERT OR IGNORE INTO wp_term_taxonomy (term_taxonomy_id, term_id, taxonomy, description, parent, count) VALUES (10471, 10471, 'product_tag', '', 0, 0);
INSERT OR IGNORE INTO wp_terms (term_id, name, slug, term_group) VALUES (10519, 'Brazil Jersey', 'brazil-jersey', 0);
INSERT OR IGNORE INTO wp_term_taxonomy (term_taxonomy_id, term_id, taxonomy, description, parent, count) VALUES (10519, 10519, 'product_tag', '', 0, 0);
INSERT OR IGNORE INTO wp_terms (term_id, name, slug, term_group) VALUES (10879, 'Brighton Jerseys', 'brighton-jerseys', 0);
INSERT OR IGNORE INTO wp_term_taxonomy (term_taxonomy_id, term_id, taxonomy, description, parent, count) VALUES (10879, 10879, 'product_tag', '', 0, 0);
INSERT OR IGNORE INTO wp_terms (term_id, name, slug, term_group) VALUES (10834, 'Brown Clarks Loafers', 'brown-clarks-loafers', 0);
INSERT OR IGNORE INTO wp_term_taxonomy (term_taxonomy_id, term_id, taxonomy, description, parent, count) VALUES (10834, 10834, 'product_tag', '', 0, 0);
INSERT OR IGNORE INTO wp_terms (term_id, name, slug, term_group) VALUES (10368, 'camel suede ankle boots mens', 'camel-suede-ankle-boots-mens', 0);
INSERT OR IGNORE INTO wp_term_taxonomy (term_taxonomy_id, term_id, taxonomy, description, parent, count) VALUES (10368, 10368, 'product_tag', '', 0, 1);
INSERT OR IGNORE INTO wp_terms (term_id, name, slug, term_group) VALUES (2205, 'Canvas Boat Shoes', 'canvas-boat-shoes', 0);
INSERT OR IGNORE INTO wp_term_taxonomy (term_taxonomy_id, term_id, taxonomy, description, parent, count) VALUES (2205, 2205, 'product_tag', '', 0, 0);
INSERT OR IGNORE INTO wp_terms (term_id, name, slug, term_group) VALUES (2204, 'Casual Canvas Shoes', 'casual-canvas-shoes', 0);
INSERT OR IGNORE INTO wp_term_taxonomy (term_taxonomy_id, term_id, taxonomy, description, parent, count) VALUES (2204, 2204, 'product_tag', '', 0, 0);
INSERT OR IGNORE INTO wp_terms (term_id, name, slug, term_group) VALUES (9693, 'Cats Boots', 'cats-boots', 0);
INSERT OR IGNORE INTO wp_term_taxonomy (term_taxonomy_id, term_id, taxonomy, description, parent, count) VALUES (9693, 9693, 'product_tag', '', 0, 0);
INSERT OR IGNORE INTO wp_terms (term_id, name, slug, term_group) VALUES (9703, 'Cats Crocs', 'cats-crocs', 0);
INSERT OR IGNORE INTO wp_term_taxonomy (term_taxonomy_id, term_id, taxonomy, description, parent, count) VALUES (9703, 9703, 'product_tag', '', 0, 0);
INSERT OR IGNORE INTO wp_terms (term_id, name, slug, term_group) VALUES (9723, 'Cats Heels', 'cats-heels', 0);
INSERT OR IGNORE INTO wp_term_taxonomy (term_taxonomy_id, term_id, taxonomy, description, parent, count) VALUES (9723, 9723, 'product_tag', '', 0, 0);
INSERT OR IGNORE INTO wp_terms (term_id, name, slug, term_group) VALUES (9686, 'Cats Sneakers', 'cats-sneakers', 0);
INSERT OR IGNORE INTO wp_term_taxonomy (term_taxonomy_id, term_id, taxonomy, description, parent, count) VALUES (9686, 9686, 'product_tag', '', 0, 0);
INSERT OR IGNORE INTO wp_terms (term_id, name, slug, term_group) VALUES (1665, 'Chekich Boots', 'chekich-boots', 0);
INSERT OR IGNORE INTO wp_term_taxonomy (term_taxonomy_id, term_id, taxonomy, description, parent, count) VALUES (1665, 1665, 'product_tag', '<h2 style="text-align: center">Chekich Boots Shopping</h2>
Refresh your style with a new pair of Chekich Boots from Shopwice. Our range of Chekich boots has different designs, styles and colours that will rack up your fashion points.', 0, 0);
INSERT OR IGNORE INTO wp_terms (term_id, name, slug, term_group) VALUES (2031, 'Chekich Sneakers', 'chekich-sneakers', 0);
INSERT OR IGNORE INTO wp_term_taxonomy (term_taxonomy_id, term_id, taxonomy, description, parent, count) VALUES (2031, 2031, 'product_tag', '<h2>Chekich Sneakers</h2>
<h2>Buy Chekich casual and sports shoes</h2>', 0, 0);
INSERT OR IGNORE INTO wp_terms (term_id, name, slug, term_group) VALUES (10376, 'chelsea boots with chain', 'chelsea-boots-with-chain', 0);
INSERT OR IGNORE INTO wp_term_taxonomy (term_taxonomy_id, term_id, taxonomy, description, parent, count) VALUES (10376, 10376, 'product_tag', 'chelsea boots with chain', 0, 0);
INSERT OR IGNORE INTO wp_terms (term_id, name, slug, term_group) VALUES (10462, 'Chelsea Jerseys', 'chelsea-jerseys', 0);
INSERT OR IGNORE INTO wp_term_taxonomy (term_taxonomy_id, term_id, taxonomy, description, parent, count) VALUES (10462, 10462, 'product_tag', '<h2 style="text-align: center">Online shopping for Chelsea Jerseys in Ghana</h2>
Buy Chelsea home and away jerseys in Ghana. Shop both current and old seasons jerseys, authentic and replica versions.', 0, 0);
INSERT OR IGNORE INTO wp_terms (term_id, name, slug, term_group) VALUES (10841, 'Chris Adams Women''s Perfume', 'chris-adams-womens-perfume', 0);
INSERT OR IGNORE INTO wp_term_taxonomy (term_taxonomy_id, term_id, taxonomy, description, parent, count) VALUES (10841, 10841, 'product_tag', '', 0, 0);
INSERT OR IGNORE INTO wp_terms (term_id, name, slug, term_group) VALUES (10812, 'Christian Louboutin Shoes', 'christian-louboutin-shoes', 0);
INSERT OR IGNORE INTO wp_term_taxonomy (term_taxonomy_id, term_id, taxonomy, description, parent, count) VALUES (10812, 10812, 'product_tag', '<h2 style="text-align: center">Christian Louboutin Shoes in Ghana</h2>
Explore Shopwice''s collection of Christian Louboutin shoes in Ghana. Shopwice Louboutin sneakers, sandals, loafers, boots, and oxfords.', 0, 4);
INSERT OR IGNORE INTO wp_terms (term_id, name, slug, term_group) VALUES (10830, 'Clarks Boots', 'clarks-boots', 0);
INSERT OR IGNORE INTO wp_term_taxonomy (term_taxonomy_id, term_id, taxonomy, description, parent, count) VALUES (10830, 10830, 'product_tag', '<h2 style="text-align: center">Clarks Boots in Ghana</h2>
Explore Shopwice''s collection of Clarks Boots for men and buy online in Ghana. Shop from <a href="https://shopwice.com/collection/clarks-desert-boots/">low-ankle desert boots</a> to<a href="https://shopwice.com/collection/clarks-chelsea-boots/"> Chelsea and dress boots.</a>', 0, 0);
INSERT OR IGNORE INTO wp_terms (term_id, name, slug, term_group) VALUES (10836, 'Clarks Chelsea Boots', 'clarks-chelsea-boots', 0);
INSERT OR IGNORE INTO wp_term_taxonomy (term_taxonomy_id, term_id, taxonomy, description, parent, count) VALUES (10836, 10836, 'product_tag', '<h2 style="text-align: center">Clarks Chelsea Boots in Ghana</h2>', 0, 0);
INSERT OR IGNORE INTO wp_terms (term_id, name, slug, term_group) VALUES (10835, 'Clarks Desert Boots', 'clarks-desert-boots', 0);
INSERT OR IGNORE INTO wp_term_taxonomy (term_taxonomy_id, term_id, taxonomy, description, parent, count) VALUES (10835, 10835, 'product_tag', '', 0, 0);
INSERT OR IGNORE INTO wp_terms (term_id, name, slug, term_group) VALUES (10829, 'Clarks Loafers', 'clarks-loafers', 0);
INSERT OR IGNORE INTO wp_term_taxonomy (term_taxonomy_id, term_id, taxonomy, description, parent, count) VALUES (10829, 10829, 'product_tag', '<h2 style="text-align: center">Clarks Loafers in Ghana</h2>
Clarks loafers are a wardrobe staple and a must-have shoe for every man. Slip on in comfort and style on smart occasions. Clarks loafers are made of premium and top-notch leather and have different styles and designs that you can choose from.

Let us help you make the right choice. Shop <a href="https://shopwice.com/collection/black-clarks-loafers/">men''s black</a> and <a href="https://shopwice.com/collection/brown-clarks-loafers/">brown loafers</a> here', 0, 0);
INSERT OR IGNORE INTO wp_terms (term_id, name, slug, term_group) VALUES (10831, 'Clarks Sandals', 'clarks-sandals', 0);
INSERT OR IGNORE INTO wp_term_taxonomy (term_taxonomy_id, term_id, taxonomy, description, parent, count) VALUES (10831, 10831, 'product_tag', '', 0, 0);
INSERT OR IGNORE INTO wp_terms (term_id, name, slug, term_group) VALUES (10832, 'Clarks Slippers', 'clarks-slippers', 0);
INSERT OR IGNORE INTO wp_term_taxonomy (term_taxonomy_id, term_id, taxonomy, description, parent, count) VALUES (10832, 10832, 'product_tag', '', 0, 0);
INSERT OR IGNORE INTO wp_terms (term_id, name, slug, term_group) VALUES (10545, 'Crystal Palace Jerseys', 'crystal-palace-jerseys', 0);
INSERT OR IGNORE INTO wp_term_taxonomy (term_taxonomy_id, term_id, taxonomy, description, parent, count) VALUES (10545, 10545, 'product_tag', '', 0, 0);
INSERT OR IGNORE INTO wp_terms (term_id, name, slug, term_group) VALUES (10909, 'delron', 'delron', 0);
INSERT OR IGNORE INTO wp_term_taxonomy (term_taxonomy_id, term_id, taxonomy, description, parent, count) VALUES (10909, 10909, 'product_tag', '', 0, 2);
INSERT OR IGNORE INTO wp_terms (term_id, name, slug, term_group) VALUES (10632, 'Delron Voltage Stabilizers', 'delron-voltage-stabilizers', 0);
INSERT OR IGNORE INTO wp_term_taxonomy (term_taxonomy_id, term_id, taxonomy, description, parent, count) VALUES (10632, 10632, 'product_tag', '', 0, 9);
INSERT OR IGNORE INTO wp_terms (term_id, name, slug, term_group) VALUES (1887, 'denim', 'denim', 0);
INSERT OR IGNORE INTO wp_term_taxonomy (term_taxonomy_id, term_id, taxonomy, description, parent, count) VALUES (1887, 1887, 'product_tag', '', 0, 0);
INSERT OR IGNORE INTO wp_terms (term_id, name, slug, term_group) VALUES (10359, 'Dog Boots with Zippers', 'dog-boots-with-zippers', 0);
INSERT OR IGNORE INTO wp_term_taxonomy (term_taxonomy_id, term_id, taxonomy, description, parent, count) VALUES (10359, 10359, 'product_tag', '<h2 style="text-align: center">Dog Boots with Zippers</h2>
Provide extreme comfort for your dog. Dog Boots with Zippers are easy to wear. Shop from our amazing dogs'' zipping shoes.

Save your pet and yourself from the difficulty of using a lace-up shoe. Slip your dog''s feet into zipper boots with ease and comfort. When there is too much heat in the boot for your pet to consume, you only zip up to allow ventilation.

Also, check out our amazing dog''s converse shoes and Jordan shoes for dogs..', 0, 3);
INSERT OR IGNORE INTO wp_terms (term_id, name, slug, term_group) VALUES (9537, 'Dogs Boots', 'dogs-boots', 0);
INSERT OR IGNORE INTO wp_term_taxonomy (term_taxonomy_id, term_id, taxonomy, description, parent, count) VALUES (9537, 9537, 'product_tag', '', 0, 0);
INSERT OR IGNORE INTO wp_terms (term_id, name, slug, term_group) VALUES (9530, 'Dogs Crocs', 'dogs-crocs', 0);
INSERT OR IGNORE INTO wp_term_taxonomy (term_taxonomy_id, term_id, taxonomy, description, parent, count) VALUES (9530, 9530, 'product_tag', '', 0, 0);
INSERT OR IGNORE INTO wp_terms (term_id, name, slug, term_group) VALUES (9560, 'Dogs Sneakers', 'dogs-sneakers', 0);
INSERT OR IGNORE INTO wp_term_taxonomy (term_taxonomy_id, term_id, taxonomy, description, parent, count) VALUES (9560, 9560, 'product_tag', '', 0, 0);
INSERT OR IGNORE INTO wp_terms (term_id, name, slug, term_group) VALUES (9760, 'DOgs Winter Boots', 'dogs-winter-boots', 0);
INSERT OR IGNORE INTO wp_term_taxonomy (term_taxonomy_id, term_id, taxonomy, description, parent, count) VALUES (9760, 9760, 'product_tag', '', 0, 0);
INSERT OR IGNORE INTO wp_terms (term_id, name, slug, term_group) VALUES (10424, 'Dwight Howard', 'dwight-howard-peak-shoes', 0);
INSERT OR IGNORE INTO wp_term_taxonomy (term_taxonomy_id, term_id, taxonomy, description, parent, count) VALUES (10424, 10424, 'product_tag', '<h2 style="text-align: center">Dwight Howard Peak Shoes.</h2>', 0, 0);
INSERT OR IGNORE INTO wp_terms (term_id, name, slug, term_group) VALUES (10874, 'Eintracht Frankfurt Jerseys', 'eintracht-frankfurt-jerseys', 0);
INSERT OR IGNORE INTO wp_term_taxonomy (term_taxonomy_id, term_id, taxonomy, description, parent, count) VALUES (10874, 10874, 'product_tag', '', 0, 0);
INSERT OR IGNORE INTO wp_terms (term_id, name, slug, term_group) VALUES (10837, 'Emper Men''s Perfumes', 'emper-mens-perfumes', 0);
INSERT OR IGNORE INTO wp_term_taxonomy (term_taxonomy_id, term_id, taxonomy, description, parent, count) VALUES (10837, 10837, 'product_tag', '', 0, 16);
INSERT OR IGNORE INTO wp_terms (term_id, name, slug, term_group) VALUES (10839, 'Emper Unisex Perfumes', 'emper-unisex-perfumes', 0);
INSERT OR IGNORE INTO wp_term_taxonomy (term_taxonomy_id, term_id, taxonomy, description, parent, count) VALUES (10839, 10839, 'product_tag', '', 0, 7);
INSERT OR IGNORE INTO wp_terms (term_id, name, slug, term_group) VALUES (10838, 'Emper Women''s Perfumes', 'emper-womens-perfumes', 0);
INSERT OR IGNORE INTO wp_term_taxonomy (term_taxonomy_id, term_id, taxonomy, description, parent, count) VALUES (10838, 10838, 'product_tag', '', 0, 6);
INSERT OR IGNORE INTO wp_terms (term_id, name, slug, term_group) VALUES (10522, 'England National Team Jerseys', 'england-national-team-jerseys', 0);
INSERT OR IGNORE INTO wp_term_taxonomy (term_taxonomy_id, term_id, taxonomy, description, parent, count) VALUES (10522, 10522, 'product_tag', '', 0, 0);
INSERT OR IGNORE INTO wp_terms (term_id, name, slug, term_group) VALUES (2203, 'Fabric Boat Shoes', 'fabric-boat-shoes', 0);
INSERT OR IGNORE INTO wp_term_taxonomy (term_taxonomy_id, term_id, taxonomy, description, parent, count) VALUES (2203, 2203, 'product_tag', '', 0, 0);
INSERT OR IGNORE INTO wp_terms (term_id, name, slug, term_group) VALUES (2202, 'Fabric Canvas Shoes', 'fabric-canvas-shoes', 0);
INSERT OR IGNORE INTO wp_term_taxonomy (term_taxonomy_id, term_id, taxonomy, description, parent, count) VALUES (2202, 2202, 'product_tag', '', 0, 0);
INSERT OR IGNORE INTO wp_terms (term_id, name, slug, term_group) VALUES (10543, 'FC Everton Jerseys', 'fc-everton-jerseys', 0);
INSERT OR IGNORE INTO wp_term_taxonomy (term_taxonomy_id, term_id, taxonomy, description, parent, count) VALUES (10543, 10543, 'product_tag', '', 0, 0);
INSERT OR IGNORE INTO wp_terms (term_id, name, slug, term_group) VALUES (10844, 'frank', 'frank', 0);
INSERT OR IGNORE INTO wp_term_taxonomy (term_taxonomy_id, term_id, taxonomy, description, parent, count) VALUES (10844, 10844, 'product_tag', '', 0, 3);
INSERT OR IGNORE INTO wp_terms (term_id, name, slug, term_group) VALUES (10843, 'Frank Perry Boots', 'frank-perry-boots', 0);
INSERT OR IGNORE INTO wp_term_taxonomy (term_taxonomy_id, term_id, taxonomy, description, parent, count) VALUES (10843, 10843, 'product_tag', '<h2 style="text-align: center">Frank Perry Boots for sale in Ghana</h2>', 0, 3);
INSERT OR IGNORE INTO wp_terms (term_id, name, slug, term_group) VALUES (10654, 'Frank Perry Derby Shoes', 'frank-perry-derby-shoes', 0);
INSERT OR IGNORE INTO wp_term_taxonomy (term_taxonomy_id, term_id, taxonomy, description, parent, count) VALUES (10654, 10654, 'product_tag', '', 0, 0);
INSERT OR IGNORE INTO wp_terms (term_id, name, slug, term_group) VALUES (10655, 'Frank Perry Loafers', 'frank-perry-loafers', 0);
INSERT OR IGNORE INTO wp_term_taxonomy (term_taxonomy_id, term_id, taxonomy, description, parent, count) VALUES (10655, 10655, 'product_tag', '', 0, 3);
INSERT OR IGNORE INTO wp_terms (term_id, name, slug, term_group) VALUES (10657, 'Frank Perry Monk Straps', 'frank-perry-monk-straps', 0);
INSERT OR IGNORE INTO wp_term_taxonomy (term_taxonomy_id, term_id, taxonomy, description, parent, count) VALUES (10657, 10657, 'product_tag', '', 0, 0);
INSERT OR IGNORE INTO wp_terms (term_id, name, slug, term_group) VALUES (10653, 'Frank Perry Oxford Shoes', 'frank-perry-oxford-shoes', 0);
INSERT OR IGNORE INTO wp_term_taxonomy (term_taxonomy_id, term_id, taxonomy, description, parent, count) VALUES (10653, 10653, 'product_tag', '', 0, 2);
INSERT OR IGNORE INTO wp_terms (term_id, name, slug, term_group) VALUES (10518, 'Frrance Nation Jersey', 'frrance-nation-jersey', 0);
INSERT OR IGNORE INTO wp_term_taxonomy (term_taxonomy_id, term_id, taxonomy, description, parent, count) VALUES (10518, 10518, 'product_tag', '', 0, 0);
INSERT OR IGNORE INTO wp_terms (term_id, name, slug, term_group) VALUES (11689, 'Galaxy buds3', 'galaxy-buds3', 0);
INSERT OR IGNORE INTO wp_term_taxonomy (term_taxonomy_id, term_id, taxonomy, description, parent, count) VALUES (11689, 11689, 'product_tag', '', 0, 1);
INSERT OR IGNORE INTO wp_terms (term_id, name, slug, term_group) VALUES (11688, 'Galaxy buds3 Pro', 'galaxy-buds3-pro', 0);
INSERT OR IGNORE INTO wp_term_taxonomy (term_taxonomy_id, term_id, taxonomy, description, parent, count) VALUES (11688, 11688, 'product_tag', '', 0, 0);
INSERT OR IGNORE INTO wp_terms (term_id, name, slug, term_group) VALUES (1901, 'Gentleman Givenchy', 'gentleman-givenchy', 0);
INSERT OR IGNORE INTO wp_term_taxonomy (term_taxonomy_id, term_id, taxonomy, description, parent, count) VALUES (1901, 1901, 'product_tag', '', 0, 0);
INSERT OR IGNORE INTO wp_terms (term_id, name, slug, term_group) VALUES (10500, 'Ghana Black Stars Jerseys', 'ghana-black-stars-jerseys', 0);
INSERT OR IGNORE INTO wp_term_taxonomy (term_taxonomy_id, term_id, taxonomy, description, parent, count) VALUES (10500, 10500, 'product_tag', '<h2 style="text-align: center">Online Shopping for the old and new Ghana Black Stars Jerseys</h2>', 0, 0);
INSERT OR IGNORE INTO wp_terms (term_id, name, slug, term_group) VALUES (10513, 'Ghana Flags For Sale', 'ghana-flags-for-sale', 0);
INSERT OR IGNORE INTO wp_term_taxonomy (term_taxonomy_id, term_id, taxonomy, description, parent, count) VALUES (10513, 10513, 'product_tag', '', 0, 2);
INSERT OR IGNORE INTO wp_terms (term_id, name, slug, term_group) VALUES (11677, 'Google Pixel', 'google-pixel', 0);
INSERT OR IGNORE INTO wp_term_taxonomy (term_taxonomy_id, term_id, taxonomy, description, parent, count) VALUES (11677, 11677, 'product_tag', '', 0, 0);
INSERT OR IGNORE INTO wp_terms (term_id, name, slug, term_group) VALUES (1932, 'Grition Backpacks', 'grition-backpacks', 0);
INSERT OR IGNORE INTO wp_term_taxonomy (term_taxonomy_id, term_id, taxonomy, description, parent, count) VALUES (1932, 1932, 'product_tag', '', 0, 0);
INSERT OR IGNORE INTO wp_terms (term_id, name, slug, term_group) VALUES (1637, 'Grition Beach Sandals', 'grition-beach-sandals', 0);
INSERT OR IGNORE INTO wp_term_taxonomy (term_taxonomy_id, term_id, taxonomy, description, parent, count) VALUES (1637, 1637, 'product_tag', '<h2>Grition Beach Sandals</h2>', 0, 0);
INSERT OR IGNORE INTO wp_terms (term_id, name, slug, term_group) VALUES (1326, 'Grition Boots', 'grition-boots', 0);
INSERT OR IGNORE INTO wp_term_taxonomy (term_taxonomy_id, term_id, taxonomy, description, parent, count) VALUES (1326, 1326, 'product_tag', '<h2>Grition Hiking Boots</h2>
<h2>Grition Boots</h2>
&nbsp;', 0, 0);
INSERT OR IGNORE INTO wp_terms (term_id, name, slug, term_group) VALUES (1926, 'Grition Men', 'grition-men', 0);
INSERT OR IGNORE INTO wp_term_taxonomy (term_taxonomy_id, term_id, taxonomy, description, parent, count) VALUES (1926, 1926, 'product_tag', '', 0, 0);
INSERT OR IGNORE INTO wp_terms (term_id, name, slug, term_group) VALUES (1928, 'Grition Men Hiking Boot', 'grition-men-hiking-boot', 0);
INSERT OR IGNORE INTO wp_term_taxonomy (term_taxonomy_id, term_id, taxonomy, description, parent, count) VALUES (1928, 1928, 'product_tag', '', 0, 0);
INSERT OR IGNORE INTO wp_terms (term_id, name, slug, term_group) VALUES (1930, 'Grition Men Sandals', 'grition-men-sandals', 0);
INSERT OR IGNORE INTO wp_term_taxonomy (term_taxonomy_id, term_id, taxonomy, description, parent, count) VALUES (1930, 1930, 'product_tag', '', 0, 0);
INSERT OR IGNORE INTO wp_terms (term_id, name, slug, term_group) VALUES (1327, 'Grition Sandals', 'grition-sandals', 0);
INSERT OR IGNORE INTO wp_term_taxonomy (term_taxonomy_id, term_id, taxonomy, description, parent, count) VALUES (1327, 1327, 'product_tag', '', 0, 0);
INSERT OR IGNORE INTO wp_terms (term_id, name, slug, term_group) VALUES (1638, 'Grition Trekking shoes', 'grition-trekking-shoes', 0);
INSERT OR IGNORE INTO wp_term_taxonomy (term_taxonomy_id, term_id, taxonomy, description, parent, count) VALUES (1638, 1638, 'product_tag', '', 0, 0);
INSERT OR IGNORE INTO wp_terms (term_id, name, slug, term_group) VALUES (1328, 'Grition walking shoes', 'grition-walking-shoes', 0);
INSERT OR IGNORE INTO wp_term_taxonomy (term_taxonomy_id, term_id, taxonomy, description, parent, count) VALUES (1328, 1328, 'product_tag', '', 0, 0);
INSERT OR IGNORE INTO wp_terms (term_id, name, slug, term_group) VALUES (1329, 'Grition Water Sandals', 'grition-water-sandals', 0);
INSERT OR IGNORE INTO wp_term_taxonomy (term_taxonomy_id, term_id, taxonomy, description, parent, count) VALUES (1329, 1329, 'product_tag', '', 0, 0);
INSERT OR IGNORE INTO wp_terms (term_id, name, slug, term_group) VALUES (1927, 'Grition Women', 'grition-women', 0);
INSERT OR IGNORE INTO wp_term_taxonomy (term_taxonomy_id, term_id, taxonomy, description, parent, count) VALUES (1927, 1927, 'product_tag', '', 0, 0);
INSERT OR IGNORE INTO wp_terms (term_id, name, slug, term_group) VALUES (1929, 'Grition Women Hiking Boots', 'grition-women-hiking-boots', 0);
INSERT OR IGNORE INTO wp_term_taxonomy (term_taxonomy_id, term_id, taxonomy, description, parent, count) VALUES (1929, 1929, 'product_tag', '', 0, 0);
INSERT OR IGNORE INTO wp_terms (term_id, name, slug, term_group) VALUES (1666, 'Grition Women''s Hiking Sandals', 'grition-womens-hiking-sandals', 0);
INSERT OR IGNORE INTO wp_term_taxonomy (term_taxonomy_id, term_id, taxonomy, description, parent, count) VALUES (1666, 1666, 'product_tag', '<h2>Grition  Women Hiking Sandals</h2>
Explore our collection of Women''s Hiking Sandals from Grition and buy online.', 0, 0);
INSERT OR IGNORE INTO wp_terms (term_id, name, slug, term_group) VALUES (1667, 'Grition Women''s Sandals', 'grition-womens-sandals', 0);
INSERT OR IGNORE INTO wp_term_taxonomy (term_taxonomy_id, term_id, taxonomy, description, parent, count) VALUES (1667, 1667, 'product_tag', '<h2>Grition Women''s Sandals</h2>
Explore our collection of Grition Sandals made for Women and buy online', 0, 0);
INSERT OR IGNORE INTO wp_terms (term_id, name, slug, term_group) VALUES (11476, 'Guess women''s Perfume', 'guess-womens-perfume', 0);
INSERT OR IGNORE INTO wp_term_taxonomy (term_taxonomy_id, term_id, taxonomy, description, parent, count) VALUES (11476, 11476, 'product_tag', '', 0, 2);
INSERT OR IGNORE INTO wp_terms (term_id, name, slug, term_group) VALUES (10880, 'Inter Miami Jerseys', 'inter-miami-jerseys', 0);
INSERT OR IGNORE INTO wp_term_taxonomy (term_taxonomy_id, term_id, taxonomy, description, parent, count) VALUES (10880, 10880, 'product_tag', '', 0, 0);
INSERT OR IGNORE INTO wp_terms (term_id, name, slug, term_group) VALUES (10470, 'Inter Milan Jerseys', 'inter-milan-jerseys', 0);
INSERT OR IGNORE INTO wp_term_taxonomy (term_taxonomy_id, term_id, taxonomy, description, parent, count) VALUES (10470, 10470, 'product_tag', '', 0, 0);
INSERT OR IGNORE INTO wp_terms (term_id, name, slug, term_group) VALUES (10825, 'JBL Boombox', 'jbl-boombox', 0);
INSERT OR IGNORE INTO wp_term_taxonomy (term_taxonomy_id, term_id, taxonomy, description, parent, count) VALUES (10825, 10825, 'product_tag', '', 0, 1);
INSERT OR IGNORE INTO wp_terms (term_id, name, slug, term_group) VALUES (10968, 'jordan', 'jordan', 0);
INSERT OR IGNORE INTO wp_term_taxonomy (term_taxonomy_id, term_id, taxonomy, description, parent, count) VALUES (10968, 10968, 'product_tag', '', 0, 0);
INSERT OR IGNORE INTO wp_terms (term_id, name, slug, term_group) VALUES (1859, 'Jordan 1', 'jordan-1', 0);
INSERT OR IGNORE INTO wp_term_taxonomy (term_taxonomy_id, term_id, taxonomy, description, parent, count) VALUES (1859, 1859, 'product_tag', '<h2 style="text-align: center">Jordan 1 Shoes for sale n Ghana</h2>', 0, 6);
INSERT OR IGNORE INTO wp_terms (term_id, name, slug, term_group) VALUES (10510, 'Jordan 11', 'jordan-11', 0);
INSERT OR IGNORE INTO wp_term_taxonomy (term_taxonomy_id, term_id, taxonomy, description, parent, count) VALUES (10510, 10510, 'product_tag', '<h2 style="text-align: center">Jordan 11 Sneakers Collection in Ghana</h2>
Find Jordan 11 prices in Ghana and buy online.', 0, 0);
INSERT OR IGNORE INTO wp_terms (term_id, name, slug, term_group) VALUES (10823, 'Jordan 12', 'jordan-12', 0);
INSERT OR IGNORE INTO wp_term_taxonomy (term_taxonomy_id, term_id, taxonomy, description, parent, count) VALUES (10823, 10823, 'product_tag', '<h2 style="text-align: center">Jordan 12 Shoes for sale in Ghana</h2>', 0, 0);
INSERT OR IGNORE INTO wp_terms (term_id, name, slug, term_group) VALUES (10497, 'jordan 13', 'jordan-13', 0);
INSERT OR IGNORE INTO wp_term_taxonomy (term_taxonomy_id, term_id, taxonomy, description, parent, count) VALUES (10497, 10497, 'product_tag', '<h2 style="text-align: center">Shop for Jordan 13 Sneakers online in Ghana</h2>', 0, 0);
INSERT OR IGNORE INTO wp_terms (term_id, name, slug, term_group) VALUES (10822, 'Jordan 14', 'jordan-14', 0);
INSERT OR IGNORE INTO wp_term_taxonomy (term_taxonomy_id, term_id, taxonomy, description, parent, count) VALUES (10822, 10822, 'product_tag', '<h2 style="text-align: center">Jordan 14 Shoes in Ghana</h2>', 0, 0);
INSERT OR IGNORE INTO wp_terms (term_id, name, slug, term_group) VALUES (10548, 'Jordan 23', 'jordan-23', 0);
INSERT OR IGNORE INTO wp_term_taxonomy (term_taxonomy_id, term_id, taxonomy, description, parent, count) VALUES (10548, 10548, 'product_tag', '', 0, 0);
INSERT OR IGNORE INTO wp_terms (term_id, name, slug, term_group) VALUES (10549, 'Jordan 3', 'jordan-3', 0);
INSERT OR IGNORE INTO wp_term_taxonomy (term_taxonomy_id, term_id, taxonomy, description, parent, count) VALUES (10549, 10549, 'product_tag', '<h2 style="text-align: center">Jordan 3 Sneakers in Ghana</h2>', 0, 0);
INSERT OR IGNORE INTO wp_terms (term_id, name, slug, term_group) VALUES (10495, 'Jordan 4', 'jordan-4', 0);
INSERT OR IGNORE INTO wp_term_taxonomy (term_taxonomy_id, term_id, taxonomy, description, parent, count) VALUES (10495, 10495, 'product_tag', '<h2 style="text-align: center">Jordan 4 Shoes in Ghana</h2>', 0, 0);
INSERT OR IGNORE INTO wp_terms (term_id, name, slug, term_group) VALUES (10810, 'Jordan 5', 'jordan-5', 0);
INSERT OR IGNORE INTO wp_term_taxonomy (term_taxonomy_id, term_id, taxonomy, description, parent, count) VALUES (10810, 10810, 'product_tag', '<h2 style="text-align: center">Nike Air Jordan 5 Shoes in Ghana</h2>', 0, 0);
INSERT OR IGNORE INTO wp_terms (term_id, name, slug, term_group) VALUES (10496, 'Jordan 6', 'jordan-6', 0);
INSERT OR IGNORE INTO wp_term_taxonomy (term_taxonomy_id, term_id, taxonomy, description, parent, count) VALUES (10496, 10496, 'product_tag', 'Jordan 6 Sneakers in Ghana', 0, 0);
INSERT OR IGNORE INTO wp_terms (term_id, name, slug, term_group) VALUES (10547, 'Jordan 9', 'jordan-9', 0);
INSERT OR IGNORE INTO wp_term_taxonomy (term_taxonomy_id, term_id, taxonomy, description, parent, count) VALUES (10547, 10547, 'product_tag', '<h2 style="text-align: center">Jordan 9 Shoes for Sale in Ghana</h2>
Explore the fashionable collection of Jordan 9 sneakers at Shopwice and buy online.', 0, 0);
INSERT OR IGNORE INTO wp_terms (term_id, name, slug, term_group) VALUES (10465, 'Juventus Jerseys', 'juventus-jerseys', 0);
INSERT OR IGNORE INTO wp_term_taxonomy (term_taxonomy_id, term_id, taxonomy, description, parent, count) VALUES (10465, 10465, 'product_tag', '', 0, 0);
INSERT OR IGNORE INTO wp_terms (term_id, name, slug, term_group) VALUES (10523, 'Kids Jersey', 'kids-jersey', 0);
INSERT OR IGNORE INTO wp_term_taxonomy (term_taxonomy_id, term_id, taxonomy, description, parent, count) VALUES (10523, 10523, 'product_tag', '', 0, 0);
INSERT OR IGNORE INTO wp_terms (term_id, name, slug, term_group) VALUES (10515, 'Leicester City Jersey', 'leicester-city-jersey', 0);
INSERT OR IGNORE INTO wp_term_taxonomy (term_taxonomy_id, term_id, taxonomy, description, parent, count) VALUES (10515, 10515, 'product_tag', '', 0, 0);
INSERT OR IGNORE INTO wp_terms (term_id, name, slug, term_group) VALUES (11630, 'LG Air Conditioners', 'lg-air-conditioners', 0);
INSERT OR IGNORE INTO wp_term_taxonomy (term_taxonomy_id, term_id, taxonomy, description, parent, count) VALUES (11630, 11630, 'product_tag', '', 0, 12);
INSERT OR IGNORE INTO wp_terms (term_id, name, slug, term_group) VALUES (10440, 'Liverpool Jersey in Ghana', 'liverpool-jersey-in-ghana', 0);
INSERT OR IGNORE INTO wp_term_taxonomy (term_taxonomy_id, term_id, taxonomy, description, parent, count) VALUES (10440, 10440, 'product_tag', 'Liverpool Jersey in Ghana', 0, 0);
INSERT OR IGNORE INTO wp_terms (term_id, name, slug, term_group) VALUES (10881, 'Los Angeles Jerseys', 'los-angeles-jerseys', 0);
INSERT OR IGNORE INTO wp_term_taxonomy (term_taxonomy_id, term_id, taxonomy, description, parent, count) VALUES (10881, 10881, 'product_tag', '', 0, 0);
INSERT OR IGNORE INTO wp_terms (term_id, name, slug, term_group) VALUES (10567, 'made in Ghana Shoes', 'made-in-ghana-shoes', 0);
INSERT OR IGNORE INTO wp_term_taxonomy (term_taxonomy_id, term_id, taxonomy, description, parent, count) VALUES (10567, 10567, 'product_tag', '', 0, 1);
INSERT OR IGNORE INTO wp_terms (term_id, name, slug, term_group) VALUES (10551, 'Made In Ghana Slippers', 'made-in-ghana-slippers', 0);
INSERT OR IGNORE INTO wp_term_taxonomy (term_taxonomy_id, term_id, taxonomy, description, parent, count) VALUES (10551, 10551, 'product_tag', '<h2>Shop Made in Ghana Slippers Online</h2>', 0, 1);
INSERT OR IGNORE INTO wp_terms (term_id, name, slug, term_group) VALUES (10464, 'Manchester City Jerseys', 'manchester-city-jerseys', 0);
INSERT OR IGNORE INTO wp_term_taxonomy (term_taxonomy_id, term_id, taxonomy, description, parent, count) VALUES (10464, 10464, 'product_tag', 'Explore our collection of Manchester City Jerseys and shop now', 0, 0);
INSERT OR IGNORE INTO wp_terms (term_id, name, slug, term_group) VALUES (10463, 'Manchester United Jerseys', 'manchester-united-jerseys', 0);
INSERT OR IGNORE INTO wp_term_taxonomy (term_taxonomy_id, term_id, taxonomy, description, parent, count) VALUES (10463, 10463, 'product_tag', '<p style="text-align: center">Explore and buy Man United jerseys online in Ghana.</p>', 0, 0);
INSERT OR IGNORE INTO wp_terms (term_id, name, slug, term_group) VALUES (10384, 'Mens Gold Chelea Boots', 'mens-gold-chelea-boots', 0);
INSERT OR IGNORE INTO wp_term_taxonomy (term_taxonomy_id, term_id, taxonomy, description, parent, count) VALUES (10384, 10384, 'product_tag', '', 0, 0);
INSERT OR IGNORE INTO wp_terms (term_id, name, slug, term_group) VALUES (10396, 'mens leather canvas boots', 'mens-leather-canvas-boots', 0);
INSERT OR IGNORE INTO wp_term_taxonomy (term_taxonomy_id, term_id, taxonomy, description, parent, count) VALUES (10396, 10396, 'product_tag', '', 0, 0);
INSERT OR IGNORE INTO wp_terms (term_id, name, slug, term_group) VALUES (10378, 'mens navy blue chukka boots', 'mens-navy-blue-chukka-boots', 0);
INSERT OR IGNORE INTO wp_term_taxonomy (term_taxonomy_id, term_id, taxonomy, description, parent, count) VALUES (10378, 10378, 'product_tag', '', 0, 1);
INSERT OR IGNORE INTO wp_terms (term_id, name, slug, term_group) VALUES (2249, 'Mens Vintage Casual Shoes', 'mens-vintage-casual-shoes', 0);
INSERT OR IGNORE INTO wp_term_taxonomy (term_taxonomy_id, term_id, taxonomy, description, parent, count) VALUES (2249, 2249, 'product_tag', 'Mens Vintage Casual Shoes ', 0, 1);
INSERT OR IGNORE INTO wp_terms (term_id, name, slug, term_group) VALUES (10398, 'Mens White leahter canvas boots', 'mens-white-leahter-canvas-boots', 0);
INSERT OR IGNORE INTO wp_term_taxonomy (term_taxonomy_id, term_id, taxonomy, description, parent, count) VALUES (10398, 10398, 'product_tag', '', 0, 0);
INSERT OR IGNORE INTO wp_terms (term_id, name, slug, term_group) VALUES (973, 'Mona Flying Boots', 'mona-flying-boots', 0);
INSERT OR IGNORE INTO wp_term_taxonomy (term_taxonomy_id, term_id, taxonomy, description, parent, count) VALUES (973, 973, 'product_tag', '', 0, 0);
INSERT OR IGNORE INTO wp_terms (term_id, name, slug, term_group) VALUES (974, 'Mona Flying Brogues', 'mona-flying-brogues', 0);
INSERT OR IGNORE INTO wp_term_taxonomy (term_taxonomy_id, term_id, taxonomy, description, parent, count) VALUES (974, 974, 'product_tag', '', 0, 0);
INSERT OR IGNORE INTO wp_terms (term_id, name, slug, term_group) VALUES (828, 'Mona Flying Heels', 'mona-flying-heels', 0);
INSERT OR IGNORE INTO wp_term_taxonomy (term_taxonomy_id, term_id, taxonomy, description, parent, count) VALUES (828, 828, 'product_tag', '<h2 style="text-align: center">Mona Flying Heels</h2>
Life is too short but heels 👠 shouldn''t be. Mona flying heels changes your mood, and how you move like a wild beautiful animal. Check the latest and trendy styles and buy online.
<h2></h2>', 0, 0);
INSERT OR IGNORE INTO wp_terms (term_id, name, slug, term_group) VALUES (975, 'Mona Flying Loafers', 'mona-flying-loafers', 0);
INSERT OR IGNORE INTO wp_term_taxonomy (term_taxonomy_id, term_id, taxonomy, description, parent, count) VALUES (975, 975, 'product_tag', '<h2>Women''s Mona Flying Loafers</h2>
Follow the pattern of loafers. Buy Mona Flying Loafers from our collection of <a href="https://shopwice.com/product-category/womens-shoes">women''s shoes</a>. Give a shot at all the styles, designs, and patterns, and flaunt like a fashionista.
<div class="index-descContainer" data-reactid="83">

&nbsp;

</div>', 0, 0);
INSERT OR IGNORE INTO wp_terms (term_id, name, slug, term_group) VALUES (826, 'Mona Flying Oxford Shoes', 'mona-flying-oxford-shoes', 0);
INSERT OR IGNORE INTO wp_term_taxonomy (term_taxonomy_id, term_id, taxonomy, description, parent, count) VALUES (826, 826, 'product_tag', '<h2>Mona Flying Oxford Shoes</h2>
Enjoy free shipping of our collection of oxford shoes for women from <a href="https://shopwice.com/brand/mona-flying-shoes">Mona Flying</a>. We have available different colors, styles, and designs. Made from genuine leather from animal skin, Mona flying oxford shoes are able to stay by your side for centuries.', 0, 0);
INSERT OR IGNORE INTO wp_terms (term_id, name, slug, term_group) VALUES (1846, 'Mona flying penny Loafers', 'mona-flying-penny-loafers', 0);
INSERT OR IGNORE INTO wp_term_taxonomy (term_taxonomy_id, term_id, taxonomy, description, parent, count) VALUES (1846, 1846, 'product_tag', '<h2>Mona flying penny loafers</h2>
&nbsp;

Presenting to you here is Mona Flying Penny Loafers, a shoe line from the <a href="https://shopwice.com/brand/mona-flying-shoes">Mona Flying Shoe</a> collection we have available on shopwice. These Penny Loafers are classic and timeless in style. Their casual and formal style boasts a round and almond toe with a front belt at the upper and a flat to mid-heel of 2cm to 4cm in height.

These footwears are hand-crafted to specifications combining advanced design and top-rate technique from skilful craftsmen with over 30-year experience, to create amazing comfort, chic style and outstanding durability.
<h2>Details</h2>
<div>
<h3 class="a-spacing-mini apm-iconheader">Luxury Sheepskin Upper</h3>
</div>
<div>Luxury sheepskin uppers with brogue perforations offer a superior wear experience and a chic look</div>
<div>
<div class="apm-righthalfcol">
<div>
<h3 class="a-spacing-mini apm-iconheader">Breathable Leather Lining</h3>
</div>
<div><span style="color: #555555;font-size: 14.4px">Soft leather sock lining and irremovable Leather-covered latex Insole boast long-lasting comfort</span></div>
</div>
<div></div>
<div class="apm-lefthalfcol">
<div>
<h3 class="a-spacing-mini apm-iconheader">Low Stack Heel</h3>
</div>
<div>
<p class="a-spacing-base">0.98 in (2.5cm) heel offers an elegant look, perfect for everyday wear</p>

</div>
</div>
<div class="apm-righthalfcol">
<div>
<h3 class="a-spacing-mini apm-iconheader">Durable Rubber Sole</h3>
</div>
<div><span style="color: #555555;font-size: 14.4px">A rubber outsole with a leather welt ensures stability and durability yet is incredibly lightweight</span></div>
</div>
</div>
&nbsp;

&nbsp;', 0, 0);
INSERT OR IGNORE INTO wp_terms (term_id, name, slug, term_group) VALUES (827, 'Mona Flying Pumps', 'mona-flying-pumps', 0);
INSERT OR IGNORE INTO wp_term_taxonomy (term_taxonomy_id, term_id, taxonomy, description, parent, count) VALUES (827, 827, 'product_tag', 'Explore our collection of Mona Flying Pumps for women available for sale on Shopwice and buy online.', 0, 0);
INSERT OR IGNORE INTO wp_terms (term_id, name, slug, term_group) VALUES (1375, 'Mona flying Sandals', 'mona-flying-sandals', 0);
INSERT OR IGNORE INTO wp_term_taxonomy (term_taxonomy_id, term_id, taxonomy, description, parent, count) VALUES (1375, 1375, 'product_tag', '', 0, 0);
INSERT OR IGNORE INTO wp_terms (term_id, name, slug, term_group) VALUES (1377, 'Mona Flying Wedge Sandals', 'mona-flying-wedge-sandals', 0);
INSERT OR IGNORE INTO wp_term_taxonomy (term_taxonomy_id, term_id, taxonomy, description, parent, count) VALUES (1377, 1377, 'product_tag', '', 0, 0);
INSERT OR IGNORE INTO wp_terms (term_id, name, slug, term_group) VALUES (1376, 'Mona Flying Wedges', 'mona-flying-wedges', 0);
INSERT OR IGNORE INTO wp_term_taxonomy (term_taxonomy_id, term_id, taxonomy, description, parent, count) VALUES (1376, 1376, 'product_tag', '', 0, 0);
INSERT OR IGNORE INTO wp_terms (term_id, name, slug, term_group) VALUES (10875, 'Monchengladbach Jerseys', 'monchengladbach-jerseys', 0);
INSERT OR IGNORE INTO wp_term_taxonomy (term_taxonomy_id, term_id, taxonomy, description, parent, count) VALUES (10875, 10875, 'product_tag', '', 0, 0);
INSERT OR IGNORE INTO wp_terms (term_id, name, slug, term_group) VALUES (11940, 'Most Expensive Samsung Phone', 'most-expensive-samsung-phone', 0);
INSERT OR IGNORE INTO wp_term_taxonomy (term_taxonomy_id, term_id, taxonomy, description, parent, count) VALUES (11940, 11940, 'product_tag', '', 0, 55);
INSERT OR IGNORE INTO wp_terms (term_id, name, slug, term_group) VALUES (10540, 'Napoli FC Jerseys', 'napoli-fc-jerseys', 0);
INSERT OR IGNORE INTO wp_term_taxonomy (term_taxonomy_id, term_id, taxonomy, description, parent, count) VALUES (10540, 10540, 'product_tag', '', 0, 0);
INSERT OR IGNORE INTO wp_terms (term_id, name, slug, term_group) VALUES (10546, 'Newcastle United Jersey', 'newcastle-united-jersey', 0);
INSERT OR IGNORE INTO wp_term_taxonomy (term_taxonomy_id, term_id, taxonomy, description, parent, count) VALUES (10546, 10546, 'product_tag', '', 0, 0);
INSERT OR IGNORE INTO wp_terms (term_id, name, slug, term_group) VALUES (11633, 'Nexus Air Conditioners', 'nexus-air-conditioners', 0);
INSERT OR IGNORE INTO wp_term_taxonomy (term_taxonomy_id, term_id, taxonomy, description, parent, count) VALUES (11633, 11633, 'product_tag', '', 0, 3);
INSERT OR IGNORE INTO wp_terms (term_id, name, slug, term_group) VALUES (10422, 'Nick Young', 'nick-young', 0);
INSERT OR IGNORE INTO wp_term_taxonomy (term_taxonomy_id, term_id, taxonomy, description, parent, count) VALUES (10422, 10422, 'product_tag', '', 0, 0);
INSERT OR IGNORE INTO wp_terms (term_id, name, slug, term_group) VALUES (10521, 'Nigeria National Jersey', 'nigeria-national-jersey', 0);
INSERT OR IGNORE INTO wp_term_taxonomy (term_taxonomy_id, term_id, taxonomy, description, parent, count) VALUES (10521, 10521, 'product_tag', '', 0, 0);
INSERT OR IGNORE INTO wp_terms (term_id, name, slug, term_group) VALUES (10474, 'Nike Air Force 1', 'nike-air-force-1', 0);
INSERT OR IGNORE INTO wp_term_taxonomy (term_taxonomy_id, term_id, taxonomy, description, parent, count) VALUES (10474, 10474, 'product_tag', '<h2 style="text-align: center">Shop the latest and trendy Nike Air  Force 1 Shoes in Ghana.</h2>', 0, 9);
INSERT OR IGNORE INTO wp_terms (term_id, name, slug, term_group) VALUES (10525, 'Nike Air Max 270', 'nike-air-max-270', 0);
INSERT OR IGNORE INTO wp_term_taxonomy (term_taxonomy_id, term_id, taxonomy, description, parent, count) VALUES (10525, 10525, 'product_tag', '<h2 style="text-align: center">Shop for Nike Air Max 270 shoes in Ghana</h2>', 0, 0);
INSERT OR IGNORE INTO wp_terms (term_id, name, slug, term_group) VALUES (10840, 'Nike Air Max 90', 'nike-air-max-90', 0);
INSERT OR IGNORE INTO wp_term_taxonomy (term_taxonomy_id, term_id, taxonomy, description, parent, count) VALUES (10840, 10840, 'product_tag', '<h2 style="text-align: center">Nike Air Max 90 Shoes in Ghana</h2>', 0, 0);
INSERT OR IGNORE INTO wp_terms (term_id, name, slug, term_group) VALUES (10527, 'Nike Air Zoom Sneakers', 'nike-air-zoom-sneakers', 0);
INSERT OR IGNORE INTO wp_term_taxonomy (term_taxonomy_id, term_id, taxonomy, description, parent, count) VALUES (10527, 10527, 'product_tag', '', 0, 0);
INSERT OR IGNORE INTO wp_terms (term_id, name, slug, term_group) VALUES (10809, 'Nike Blazer Shoes', 'nike-blazer-shoes', 0);
INSERT OR IGNORE INTO wp_term_taxonomy (term_taxonomy_id, term_id, taxonomy, description, parent, count) VALUES (10809, 10809, 'product_tag', '<h2 style="text-align: center">Introducing Nike Blazer Shoes in Ghana</h2>
Originally, Nike Blazer sneakers were introduced as basketball shoes like <a href="https://shopwice.com/product-category/sneakers/">many other sneakers.</a> Its clean and classic look has called for its transformation into modern-day wear for an everyday style staple. Thanks to the alluring execution of simplicity that leads to a versatile design of the Nike Blazer.', 0, 0);
INSERT OR IGNORE INTO wp_terms (term_id, name, slug, term_group) VALUES (10536, 'Nike SB Dunk', 'nike-sb-dunk', 0);
INSERT OR IGNORE INTO wp_term_taxonomy (term_taxonomy_id, term_id, taxonomy, description, parent, count) VALUES (10536, 10536, 'product_tag', '<h2 style="text-align: center">Nike SB Dunk Shoes in Ghana</h2>', 0, 1);
INSERT OR IGNORE INTO wp_terms (term_id, name, slug, term_group) VALUES (10652, 'Nike Shoes', 'nike-shoes', 0);
INSERT OR IGNORE INTO wp_term_taxonomy (term_taxonomy_id, term_id, taxonomy, description, parent, count) VALUES (10652, 10652, 'product_tag', '<h2 style="text-align: center">Buy Nike shoes in Ghana</h2>', 0, 30);
INSERT OR IGNORE INTO wp_terms (term_id, name, slug, term_group) VALUES (11683, 'Nintendo Accessories', 'nintendo-accessories', 0);
INSERT OR IGNORE INTO wp_term_taxonomy (term_taxonomy_id, term_id, taxonomy, description, parent, count) VALUES (11683, 11683, 'product_tag', '', 0, 0);
INSERT OR IGNORE INTO wp_terms (term_id, name, slug, term_group) VALUES (10423, 'O J Mayo', 'o-j-mayo', 0);
INSERT OR IGNORE INTO wp_term_taxonomy (term_taxonomy_id, term_id, taxonomy, description, parent, count) VALUES (10423, 10423, 'product_tag', '', 0, 0);
INSERT OR IGNORE INTO wp_terms (term_id, name, slug, term_group) VALUES (10385, 'olive green chukka boots', 'olive-green-chukka-boots', 0);
INSERT OR IGNORE INTO wp_term_taxonomy (term_taxonomy_id, term_id, taxonomy, description, parent, count) VALUES (10385, 10385, 'product_tag', '', 0, 1);
INSERT OR IGNORE INTO wp_terms (term_id, name, slug, term_group) VALUES (10827, 'oniro perfumes', 'oniro-perfumes', 0);
INSERT OR IGNORE INTO wp_term_taxonomy (term_taxonomy_id, term_id, taxonomy, description, parent, count) VALUES (10827, 10827, 'product_tag', '<h2 style="text-align: center">Oniro Perfumes in Ghana</h2>
&nbsp;', 0, 5);
INSERT OR IGNORE INTO wp_terms (term_id, name, slug, term_group) VALUES (1891, 'pattern', 'pattern', 0);
INSERT OR IGNORE INTO wp_term_taxonomy (term_taxonomy_id, term_id, taxonomy, description, parent, count) VALUES (1891, 1891, 'product_tag', '', 0, 0);
INSERT OR IGNORE INTO wp_terms (term_id, name, slug, term_group) VALUES (10419, 'Peak Taichi Clogs', 'peak-taichi-clogs', 0);
INSERT OR IGNORE INTO wp_term_taxonomy (term_taxonomy_id, term_id, taxonomy, description, parent, count) VALUES (10419, 10419, 'product_tag', '<h2 style="text-align: center">Men''s Peak Taichi Clogs and Crocs Sandals.</h2>
Explore our collection of Peak Taichi Crocs for men and buy them online.', 0, 0);
INSERT OR IGNORE INTO wp_terms (term_id, name, slug, term_group) VALUES (10420, 'Peak Taichi Flip Flops', 'peak-taichi-flip-flops', 0);
INSERT OR IGNORE INTO wp_term_taxonomy (term_taxonomy_id, term_id, taxonomy, description, parent, count) VALUES (10420, 10420, 'product_tag', '<h2 style="text-align: center">Peak Taichi Flip Flops</h2>', 0, 0);
INSERT OR IGNORE INTO wp_terms (term_id, name, slug, term_group) VALUES (10418, 'Peak Taichi Slides', 'peak-taichi-slides', 0);
INSERT OR IGNORE INTO wp_term_taxonomy (term_taxonomy_id, term_id, taxonomy, description, parent, count) VALUES (10418, 10418, 'product_tag', '<h2 style="text-align: center">Peak Slides</h2>', 0, 0);
INSERT OR IGNORE INTO wp_terms (term_id, name, slug, term_group) VALUES (10417, 'Peak Taichi Slippers and Sandals', 'peak-taichi-slippers-and-sandals', 0);
INSERT OR IGNORE INTO wp_term_taxonomy (term_taxonomy_id, term_id, taxonomy, description, parent, count) VALUES (10417, 10417, 'product_tag', '<h2 style="text-align: center">Shop Peak Taichi Slippers and Sandals</h2>
<p style="text-align: center">[hfe_template id=''155239'']</p>', 0, 0);
INSERT OR IGNORE INTO wp_terms (term_id, name, slug, term_group) VALUES (43329, 'Perfumes under 250 Ghana', 'perfumes-under-250-ghana', 0);
INSERT OR IGNORE INTO wp_term_taxonomy (term_taxonomy_id, term_id, taxonomy, description, parent, count) VALUES (43329, 43329, 'product_tag', 'Explore Shopwice’s perfumes under GHS250. Sometimes, you don’t have to break the bank to exude freshness. Get affordable, authentic perfumes delivered to your doorstep from brands like Avon, Fragrance World, Chris Adams, Emper, and more.', 0, 95);
INSERT OR IGNORE INTO wp_terms (term_id, name, slug, term_group) VALUES (11684, 'PlayStation Accessories', 'playstation-accessories', 0);
INSERT OR IGNORE INTO wp_term_taxonomy (term_taxonomy_id, term_id, taxonomy, description, parent, count) VALUES (11684, 11684, 'product_tag', '', 0, 0);
INSERT OR IGNORE INTO wp_terms (term_id, name, slug, term_group) VALUES (10517, 'Portugal National Jersey', 'portugal-national-jersey', 0);
INSERT OR IGNORE INTO wp_term_taxonomy (term_taxonomy_id, term_id, taxonomy, description, parent, count) VALUES (10517, 10517, 'product_tag', '', 0, 0);
INSERT OR IGNORE INTO wp_terms (term_id, name, slug, term_group) VALUES (11635, 'Protech Air Conditioners', 'protech-air-conditioners', 0);
INSERT OR IGNORE INTO wp_term_taxonomy (term_taxonomy_id, term_id, taxonomy, description, parent, count) VALUES (11635, 11635, 'product_tag', '', 0, 3);
INSERT OR IGNORE INTO wp_terms (term_id, name, slug, term_group) VALUES (10467, 'PSG Jerseys', 'psg-jerseys', 0);
INSERT OR IGNORE INTO wp_term_taxonomy (term_taxonomy_id, term_id, taxonomy, description, parent, count) VALUES (10467, 10467, 'product_tag', '', 0, 0);
INSERT OR IGNORE INTO wp_terms (term_id, name, slug, term_group) VALUES (10710, 'Puma Cali Sneakers', 'puma-cali-sneakers', 0);
INSERT OR IGNORE INTO wp_term_taxonomy (term_taxonomy_id, term_id, taxonomy, description, parent, count) VALUES (10710, 10710, 'product_tag', '<h2 style="text-align: center">Puma Cali Sneakers in Ghana</h2>
Explore our latest collection of Puma California sneakers online and shop at the best prices. These shoes are carefully made for comfort, fashion, and sporting activities.', 0, 0);
INSERT OR IGNORE INTO wp_terms (term_id, name, slug, term_group) VALUES (10767, 'Puma G Vilas', 'puma-g-vilas', 0);
INSERT OR IGNORE INTO wp_term_taxonomy (term_taxonomy_id, term_id, taxonomy, description, parent, count) VALUES (10767, 10767, 'product_tag', '<h2>Puma G Vilas Shoes</h2>', 0, 0);
INSERT OR IGNORE INTO wp_terms (term_id, name, slug, term_group) VALUES (10499, 'Puma Suede shoes', 'puma-suede-shoes', 0);
INSERT OR IGNORE INTO wp_term_taxonomy (term_taxonomy_id, term_id, taxonomy, description, parent, count) VALUES (10499, 10499, 'product_tag', '<h2 style="text-align: center">Puma suede shoes in Ghana</h2>
Browse and shop for puma suede sneakers online in Ghana. Available in black, blue, yellow, green, gray, black ad white etc.', 0, 0);
INSERT OR IGNORE INTO wp_terms (term_id, name, slug, term_group) VALUES (10878, 'RB Leipzig Jerseys', 'rb-leipzig-jerseys', 0);
INSERT OR IGNORE INTO wp_term_taxonomy (term_taxonomy_id, term_id, taxonomy, description, parent, count) VALUES (10878, 10878, 'product_tag', '', 0, 0);
INSERT OR IGNORE INTO wp_terms (term_id, name, slug, term_group) VALUES (10461, 'Real Madrid Jerseys', 'real-madrid-jerseys', 0);
INSERT OR IGNORE INTO wp_term_taxonomy (term_taxonomy_id, term_id, taxonomy, description, parent, count) VALUES (10461, 10461, 'product_tag', '', 0, 0);
INSERT OR IGNORE INTO wp_terms (term_id, name, slug, term_group) VALUES (10397, 'red canvas boots', 'red-canvas-boots', 0);
INSERT OR IGNORE INTO wp_term_taxonomy (term_taxonomy_id, term_id, taxonomy, description, parent, count) VALUES (10397, 10397, 'product_tag', '', 0, 0);
INSERT OR IGNORE INTO wp_terms (term_id, name, slug, term_group) VALUES (11644, 'Renewed', 'renewed', 0);
INSERT OR IGNORE INTO wp_term_taxonomy (term_taxonomy_id, term_id, taxonomy, description, parent, count) VALUES (11644, 11644, 'product_tag', '', 0, 2);
INSERT OR IGNORE INTO wp_terms (term_id, name, slug, term_group) VALUES (11627, 'Roch Air Conditioners', 'roch-air-conditioners', 0);
INSERT OR IGNORE INTO wp_term_taxonomy (term_taxonomy_id, term_id, taxonomy, description, parent, count) VALUES (11627, 11627, 'product_tag', '', 0, 5);
INSERT OR IGNORE INTO wp_terms (term_id, name, slug, term_group) VALUES (11901, 'Samsung 108mp Camera Phone', 'samsung-108mp-camera-phone', 0);
INSERT OR IGNORE INTO wp_term_taxonomy (term_taxonomy_id, term_id, taxonomy, description, parent, count) VALUES (11901, 11901, 'product_tag', '', 0, 12);
INSERT OR IGNORE INTO wp_terms (term_id, name, slug, term_group) VALUES (11893, 'Samsung 5G Phones', 'samsung-5g-phones', 0);
INSERT OR IGNORE INTO wp_term_taxonomy (term_taxonomy_id, term_id, taxonomy, description, parent, count) VALUES (11893, 11893, 'product_tag', '<span style="font-size: 90%">Explore our collection of Samsung 5G mobile phones and buy online. Experience a fast internet connection for seamless streaming, gaming, and downloads on Samsung 5G supoorted mobile</span>', 0, 28);
INSERT OR IGNORE INTO wp_terms (term_id, name, slug, term_group) VALUES (11626, 'Samsung Air Conditioners', 'samsung-air-conditioners', 0);
INSERT OR IGNORE INTO wp_term_taxonomy (term_taxonomy_id, term_id, taxonomy, description, parent, count) VALUES (11626, 11626, 'product_tag', 'Samsung Air Conditioners are known for their high quality and efficiency. Explore our collection of the latest models designed for energy efficiency, powerful cooling, and quiet operation, and buy online. Enjoy fast delivery, genuine products, and the best prices in Ghana. Shop now for the perfect Samsung AC to suit your home or office', 0, 11);
INSERT OR IGNORE INTO wp_terms (term_id, name, slug, term_group) VALUES (11885, 'Samsung Dual SIM Phones', 'samsung-dual-sim-phones', 0);
INSERT OR IGNORE INTO wp_term_taxonomy (term_taxonomy_id, term_id, taxonomy, description, parent, count) VALUES (11885, 11885, 'product_tag', 'Explore the latest collection of <strong>Samsung Dual SIM Phones in Ghana</strong> at Shopwice. Enjoy the convenience of managing two numbers on a single device, perfect for separating work and personal life or for seamless international travel.', 0, 60);
INSERT OR IGNORE INTO wp_terms (term_id, name, slug, term_group) VALUES (43330, 'Samsung Phones Under GHS 2000', 'samsung-phones-under-ghs-2000', 0);
INSERT OR IGNORE INTO wp_term_taxonomy (term_taxonomy_id, term_id, taxonomy, description, parent, count) VALUES (43330, 43330, 'product_tag', 'Looking for affordable Samsung phones? You are viewing Samsung Phones priced below GHS 2000 on Shopwice. To see even the lower-priced ones, start sorting by price from low to high.', 0, 25);
INSERT OR IGNORE INTO wp_terms (term_id, name, slug, term_group) VALUES (11909, 'Samsung Waterproof Phones', 'samsung-waterproof-phones', 0);
INSERT OR IGNORE INTO wp_term_taxonomy (term_taxonomy_id, term_id, taxonomy, description, parent, count) VALUES (11909, 11909, 'product_tag', 'Explore our latest collection of Samsung waterproof phones built to withstand splashes, spills, and even submersion. These devices are perfect for users with active lifestyles, outdoor workers, or anyone looking for peace of mind when using their phone around water. Featuring IP67 and IP68-rated models, Shopwice offers Samsung smartphones that combine durability with features like advanced cameras, fast processors, and long battery life.', 0, 61);
INSERT OR IGNORE INTO wp_terms (term_id, name, slug, term_group) VALUES (10877, 'Sevilla Jerseys', 'sevilla-jerseys', 0);
INSERT OR IGNORE INTO wp_term_taxonomy (term_taxonomy_id, term_id, taxonomy, description, parent, count) VALUES (10877, 10877, 'product_tag', '', 0, 0);
INSERT OR IGNORE INTO wp_terms (term_id, name, slug, term_group) VALUES (1893, 'skinny', 'skinny', 0);
INSERT OR IGNORE INTO wp_term_taxonomy (term_taxonomy_id, term_id, taxonomy, description, parent, count) VALUES (1893, 1893, 'product_tag', '', 0, 0);
INSERT OR IGNORE INTO wp_terms (term_id, name, slug, term_group) VALUES (12007, 'Smart Collection Perfumes', 'smart-collection-perfumes', 0);
INSERT OR IGNORE INTO wp_term_taxonomy (term_taxonomy_id, term_id, taxonomy, description, parent, count) VALUES (12007, 12007, 'product_tag', '', 0, 3);
INSERT OR IGNORE INTO wp_terms (term_id, name, slug, term_group) VALUES (11668, 'smart watch', 'smart-watch', 0);
INSERT OR IGNORE INTO wp_term_taxonomy (term_taxonomy_id, term_id, taxonomy, description, parent, count) VALUES (11668, 11668, 'product_tag', '', 0, 1);
INSERT OR IGNORE INTO wp_terms (term_id, name, slug, term_group) VALUES (2040, 'Socofy Ankle Boots', 'socofy-ankle-boots', 0);
INSERT OR IGNORE INTO wp_term_taxonomy (term_taxonomy_id, term_id, taxonomy, description, parent, count) VALUES (2040, 2040, 'product_tag', '<h2>Socofy Women''s  Ankle Boots</h2>', 0, 0);
INSERT OR IGNORE INTO wp_terms (term_id, name, slug, term_group) VALUES (2027, 'Socofy Ankle Strap Heels', 'socofy-ankle-strap-heels', 0);
INSERT OR IGNORE INTO wp_term_taxonomy (term_taxonomy_id, term_id, taxonomy, description, parent, count) VALUES (2027, 2027, 'product_tag', '<h2>Socofy Ankle Strap Heels</h2>
<h2>Socofy Ankle Strap Shoes for women.</h2>', 0, 0);
INSERT OR IGNORE INTO wp_terms (term_id, name, slug, term_group) VALUES (2030, 'Socofy Boots', 'socofy-boots', 0);
INSERT OR IGNORE INTO wp_term_taxonomy (term_taxonomy_id, term_id, taxonomy, description, parent, count) VALUES (2030, 2030, 'product_tag', '<h2>Socofy boots</h2>
Find more of Socofy''s retros <a href="https://shopwice.com/brand/socofy">here</a>. Boots, <a href="https://shopwice.com/collection/socofy-heels">Heels</a>, <a href="https://shopwice.com/collection/socofy-sandals">Sandals</a>, and Flats', 0, 0);
INSERT OR IGNORE INTO wp_terms (term_id, name, slug, term_group) VALUES (2041, 'Socofy Clogs', 'socofy-clogs', 0);
INSERT OR IGNORE INTO wp_term_taxonomy (term_taxonomy_id, term_id, taxonomy, description, parent, count) VALUES (2041, 2041, 'product_tag', '<h2>Socofy Clogs</h2>
<h2>Socofy Clogs and Mule Sandals</h2>', 0, 0);
INSERT OR IGNORE INTO wp_terms (term_id, name, slug, term_group) VALUES (2042, 'Socofy Cowgirl Boots', 'socofy-cowgirl-boots', 0);
INSERT OR IGNORE INTO wp_term_taxonomy (term_taxonomy_id, term_id, taxonomy, description, parent, count) VALUES (2042, 2042, 'product_tag', '<h2>Socofy Cowgirl Boots</h2>
<h2>Socofy Cowgirl Shoes</h2>
<h2>Socofy Cowgirl</h2>', 0, 0);
INSERT OR IGNORE INTO wp_terms (term_id, name, slug, term_group) VALUES (2029, 'Socofy Derby Shoes', 'socofy-derby-shoes', 0);
INSERT OR IGNORE INTO wp_term_taxonomy (term_taxonomy_id, term_id, taxonomy, description, parent, count) VALUES (2029, 2029, 'product_tag', '<h2>Socofy Derby Shoes</h2>', 0, 0);
INSERT OR IGNORE INTO wp_terms (term_id, name, slug, term_group) VALUES (821, 'Socofy Flat Sandals', 'socofy-flat-sandals', 0);
INSERT OR IGNORE INTO wp_term_taxonomy (term_taxonomy_id, term_id, taxonomy, description, parent, count) VALUES (821, 821, 'product_tag', '', 0, 0);
INSERT OR IGNORE INTO wp_terms (term_id, name, slug, term_group) VALUES (2025, 'Socofy Heels', 'socofy-heels', 0);
INSERT OR IGNORE INTO wp_term_taxonomy (term_taxonomy_id, term_id, taxonomy, description, parent, count) VALUES (2025, 2025, 'product_tag', '<h2>Socofy Heels</h2>
Socofy heels are made of genuine leather material and crafted with the hand by professional craftsmen. Explore more of Socofy heel shoe types including <a href="https://shopwice.com/collection/socofy-pump-shoes/">Pumps</a>, <a href="https://shopwice.com/collection/socofy-ankle-strap-heels/">Ankle Strap</a>, <a href="https://shopwice.com/collection/socofy-wedge-shoes/">Wedge,</a> and <a href="https://shopwice.com/collection/socofy-mary-jane-shoes">Mary Jane shoes</a>', 0, 0);
INSERT OR IGNORE INTO wp_terms (term_id, name, slug, term_group) VALUES (820, 'Socofy High Heel Sandals', 'socofy-high-heel-sandals', 0);
INSERT OR IGNORE INTO wp_term_taxonomy (term_taxonomy_id, term_id, taxonomy, description, parent, count) VALUES (820, 820, 'product_tag', '', 0, 0);
INSERT OR IGNORE INTO wp_terms (term_id, name, slug, term_group) VALUES (2043, 'Socofy Knee Boots', 'socofy-knee-boots', 0);
INSERT OR IGNORE INTO wp_term_taxonomy (term_taxonomy_id, term_id, taxonomy, description, parent, count) VALUES (2043, 2043, 'product_tag', 'Socofy Knee Boots', 0, 0);
INSERT OR IGNORE INTO wp_terms (term_id, name, slug, term_group) VALUES (2026, 'Socofy Mary Jane Shoes', 'socofy-mary-jane-shoes', 0);
INSERT OR IGNORE INTO wp_term_taxonomy (term_taxonomy_id, term_id, taxonomy, description, parent, count) VALUES (2026, 2026, 'product_tag', '<h2>Socofy Mary Jane Shoes</h2>
<h2>Socofy Mary Jane Heels</h2>', 0, 0);
INSERT OR IGNORE INTO wp_terms (term_id, name, slug, term_group) VALUES (2023, 'Socofy Pump Shoes', 'socofy-pump-shoes', 0);
INSERT OR IGNORE INTO wp_term_taxonomy (term_taxonomy_id, term_id, taxonomy, description, parent, count) VALUES (2023, 2023, 'product_tag', '<h2 style="text-align: center"><span style="font-size: 75%">Socofy Pump Shoes</span></h2>', 0, 0);
INSERT OR IGNORE INTO wp_terms (term_id, name, slug, term_group) VALUES (819, 'Socofy Sandals', 'socofy-sandals', 0);
INSERT OR IGNORE INTO wp_term_taxonomy (term_taxonomy_id, term_id, taxonomy, description, parent, count) VALUES (819, 819, 'product_tag', '<h2>Socofy Sandals</h2>
When you think of special sandals for women, remember Socofy Sandals. Browse from our wide collection of Socofy women''s Vintage, Retro, and Bohemian styles and buy online', 0, 0);
INSERT OR IGNORE INTO wp_terms (term_id, name, slug, term_group) VALUES (2024, 'Socofy Wedge Sandals', 'socofy-wedge-sandals', 0);
INSERT OR IGNORE INTO wp_term_taxonomy (term_taxonomy_id, term_id, taxonomy, description, parent, count) VALUES (2024, 2024, 'product_tag', '<a href="https://shopwice.com/collection/socofy-clogs/"><img class="aligncenter wp-image-87426 size-full" src="https://shopwice.com/wp-content/uploads/2022/08/Socofy-clogs-banner.png" alt="Socofy clogs banner " width="1440" height="392" data-wp-pid="87426" /></a>
<h2>Socofy Wedge Sandals</h2>', 0, 0);
INSERT OR IGNORE INTO wp_terms (term_id, name, slug, term_group) VALUES (2028, 'Socofy Wedge Shoes', 'socofy-wedge-shoes', 0);
INSERT OR IGNORE INTO wp_term_taxonomy (term_taxonomy_id, term_id, taxonomy, description, parent, count) VALUES (2028, 2028, 'product_tag', '', 0, 0);
INSERT OR IGNORE INTO wp_terms (term_id, name, slug, term_group) VALUES (10520, 'Spain National Jersey', 'spain-national-jersey', 0);
INSERT OR IGNORE INTO wp_term_taxonomy (term_taxonomy_id, term_id, taxonomy, description, parent, count) VALUES (10520, 10520, 'product_tag', '', 0, 0);
INSERT OR IGNORE INTO wp_terms (term_id, name, slug, term_group) VALUES (1894, 'stripes', 'stripes', 0);
INSERT OR IGNORE INTO wp_term_taxonomy (term_taxonomy_id, term_id, taxonomy, description, parent, count) VALUES (1894, 1894, 'product_tag', '', 0, 0);
INSERT OR IGNORE INTO wp_terms (term_id, name, slug, term_group) VALUES (10713, 'Suede Shoes', 'suede-shoes', 0);
INSERT OR IGNORE INTO wp_term_taxonomy (term_taxonomy_id, term_id, taxonomy, description, parent, count) VALUES (10713, 10713, 'product_tag', '', 0, 0);
INSERT OR IGNORE INTO wp_terms (term_id, name, slug, term_group) VALUES (1888, 'summer', 'summer', 0);
INSERT OR IGNORE INTO wp_term_taxonomy (term_taxonomy_id, term_id, taxonomy, description, parent, count) VALUES (1888, 1888, 'product_tag', '', 0, 0);
INSERT OR IGNORE INTO wp_terms (term_id, name, slug, term_group) VALUES (10817, 'Timberland Chelsea Boots', 'timberland-chelsea-boots', 0);
INSERT OR IGNORE INTO wp_term_taxonomy (term_taxonomy_id, term_id, taxonomy, description, parent, count) VALUES (10817, 10817, 'product_tag', '<h2 style="text-align: center">Buy Timberland Chelsea Boots in Ghana</h2>', 0, 0);
INSERT OR IGNORE INTO wp_terms (term_id, name, slug, term_group) VALUES (10819, 'Timberland Combat Boots', 'timberland-combat-boots', 0);
INSERT OR IGNORE INTO wp_term_taxonomy (term_taxonomy_id, term_id, taxonomy, description, parent, count) VALUES (10819, 10819, 'product_tag', '<h2 style="text-align: center">Timberland Combat Boots for  Sale in Ghana</h2>', 0, 0);
INSERT OR IGNORE INTO wp_terms (term_id, name, slug, term_group) VALUES (10820, 'Timberland Desert Boots', 'timberland-desert-boots', 0);
INSERT OR IGNORE INTO wp_term_taxonomy (term_taxonomy_id, term_id, taxonomy, description, parent, count) VALUES (10820, 10820, 'product_tag', '<h2 style="text-align: center">Timberland Desert Boots in Ghana</h2>', 0, 0);
INSERT OR IGNORE INTO wp_terms (term_id, name, slug, term_group) VALUES (10818, 'Timberland Loafers', 'timberland-loafers', 0);
INSERT OR IGNORE INTO wp_term_taxonomy (term_taxonomy_id, term_id, taxonomy, description, parent, count) VALUES (10818, 10818, 'product_tag', '<h2 style="text-align: center"><strong>Timberland Loafers For Sale in Ghana</strong></h2>', 0, 0);
INSERT OR IGNORE INTO wp_terms (term_id, name, slug, term_group) VALUES (10821, 'Timberland Sandals', 'timberland-sandals', 0);
INSERT OR IGNORE INTO wp_term_taxonomy (term_taxonomy_id, term_id, taxonomy, description, parent, count) VALUES (10821, 10821, 'product_tag', '', 0, 0);
INSERT OR IGNORE INTO wp_terms (term_id, name, slug, term_group) VALUES (10816, 'Timberland Sneakers', 'timberland-sneakers', 0);
INSERT OR IGNORE INTO wp_term_taxonomy (term_taxonomy_id, term_id, taxonomy, description, parent, count) VALUES (10816, 10816, 'product_tag', '<h2 style="text-align: center">Timberland Sneakers in Ghana</h2>', 0, 0);
INSERT OR IGNORE INTO wp_terms (term_id, name, slug, term_group) VALUES (10421, 'Tony Parker', 'tony-parker', 0);
INSERT OR IGNORE INTO wp_term_taxonomy (term_taxonomy_id, term_id, taxonomy, description, parent, count) VALUES (10421, 10421, 'product_tag', '', 0, 0);
INSERT OR IGNORE INTO wp_terms (term_id, name, slug, term_group) VALUES (10367, 'Total White Sneakers', 'total-white-sneakers', 0);
INSERT OR IGNORE INTO wp_term_taxonomy (term_taxonomy_id, term_id, taxonomy, description, parent, count) VALUES (10367, 10367, 'product_tag', '<h2 style="text-align: center">Total White Sneakers</h2>
Total White Sneakers are white shoes with no other colors. They are 100% white. Unlike others with a touch of different colors. Usually, they are called triple white shoes or all-white sneakers. Stay a step ahead of your goals in <em>triple white shoes</em>. Distinctive white on white', 0, 0);
INSERT OR IGNORE INTO wp_terms (term_id, name, slug, term_group) VALUES (10472, 'Tottenham Hotspurs Jerseys', 'tottenham-united-jerseys', 0);
INSERT OR IGNORE INTO wp_term_taxonomy (term_taxonomy_id, term_id, taxonomy, description, parent, count) VALUES (10472, 10472, 'product_tag', '', 0, 0);
INSERT OR IGNORE INTO wp_terms (term_id, name, slug, term_group) VALUES (1848, 'Waterproof Backpacks', 'waterproof-backpacks', 0);
INSERT OR IGNORE INTO wp_term_taxonomy (term_taxonomy_id, term_id, taxonomy, description, parent, count) VALUES (1848, 1848, 'product_tag', '<h2 style="text-align: center">Waterproof Backpacks</h2>
Isn''t it amazing to run through the rain with your backpack whiles your valuables are still safe? It''s only a waterproof backpack that does that. All bags are made but not the same. Waterproof backpacks are made special. They enable you to enjoy active lifestyles.

Not only in the rain, but they are also good for hiking during the summer, school, work, and travel. Regardless of the type of activity, you are partaking, you are more likely to come into contact with water and waterproof backpacks will allow you to embark on every journey with peace of mind from unexpected rain, sweat, and water splashes, or an ocean''s hid tide.

Now, we have brought to your convenience hundreds of waterproof backpacks in many designs, styles, colours and materials that you can shop online. From the cheapest to the most valuable, shop from our collection of waterproof backpacks from top brands such as <a href="https://shopwice.com/brand/fenruien">Fenruien</a>, Patagonia, Northface, Rei Tigernu, Tangcool, Matein etc', 0, 0);
INSERT OR IGNORE INTO wp_terms (term_id, name, slug, term_group) VALUES (10544, 'West Ham UNIted Jerseys', 'west-ham-united-jerseys', 0);
INSERT OR IGNORE INTO wp_term_taxonomy (term_taxonomy_id, term_id, taxonomy, description, parent, count) VALUES (10544, 10544, 'product_tag', '', 0, 0);
INSERT OR IGNORE INTO wp_terms (term_id, name, slug, term_group) VALUES (10439, 'White Sneakers', 'white-sneakers', 0);
INSERT OR IGNORE INTO wp_term_taxonomy (term_taxonomy_id, term_id, taxonomy, description, parent, count) VALUES (10439, 10439, 'product_tag', '<h2 style="text-align: center">White Sneakers in Ghana</h2>
White sneakers are universal, pick up a pair to stutter the streets and match it with any style. Explore Shopwice''s collection and buy online.', 0, 1);
INSERT OR IGNORE INTO wp_terms (term_id, name, slug, term_group) VALUES (2236, 'women''s white leather canvas sneakers', 'womens-white-leather-canvas-sneakers', 0);
INSERT OR IGNORE INTO wp_term_taxonomy (term_taxonomy_id, term_id, taxonomy, description, parent, count) VALUES (2236, 2236, 'product_tag', '', 0, 0);
INSERT OR IGNORE INTO wp_terms (term_id, name, slug, term_group) VALUES (2032, 'Womens leather oxford boots', 'womens-leather-oxford-boots', 0);
INSERT OR IGNORE INTO wp_term_taxonomy (term_taxonomy_id, term_id, taxonomy, description, parent, count) VALUES (2032, 2032, 'product_tag', '<h2>Womens Leather Oxford Boots</h2>
<div class="lead">

Characterized by its closed lacing; Womens Leather Oxford Boots are traditional, elegant, and a versatile must-have. Perfect addition to your winter look.

Discover essential womens oxford boots made with leather from specialized brands including <a href="https://shopwice.com/product/mona-flying-women-genuine-leather-brogue-ankle-heels-boots-classic-fashion-comfortable-female-shoes-for-ladies-2020-new-068-18/">mona flying</a> on Shopwice. A full range of classic, casual, and elegant oxford styles for the autumn and winter. Whether it is a sleek black, blue navy, brown, or grey, you will find what color blocks your outfit. Unravel comfort, quality, and effortless oxford boot styles made with 100% animal skin.

&nbsp;

</div>', 0, 0);
INSERT OR IGNORE INTO wp_terms (term_id, name, slug, term_group) VALUES (446, '212', '212', 0);
INSERT OR IGNORE INTO wp_term_taxonomy (term_taxonomy_id, term_id, taxonomy, description, parent, count) VALUES (446, 446, 'product_brand', 'ligiu', 0, 1);
INSERT OR IGNORE INTO wp_terms (term_id, name, slug, term_group) VALUES (452, '24k Perfume', '24k-perfume', 0);
INSERT OR IGNORE INTO wp_term_taxonomy (term_taxonomy_id, term_id, taxonomy, description, parent, count) VALUES (452, 452, 'product_brand', '', 0, 0);
INSERT OR IGNORE INTO wp_terms (term_id, name, slug, term_group) VALUES (10969, 'Acer', 'acer', 0);
INSERT OR IGNORE INTO wp_term_taxonomy (term_taxonomy_id, term_id, taxonomy, description, parent, count) VALUES (10969, 10969, 'product_brand', '', 0, 1);
INSERT OR IGNORE INTO wp_terms (term_id, name, slug, term_group) VALUES (11433, 'AD Maurizio', 'ad-maurizio', 0);
INSERT OR IGNORE INTO wp_term_taxonomy (term_taxonomy_id, term_id, taxonomy, description, parent, count) VALUES (11433, 11433, 'product_brand', '', 0, 26);
INSERT OR IGNORE INTO wp_terms (term_id, name, slug, term_group) VALUES (285, 'Adidas', 'adidas', 0);
INSERT OR IGNORE INTO wp_term_taxonomy (term_taxonomy_id, term_id, taxonomy, description, parent, count) VALUES (285, 285, 'product_brand', '', 0, 1);
INSERT OR IGNORE INTO wp_terms (term_id, name, slug, term_group) VALUES (457, 'Adidas Slippers &amp; Sandals', 'adidas-slippers-sandals', 0);
INSERT OR IGNORE INTO wp_term_taxonomy (term_taxonomy_id, term_id, taxonomy, description, parent, count) VALUES (457, 457, 'product_brand', '', 0, 0);
INSERT OR IGNORE INTO wp_terms (term_id, name, slug, term_group) VALUES (2516, 'Adidas&gt;Yeezy Shoes', 'adidasyeezy-shoes', 0);
INSERT OR IGNORE INTO wp_term_taxonomy (term_taxonomy_id, term_id, taxonomy, description, parent, count) VALUES (2516, 2516, 'product_brand', '', 0, 0);
INSERT OR IGNORE INTO wp_terms (term_id, name, slug, term_group) VALUES (332, 'Air Awick', 'air-awick', 0);
INSERT OR IGNORE INTO wp_term_taxonomy (term_taxonomy_id, term_id, taxonomy, description, parent, count) VALUES (332, 332, 'product_brand', '', 0, 1);
INSERT OR IGNORE INTO wp_terms (term_id, name, slug, term_group) VALUES (389, 'Airpro', 'airpro', 0);
INSERT OR IGNORE INTO wp_term_taxonomy (term_taxonomy_id, term_id, taxonomy, description, parent, count) VALUES (389, 389, 'product_brand', '', 0, 1);
INSERT OR IGNORE INTO wp_terms (term_id, name, slug, term_group) VALUES (334, 'Airwick', 'airwick', 0);
INSERT OR IGNORE INTO wp_term_taxonomy (term_taxonomy_id, term_id, taxonomy, description, parent, count) VALUES (334, 334, 'product_brand', '', 0, 0);
INSERT OR IGNORE INTO wp_terms (term_id, name, slug, term_group) VALUES (324, 'Akai', 'akai', 0);
INSERT OR IGNORE INTO wp_term_taxonomy (term_taxonomy_id, term_id, taxonomy, description, parent, count) VALUES (324, 324, 'product_brand', 'kjdythjv', 0, 1);
INSERT OR IGNORE INTO wp_terms (term_id, name, slug, term_group) VALUES (335, 'Alexandre McQueen', 'alexandre-mcqueen', 0);
INSERT OR IGNORE INTO wp_term_taxonomy (term_taxonomy_id, term_id, taxonomy, description, parent, count) VALUES (335, 335, 'product_brand', '', 0, 0);
INSERT OR IGNORE INTO wp_terms (term_id, name, slug, term_group) VALUES (43450, 'Amazon', 'amazon', 0);
INSERT OR IGNORE INTO wp_term_taxonomy (term_taxonomy_id, term_id, taxonomy, description, parent, count) VALUES (43450, 43450, 'product_brand', '', 0, 2);
INSERT OR IGNORE INTO wp_terms (term_id, name, slug, term_group) VALUES (462, 'Anax Shoes', 'anax-shoes', 0);
INSERT OR IGNORE INTO wp_term_taxonomy (term_taxonomy_id, term_id, taxonomy, description, parent, count) VALUES (462, 462, 'product_brand', '', 0, 21);
INSERT OR IGNORE INTO wp_terms (term_id, name, slug, term_group) VALUES (11697, 'Anker', 'anker', 0);
INSERT OR IGNORE INTO wp_term_taxonomy (term_taxonomy_id, term_id, taxonomy, description, parent, count) VALUES (11697, 11697, 'product_brand', '', 0, 5);
INSERT OR IGNORE INTO wp_terms (term_id, name, slug, term_group) VALUES (455, 'Antonio Banderas', 'antonio-banderas', 0);
INSERT OR IGNORE INTO wp_term_taxonomy (term_taxonomy_id, term_id, taxonomy, description, parent, count) VALUES (455, 455, 'product_brand', '', 0, 0);
INSERT OR IGNORE INTO wp_terms (term_id, name, slug, term_group) VALUES (427, 'Aoykawim', 'aoykawim', 0);
INSERT OR IGNORE INTO wp_term_taxonomy (term_taxonomy_id, term_id, taxonomy, description, parent, count) VALUES (427, 427, 'product_brand', '', 0, 1);
INSERT OR IGNORE INTO wp_terms (term_id, name, slug, term_group) VALUES (6353, 'Aoykawim|MCE|Royal Green Pine', 'aoykawimmceroyal-green-pine', 0);
INSERT OR IGNORE INTO wp_term_taxonomy (term_taxonomy_id, term_id, taxonomy, description, parent, count) VALUES (6353, 6353, 'product_brand', '', 0, 1);
INSERT OR IGNORE INTO wp_terms (term_id, name, slug, term_group) VALUES (424, 'Apple', 'apple', 0);
INSERT OR IGNORE INTO wp_term_taxonomy (term_taxonomy_id, term_id, taxonomy, description, parent, count) VALUES (424, 424, 'product_brand', '<p style="text-align: center">[block id="apple-top"]</p>', 0, 115);
INSERT OR IGNORE INTO wp_terms (term_id, name, slug, term_group) VALUES (432, 'Arare', 'arare', 0);
INSERT OR IGNORE INTO wp_term_taxonomy (term_taxonomy_id, term_id, taxonomy, description, parent, count) VALUES (432, 432, 'product_brand', '', 0, 1);
INSERT OR IGNORE INTO wp_terms (term_id, name, slug, term_group) VALUES (11460, 'Armaf', 'armaf', 0);
INSERT OR IGNORE INTO wp_term_taxonomy (term_taxonomy_id, term_id, taxonomy, description, parent, count) VALUES (11460, 11460, 'product_brand', '', 0, 2);
INSERT OR IGNORE INTO wp_terms (term_id, name, slug, term_group) VALUES (43438, 'Artistique', 'artistique', 0);
INSERT OR IGNORE INTO wp_term_taxonomy (term_taxonomy_id, term_id, taxonomy, description, parent, count) VALUES (43438, 43438, 'product_brand', '', 43436, 7);
INSERT OR IGNORE INTO wp_terms (term_id, name, slug, term_group) VALUES (11628, 'Asano', 'asano', 0);
INSERT OR IGNORE INTO wp_term_taxonomy (term_taxonomy_id, term_id, taxonomy, description, parent, count) VALUES (11628, 11628, 'product_brand', '', 0, 3);
INSERT OR IGNORE INTO wp_terms (term_id, name, slug, term_group) VALUES (503, 'Asics', 'asics', 0);
INSERT OR IGNORE INTO wp_term_taxonomy (term_taxonomy_id, term_id, taxonomy, description, parent, count) VALUES (503, 503, 'product_brand', '', 0, 6);
INSERT OR IGNORE INTO wp_terms (term_id, name, slug, term_group) VALUES (10970, 'Asus', 'asus', 0);
INSERT OR IGNORE INTO wp_term_taxonomy (term_taxonomy_id, term_id, taxonomy, description, parent, count) VALUES (10970, 10970, 'product_brand', '', 0, 0);
INSERT OR IGNORE INTO wp_terms (term_id, name, slug, term_group) VALUES (43439, 'Attraction', 'attraction', 0);
INSERT OR IGNORE INTO wp_term_taxonomy (term_taxonomy_id, term_id, taxonomy, description, parent, count) VALUES (43439, 43439, 'product_brand', '', 43435, 10);
INSERT OR IGNORE INTO wp_terms (term_id, name, slug, term_group) VALUES (381, 'Aventos', 'aventos', 0);
INSERT OR IGNORE INTO wp_term_taxonomy (term_taxonomy_id, term_id, taxonomy, description, parent, count) VALUES (381, 381, 'product_brand', '', 0, 1);
INSERT OR IGNORE INTO wp_terms (term_id, name, slug, term_group) VALUES (11827, 'Avic Adventure', 'avic-adventure', 0);
INSERT OR IGNORE INTO wp_term_taxonomy (term_taxonomy_id, term_id, taxonomy, description, parent, count) VALUES (11827, 11827, 'product_brand', '', 0, 1);
INSERT OR IGNORE INTO wp_terms (term_id, name, slug, term_group) VALUES (10759, 'Avinas', 'avinas', 0);
INSERT OR IGNORE INTO wp_term_taxonomy (term_taxonomy_id, term_id, taxonomy, description, parent, count) VALUES (10759, 10759, 'product_brand', '', 0, 2);
INSERT OR IGNORE INTO wp_terms (term_id, name, slug, term_group) VALUES (394, 'Avon', 'avon', 0);
INSERT OR IGNORE INTO wp_term_taxonomy (term_taxonomy_id, term_id, taxonomy, description, parent, count) VALUES (394, 394, 'product_brand', '', 0, 271);
INSERT OR IGNORE INTO wp_terms (term_id, name, slug, term_group) VALUES (414, 'Baby Discovery', 'baby-discovery', 0);
INSERT OR IGNORE INTO wp_term_taxonomy (term_taxonomy_id, term_id, taxonomy, description, parent, count) VALUES (414, 414, 'product_brand', '', 0, 2);
INSERT OR IGNORE INTO wp_terms (term_id, name, slug, term_group) VALUES (348, 'Balenciaga', 'balenciaga', 0);
INSERT OR IGNORE INTO wp_term_taxonomy (term_taxonomy_id, term_id, taxonomy, description, parent, count) VALUES (348, 348, 'product_brand', '', 0, 0);
INSERT OR IGNORE INTO wp_terms (term_id, name, slug, term_group) VALUES (10964, 'Bally', 'bally', 0);
INSERT OR IGNORE INTO wp_term_taxonomy (term_taxonomy_id, term_id, taxonomy, description, parent, count) VALUES (10964, 10964, 'product_brand', '', 0, 1);
INSERT OR IGNORE INTO wp_terms (term_id, name, slug, term_group) VALUES (10742, 'Baofeng', 'baofeng', 0);
INSERT OR IGNORE INTO wp_term_taxonomy (term_taxonomy_id, term_id, taxonomy, description, parent, count) VALUES (10742, 10742, 'product_brand', '', 0, 3);
INSERT OR IGNORE INTO wp_terms (term_id, name, slug, term_group) VALUES (409, 'Bat', 'bat', 0);
INSERT OR IGNORE INTO wp_term_taxonomy (term_taxonomy_id, term_id, taxonomy, description, parent, count) VALUES (409, 409, 'product_brand', '', 0, 1);
INSERT OR IGNORE INTO wp_terms (term_id, name, slug, term_group) VALUES (10738, 'Beats', 'beats', 0);
INSERT OR IGNORE INTO wp_term_taxonomy (term_taxonomy_id, term_id, taxonomy, description, parent, count) VALUES (10738, 10738, 'product_brand', '', 0, 10);
INSERT OR IGNORE INTO wp_terms (term_id, name, slug, term_group) VALUES (10777, 'bebe', 'bebe', 0);
INSERT OR IGNORE INTO wp_term_taxonomy (term_taxonomy_id, term_id, taxonomy, description, parent, count) VALUES (10777, 10777, 'product_brand', '', 0, 18);
INSERT OR IGNORE INTO wp_terms (term_id, name, slug, term_group) VALUES (306, 'Benjie', 'benjie', 0);
INSERT OR IGNORE INTO wp_term_taxonomy (term_taxonomy_id, term_id, taxonomy, description, parent, count) VALUES (306, 306, 'product_brand', 'The rice farmers in Ghana were proud to announce the debut of the Benjie Long Grains Fragrance Rice. 100% long grain with sweet scent aroma. It can be used for Waakye, Jollof, Fried Rice or that special meal you want to make. An authentic and deliciously aromatic offspring of the legendary Ghana Rice''. Over the past decade, the collaborative efforts to grow and eat Ghanaian produced rice is evident in Benjie Rice. From the lands of Ghana, this fragrance rice is proudly produced with careful attention to quality and strict following of GSA standards.

Available in <a href="https://shopwice.com//product/benjie-fragrance-rice-5kg/">5kg</a> and <a href="https://shopwice.com//product/benjie-25kg-fragrance-rice">25kg</a>, the Benjie rice is able to cater to small and large groups.

Get Benjie rice at wholesale price for bulk purchases. A good deal of GH₵180 for 25 kg (5 x 5 kg or full 25 kg).  Call us at 0572636517 or <a href="https://shopwice.com/contact-us/">email us</a> for bulk purchase and delivery arrangements.', 0, 1);
INSERT OR IGNORE INTO wp_terms (term_id, name, slug, term_group) VALUES (11467, 'Bentley', 'bentley', 0);
INSERT OR IGNORE INTO wp_term_taxonomy (term_taxonomy_id, term_id, taxonomy, description, parent, count) VALUES (11467, 11467, 'product_brand', '', 0, 1);
INSERT OR IGNORE INTO wp_terms (term_id, name, slug, term_group) VALUES (365, 'Besrrunner', 'besrrunner', 0);
INSERT OR IGNORE INTO wp_term_taxonomy (term_taxonomy_id, term_id, taxonomy, description, parent, count) VALUES (365, 365, 'product_brand', '', 0, 1);
INSERT OR IGNORE INTO wp_terms (term_id, name, slug, term_group) VALUES (504, 'Billonaire', 'billonaire', 0);
INSERT OR IGNORE INTO wp_term_taxonomy (term_taxonomy_id, term_id, taxonomy, description, parent, count) VALUES (504, 504, 'product_brand', '', 0, 0);
INSERT OR IGNORE INTO wp_terms (term_id, name, slug, term_group) VALUES (1017, 'Bimai', 'bimai', 0);
INSERT OR IGNORE INTO wp_term_taxonomy (term_taxonomy_id, term_id, taxonomy, description, parent, count) VALUES (1017, 1017, 'product_brand', '', 0, 0);
INSERT OR IGNORE INTO wp_terms (term_id, name, slug, term_group) VALUES (337, 'Binatone', 'binatone', 0);
INSERT OR IGNORE INTO wp_term_taxonomy (term_taxonomy_id, term_id, taxonomy, description, parent, count) VALUES (337, 337, 'product_brand', '', 0, 24);
INSERT OR IGNORE INTO wp_terms (term_id, name, slug, term_group) VALUES (302, 'Birkenstock', 'birkenstock', 0);
INSERT OR IGNORE INTO wp_term_taxonomy (term_taxonomy_id, term_id, taxonomy, description, parent, count) VALUES (302, 302, 'product_brand', '<h2>Birkenstock Sandals and Slippers in Ghana</h2>
Calling all who love dressing in style. For those who aren''t eager to make any trade-offs with regards to comfort and the prosperity of their feet: Shopwice''s BIRKENSTOCKS sandals and slippers add both casual and gentle refinement to your regular look that you are searching for, while effectively advancing your foot wellbeing. Explore our variety of colors and styles that match to ensemble your outfit.', 0, 0);
INSERT OR IGNORE INTO wp_terms (term_id, name, slug, term_group) VALUES (390, 'Black Off', 'black-off', 0);
INSERT OR IGNORE INTO wp_term_taxonomy (term_taxonomy_id, term_id, taxonomy, description, parent, count) VALUES (390, 390, 'product_brand', '', 0, 0);
INSERT OR IGNORE INTO wp_terms (term_id, name, slug, term_group) VALUES (43441, 'Black Suede', 'black-suede', 0);
INSERT OR IGNORE INTO wp_term_taxonomy (term_taxonomy_id, term_id, taxonomy, description, parent, count) VALUES (43441, 43441, 'product_brand', '', 43440, 11);
INSERT OR IGNORE INTO wp_terms (term_id, name, slug, term_group) VALUES (357, 'Body Solid', 'body-solid', 0);
INSERT OR IGNORE INTO wp_term_taxonomy (term_taxonomy_id, term_id, taxonomy, description, parent, count) VALUES (357, 357, 'product_brand', '', 0, 0);
INSERT OR IGNORE INTO wp_terms (term_id, name, slug, term_group) VALUES (399, 'Bom man', 'bom-man', 0);
INSERT OR IGNORE INTO wp_term_taxonomy (term_taxonomy_id, term_id, taxonomy, description, parent, count) VALUES (399, 399, 'product_brand', '', 0, 0);
INSERT OR IGNORE INTO wp_terms (term_id, name, slug, term_group) VALUES (10896, 'Boma', 'boma', 0);
INSERT OR IGNORE INTO wp_term_taxonomy (term_taxonomy_id, term_id, taxonomy, description, parent, count) VALUES (10896, 10896, 'product_brand', '', 0, 3);
INSERT OR IGNORE INTO wp_terms (term_id, name, slug, term_group) VALUES (327, 'Bomei', 'bomei', 0);
INSERT OR IGNORE INTO wp_term_taxonomy (term_taxonomy_id, term_id, taxonomy, description, parent, count) VALUES (327, 327, 'product_brand', '', 0, 0);
INSERT OR IGNORE INTO wp_terms (term_id, name, slug, term_group) VALUES (442, 'Bontel', 'bontel', 0);
INSERT OR IGNORE INTO wp_term_taxonomy (term_taxonomy_id, term_id, taxonomy, description, parent, count) VALUES (442, 442, 'product_brand', '', 0, 3);
INSERT OR IGNORE INTO wp_terms (term_id, name, slug, term_group) VALUES (10707, 'Bose', 'bose', 0);
INSERT OR IGNORE INTO wp_term_taxonomy (term_taxonomy_id, term_id, taxonomy, description, parent, count) VALUES (10707, 10707, 'product_brand', '', 0, 12);
INSERT OR IGNORE INTO wp_terms (term_id, name, slug, term_group) VALUES (11428, 'Britney Spears', 'britney-spears', 0);
INSERT OR IGNORE INTO wp_term_taxonomy (term_taxonomy_id, term_id, taxonomy, description, parent, count) VALUES (11428, 11428, 'product_brand', '', 0, 7);
INSERT OR IGNORE INTO wp_terms (term_id, name, slug, term_group) VALUES (415, 'Bruggen', 'bruggen', 0);
INSERT OR IGNORE INTO wp_term_taxonomy (term_taxonomy_id, term_id, taxonomy, description, parent, count) VALUES (415, 415, 'product_brand', '', 0, 1);
INSERT OR IGNORE INTO wp_terms (term_id, name, slug, term_group) VALUES (10755, 'Bruhm', 'bruhm', 0);
INSERT OR IGNORE INTO wp_term_taxonomy (term_taxonomy_id, term_id, taxonomy, description, parent, count) VALUES (10755, 10755, 'product_brand', '', 0, 13);
INSERT OR IGNORE INTO wp_terms (term_id, name, slug, term_group) VALUES (10637, 'Butterfly', 'butterfly', 0);
INSERT OR IGNORE INTO wp_term_taxonomy (term_taxonomy_id, term_id, taxonomy, description, parent, count) VALUES (10637, 10637, 'product_brand', '', 0, 1);
INSERT OR IGNORE INTO wp_terms (term_id, name, slug, term_group) VALUES (11468, 'BVLGARI', 'bvlgari', 0);
INSERT OR IGNORE INTO wp_term_taxonomy (term_taxonomy_id, term_id, taxonomy, description, parent, count) VALUES (11468, 11468, 'product_brand', '', 0, 1);
INSERT OR IGNORE INTO wp_terms (term_id, name, slug, term_group) VALUES (2056, 'Callizio', 'callizio', 0);
INSERT OR IGNORE INTO wp_term_taxonomy (term_taxonomy_id, term_id, taxonomy, description, parent, count) VALUES (2056, 2056, 'product_brand', '', 0, 0);
INSERT OR IGNORE INTO wp_terms (term_id, name, slug, term_group) VALUES (438, 'Calvin Klein', 'calvin-klein', 0);
INSERT OR IGNORE INTO wp_term_taxonomy (term_taxonomy_id, term_id, taxonomy, description, parent, count) VALUES (438, 438, 'product_brand', '', 0, 30);
INSERT OR IGNORE INTO wp_terms (term_id, name, slug, term_group) VALUES (10744, 'Canon', 'canon', 0);
INSERT OR IGNORE INTO wp_term_taxonomy (term_taxonomy_id, term_id, taxonomy, description, parent, count) VALUES (10744, 10744, 'product_brand', '', 0, 2);
INSERT OR IGNORE INTO wp_terms (term_id, name, slug, term_group) VALUES (456, 'Carolina Herrera', 'carolina-herrera', 0);
INSERT OR IGNORE INTO wp_term_taxonomy (term_taxonomy_id, term_id, taxonomy, description, parent, count) VALUES (456, 456, 'product_brand', '', 0, 1);
INSERT OR IGNORE INTO wp_terms (term_id, name, slug, term_group) VALUES (304, 'Casio', 'casio', 0);
INSERT OR IGNORE INTO wp_term_taxonomy (term_taxonomy_id, term_id, taxonomy, description, parent, count) VALUES (304, 304, 'product_brand', '', 0, 2);
INSERT OR IGNORE INTO wp_terms (term_id, name, slug, term_group) VALUES (10824, 'Castore', 'castore', 0);
INSERT OR IGNORE INTO wp_term_taxonomy (term_taxonomy_id, term_id, taxonomy, description, parent, count) VALUES (10824, 10824, 'product_brand', '', 0, 0);
INSERT OR IGNORE INTO wp_terms (term_id, name, slug, term_group) VALUES (10745, 'CCIT', 'ccit', 0);
INSERT OR IGNORE INTO wp_term_taxonomy (term_taxonomy_id, term_id, taxonomy, description, parent, count) VALUES (10745, 10745, 'product_brand', '', 0, 2);
INSERT OR IGNORE INTO wp_terms (term_id, name, slug, term_group) VALUES (286, 'Cerrbelos', 'cerrbelos', 0);
INSERT OR IGNORE INTO wp_term_taxonomy (term_taxonomy_id, term_id, taxonomy, description, parent, count) VALUES (286, 286, 'product_brand', '', 0, 4);
INSERT OR IGNORE INTO wp_terms (term_id, name, slug, term_group) VALUES (11457, 'Cerruti 1881', 'cerruti-1881', 0);
INSERT OR IGNORE INTO wp_term_taxonomy (term_taxonomy_id, term_id, taxonomy, description, parent, count) VALUES (11457, 11457, 'product_brand', '', 0, 1);
INSERT OR IGNORE INTO wp_terms (term_id, name, slug, term_group) VALUES (508, 'Chanel', 'chanel', 0);
INSERT OR IGNORE INTO wp_term_taxonomy (term_taxonomy_id, term_id, taxonomy, description, parent, count) VALUES (508, 508, 'product_brand', '', 0, 0);
INSERT OR IGNORE INTO wp_terms (term_id, name, slug, term_group) VALUES (397, 'chaoba', 'chaoba', 0);
INSERT OR IGNORE INTO wp_term_taxonomy (term_taxonomy_id, term_id, taxonomy, description, parent, count) VALUES (397, 397, 'product_brand', '', 0, 0);
INSERT OR IGNORE INTO wp_terms (term_id, name, slug, term_group) VALUES (396, 'chaobo', 'chaobo', 0);
INSERT OR IGNORE INTO wp_term_taxonomy (term_taxonomy_id, term_id, taxonomy, description, parent, count) VALUES (396, 396, 'product_brand', '', 0, 0);
INSERT OR IGNORE INTO wp_terms (term_id, name, slug, term_group) VALUES (1307, 'Chekich', 'chekich', 0);
INSERT OR IGNORE INTO wp_term_taxonomy (term_taxonomy_id, term_id, taxonomy, description, parent, count) VALUES (1307, 1307, 'product_brand', '', 0, 0);
INSERT OR IGNORE INTO wp_terms (term_id, name, slug, term_group) VALUES (11610, 'CHIGO', 'chigo', 0);
INSERT OR IGNORE INTO wp_term_taxonomy (term_taxonomy_id, term_id, taxonomy, description, parent, count) VALUES (11610, 11610, 'product_brand', '', 0, 5);
INSERT OR IGNORE INTO wp_terms (term_id, name, slug, term_group) VALUES (385, 'Chris Adams', 'chris-adams', 0);
INSERT OR IGNORE INTO wp_term_taxonomy (term_taxonomy_id, term_id, taxonomy, description, parent, count) VALUES (385, 385, 'product_brand', '', 0, 22);
INSERT OR IGNORE INTO wp_terms (term_id, name, slug, term_group) VALUES (505, 'Christian Louboutin', 'christian-louboutin', 0);
INSERT OR IGNORE INTO wp_term_taxonomy (term_taxonomy_id, term_id, taxonomy, description, parent, count) VALUES (505, 505, 'product_brand', '', 0, 1);
INSERT OR IGNORE INTO wp_terms (term_id, name, slug, term_group) VALUES (307, 'Cindy', 'cindy', 0);
INSERT OR IGNORE INTO wp_term_taxonomy (term_taxonomy_id, term_id, taxonomy, description, parent, count) VALUES (307, 307, 'product_brand', '', 0, 1);
INSERT OR IGNORE INTO wp_terms (term_id, name, slug, term_group) VALUES (336, 'city collection', 'city-collection', 0);
INSERT OR IGNORE INTO wp_term_taxonomy (term_taxonomy_id, term_id, taxonomy, description, parent, count) VALUES (336, 336, 'product_brand', '', 0, 13);
INSERT OR IGNORE INTO wp_terms (term_id, name, slug, term_group) VALUES (283, 'Clarks', 'clarks', 0);
INSERT OR IGNORE INTO wp_term_taxonomy (term_taxonomy_id, term_id, taxonomy, description, parent, count) VALUES (283, 283, 'product_brand', '', 0, 1);
INSERT OR IGNORE INTO wp_terms (term_id, name, slug, term_group) VALUES (11450, 'Coach', 'coach', 0);
INSERT OR IGNORE INTO wp_term_taxonomy (term_taxonomy_id, term_id, taxonomy, description, parent, count) VALUES (11450, 11450, 'product_brand', '', 0, 2);
INSERT OR IGNORE INTO wp_terms (term_id, name, slug, term_group) VALUES (351, 'Colgate', 'colgate', 0);
INSERT OR IGNORE INTO wp_term_taxonomy (term_taxonomy_id, term_id, taxonomy, description, parent, count) VALUES (351, 351, 'product_brand', '', 0, 0);
INSERT OR IGNORE INTO wp_terms (term_id, name, slug, term_group) VALUES (346, 'Comfort', 'comfort', 0);
INSERT OR IGNORE INTO wp_term_taxonomy (term_taxonomy_id, term_id, taxonomy, description, parent, count) VALUES (346, 346, 'product_brand', '', 0, 0);
INSERT OR IGNORE INTO wp_terms (term_id, name, slug, term_group) VALUES (281, 'Converse', 'converse-shoes-ghana-store', 0);
INSERT OR IGNORE INTO wp_term_taxonomy (term_taxonomy_id, term_id, taxonomy, description, parent, count) VALUES (281, 281, 'product_brand', '', 0, 1);
INSERT OR IGNORE INTO wp_terms (term_id, name, slug, term_group) VALUES (497, 'Cortez', 'cortez', 0);
INSERT OR IGNORE INTO wp_term_taxonomy (term_taxonomy_id, term_id, taxonomy, description, parent, count) VALUES (497, 497, 'product_brand', '', 0, 0);
INSERT OR IGNORE INTO wp_terms (term_id, name, slug, term_group) VALUES (356, 'Courtice Jimmy', 'courtice-jimmy', 0);
INSERT OR IGNORE INTO wp_term_taxonomy (term_taxonomy_id, term_id, taxonomy, description, parent, count) VALUES (356, 356, 'product_brand', '', 0, 2);
INSERT OR IGNORE INTO wp_terms (term_id, name, slug, term_group) VALUES (453, 'Creation Lamis', 'creation-lamis', 0);
INSERT OR IGNORE INTO wp_term_taxonomy (term_taxonomy_id, term_id, taxonomy, description, parent, count) VALUES (453, 453, 'product_brand', '', 0, 2);
INSERT OR IGNORE INTO wp_terms (term_id, name, slug, term_group) VALUES (447, 'Creed', 'creed', 0);
INSERT OR IGNORE INTO wp_term_taxonomy (term_taxonomy_id, term_id, taxonomy, description, parent, count) VALUES (447, 447, 'product_brand', '', 0, 0);
INSERT OR IGNORE INTO wp_terms (term_id, name, slug, term_group) VALUES (10733, 'Crocs', 'crocs', 0);
INSERT OR IGNORE INTO wp_term_taxonomy (term_taxonomy_id, term_id, taxonomy, description, parent, count) VALUES (10733, 10733, 'product_brand', '<h2 style="text-align: center">Crocs Sandals and Slippers in Ghana</h2>
Explore Shopwice''s collection of Crocs sandals and slippers and shop online at the best prices. Crocs are lightweight footwear with cushioned footbeds that are sure to offer your foot comfort and massage it as well.', 0, 0);
INSERT OR IGNORE INTO wp_terms (term_id, name, slug, term_group) VALUES (10630, 'Crompton', 'crompton', 0);
INSERT OR IGNORE INTO wp_term_taxonomy (term_taxonomy_id, term_id, taxonomy, description, parent, count) VALUES (10630, 10630, 'product_brand', '', 0, 1);
INSERT OR IGNORE INTO wp_terms (term_id, name, slug, term_group) VALUES (11498, 'D-Link', 'd-link', 0);
INSERT OR IGNORE INTO wp_term_taxonomy (term_taxonomy_id, term_id, taxonomy, description, parent, count) VALUES (11498, 11498, 'product_brand', '', 0, 2);
INSERT OR IGNORE INTO wp_terms (term_id, name, slug, term_group) VALUES (450, 'Dahlia', 'dahlia', 0);
INSERT OR IGNORE INTO wp_term_taxonomy (term_taxonomy_id, term_id, taxonomy, description, parent, count) VALUES (450, 450, 'product_brand', '', 0, 0);
INSERT OR IGNORE INTO wp_terms (term_id, name, slug, term_group) VALUES (509, 'Dallas', 'dallas', 0);
INSERT OR IGNORE INTO wp_term_taxonomy (term_taxonomy_id, term_id, taxonomy, description, parent, count) VALUES (509, 509, 'product_brand', '', 0, 10);
INSERT OR IGNORE INTO wp_terms (term_id, name, slug, term_group) VALUES (11826, 'Damonio', 'damonio', 0);
INSERT OR IGNORE INTO wp_term_taxonomy (term_taxonomy_id, term_id, taxonomy, description, parent, count) VALUES (11826, 11826, 'product_brand', '', 462, 1);
INSERT OR IGNORE INTO wp_terms (term_id, name, slug, term_group) VALUES (360, 'Data storage', 'data-storage', 0);
INSERT OR IGNORE INTO wp_term_taxonomy (term_taxonomy_id, term_id, taxonomy, description, parent, count) VALUES (360, 360, 'product_brand', '', 0, 0);
INSERT OR IGNORE INTO wp_terms (term_id, name, slug, term_group) VALUES (11462, 'David Beckham', 'david-beckham', 0);
INSERT OR IGNORE INTO wp_term_taxonomy (term_taxonomy_id, term_id, taxonomy, description, parent, count) VALUES (11462, 11462, 'product_brand', '', 0, 5);
INSERT OR IGNORE INTO wp_terms (term_id, name, slug, term_group) VALUES (420, 'Dell', 'dell', 0);
INSERT OR IGNORE INTO wp_term_taxonomy (term_taxonomy_id, term_id, taxonomy, description, parent, count) VALUES (420, 420, 'product_brand', '', 0, 12);
INSERT OR IGNORE INTO wp_terms (term_id, name, slug, term_group) VALUES (386, 'Delron', 'delron', 0);
INSERT OR IGNORE INTO wp_term_taxonomy (term_taxonomy_id, term_id, taxonomy, description, parent, count) VALUES (386, 386, 'product_brand', '', 0, 104);
INSERT OR IGNORE INTO wp_terms (term_id, name, slug, term_group) VALUES (358, 'Demaco', 'demaco', 0);
INSERT OR IGNORE INTO wp_term_taxonomy (term_taxonomy_id, term_id, taxonomy, description, parent, count) VALUES (358, 358, 'product_brand', '', 0, 0);
INSERT OR IGNORE INTO wp_terms (term_id, name, slug, term_group) VALUES (514, 'Desai', 'desai', 0);
INSERT OR IGNORE INTO wp_term_taxonomy (term_taxonomy_id, term_id, taxonomy, description, parent, count) VALUES (514, 514, 'product_brand', '', 0, 0);
INSERT OR IGNORE INTO wp_terms (term_id, name, slug, term_group) VALUES (10897, 'Dicakila', 'dicakila', 0);
INSERT OR IGNORE INTO wp_term_taxonomy (term_taxonomy_id, term_id, taxonomy, description, parent, count) VALUES (10897, 10897, 'product_brand', '', 0, 0);
INSERT OR IGNORE INTO wp_terms (term_id, name, slug, term_group) VALUES (10675, 'DIESEL', 'diesel', 0);
INSERT OR IGNORE INTO wp_term_taxonomy (term_taxonomy_id, term_id, taxonomy, description, parent, count) VALUES (10675, 10675, 'product_brand', '', 0, 1);
INSERT OR IGNORE INTO wp_terms (term_id, name, slug, term_group) VALUES (444, 'Dior', 'dior', 0);
INSERT OR IGNORE INTO wp_term_taxonomy (term_taxonomy_id, term_id, taxonomy, description, parent, count) VALUES (444, 444, 'product_brand', '', 0, 0);
INSERT OR IGNORE INTO wp_terms (term_id, name, slug, term_group) VALUES (515, 'Doefhom', 'doefhom', 0);
INSERT OR IGNORE INTO wp_term_taxonomy (term_taxonomy_id, term_id, taxonomy, description, parent, count) VALUES (515, 515, 'product_brand', '', 0, 0);
INSERT OR IGNORE INTO wp_terms (term_id, name, slug, term_group) VALUES (11465, 'Dolce &amp; Gabbana', 'dolce-gabbana', 0);
INSERT OR IGNORE INTO wp_term_taxonomy (term_taxonomy_id, term_id, taxonomy, description, parent, count) VALUES (11465, 11465, 'product_brand', '', 0, 1);
INSERT OR IGNORE INTO wp_terms (term_id, name, slug, term_group) VALUES (501, 'Dream', 'dream', 0);
INSERT OR IGNORE INTO wp_term_taxonomy (term_taxonomy_id, term_id, taxonomy, description, parent, count) VALUES (501, 501, 'product_brand', '', 0, 0);
INSERT OR IGNORE INTO wp_terms (term_id, name, slug, term_group) VALUES (343, 'Drying rack', 'drying-rack', 0);
INSERT OR IGNORE INTO wp_term_taxonomy (term_taxonomy_id, term_id, taxonomy, description, parent, count) VALUES (343, 343, 'product_brand', '', 0, 1);
INSERT OR IGNORE INTO wp_terms (term_id, name, slug, term_group) VALUES (1557, 'dzym', 'dzym', 0);
INSERT OR IGNORE INTO wp_term_taxonomy (term_taxonomy_id, term_id, taxonomy, description, parent, count) VALUES (1557, 1557, 'product_brand', '', 0, 0);
INSERT OR IGNORE INTO wp_terms (term_id, name, slug, term_group) VALUES (359, 'Earphone', 'earphone', 0);
INSERT OR IGNORE INTO wp_term_taxonomy (term_taxonomy_id, term_id, taxonomy, description, parent, count) VALUES (359, 359, 'product_brand', '', 0, 1);
INSERT OR IGNORE INTO wp_terms (term_id, name, slug, term_group) VALUES (10570, 'Ecco', 'ecco', 0);
INSERT OR IGNORE INTO wp_term_taxonomy (term_taxonomy_id, term_id, taxonomy, description, parent, count) VALUES (10570, 10570, 'product_brand', '', 0, 1);
INSERT OR IGNORE INTO wp_terms (term_id, name, slug, term_group) VALUES (436, 'Edmak', 'edmak', 0);
INSERT OR IGNORE INTO wp_term_taxonomy (term_taxonomy_id, term_id, taxonomy, description, parent, count) VALUES (436, 436, 'product_brand', '', 0, 1);
INSERT OR IGNORE INTO wp_terms (term_id, name, slug, term_group) VALUES (11429, 'Edmark', 'edmark', 0);
INSERT OR IGNORE INTO wp_term_taxonomy (term_taxonomy_id, term_id, taxonomy, description, parent, count) VALUES (11429, 11429, 'product_brand', '', 0, 1);
INSERT OR IGNORE INTO wp_terms (term_id, name, slug, term_group) VALUES (405, 'Eekoo', 'eekoo', 0);
INSERT OR IGNORE INTO wp_term_taxonomy (term_taxonomy_id, term_id, taxonomy, description, parent, count) VALUES (405, 405, 'product_brand', '', 0, 1);
INSERT OR IGNORE INTO wp_terms (term_id, name, slug, term_group) VALUES (384, 'Efolia', 'efolia', 0);
INSERT OR IGNORE INTO wp_term_taxonomy (term_taxonomy_id, term_id, taxonomy, description, parent, count) VALUES (384, 384, 'product_brand', '', 0, 1);
INSERT OR IGNORE INTO wp_terms (term_id, name, slug, term_group) VALUES (43452, 'Elite Gentleman', 'elite-gentleman', 0);
INSERT OR IGNORE INTO wp_term_taxonomy (term_taxonomy_id, term_id, taxonomy, description, parent, count) VALUES (43452, 43452, 'product_brand', '', 43440, 8);
INSERT OR IGNORE INTO wp_terms (term_id, name, slug, term_group) VALUES (10924, 'Elizabeth Arden', 'elizabeth-arden', 0);
INSERT OR IGNORE INTO wp_term_taxonomy (term_taxonomy_id, term_id, taxonomy, description, parent, count) VALUES (10924, 10924, 'product_brand', '', 0, 4);
INSERT OR IGNORE INTO wp_terms (term_id, name, slug, term_group) VALUES (11448, 'Elizabeth Taylor', 'elizabeth-taylor', 0);
INSERT OR IGNORE INTO wp_term_taxonomy (term_taxonomy_id, term_id, taxonomy, description, parent, count) VALUES (11448, 11448, 'product_brand', '', 0, 1);
INSERT OR IGNORE INTO wp_terms (term_id, name, slug, term_group) VALUES (393, 'Emper', 'emper', 0);
INSERT OR IGNORE INTO wp_term_taxonomy (term_taxonomy_id, term_id, taxonomy, description, parent, count) VALUES (393, 393, 'product_brand', 'Discover and shop from a great collection of <a href="https://shopwice.com/collection/emper-mens-perfumes/">Emper men''s</a> and <a href="https://shopwice.com/collection/emper-womens-perfumes/">Emper women''s perfumes</a> online in Ghana at Shopwice.', 0, 32);
INSERT OR IGNORE INTO wp_terms (term_id, name, slug, term_group) VALUES (391, 'Emzopro', 'emzopro', 0);
INSERT OR IGNORE INTO wp_term_taxonomy (term_taxonomy_id, term_id, taxonomy, description, parent, count) VALUES (391, 391, 'product_brand', '', 0, 1);
INSERT OR IGNORE INTO wp_terms (term_id, name, slug, term_group) VALUES (11112, 'Epson', 'epson', 0);
INSERT OR IGNORE INTO wp_term_taxonomy (term_taxonomy_id, term_id, taxonomy, description, parent, count) VALUES (11112, 11112, 'product_brand', '', 0, 1);
INSERT OR IGNORE INTO wp_terms (term_id, name, slug, term_group) VALUES (43451, 'Eve', 'eve', 0);
INSERT OR IGNORE INTO wp_term_taxonomy (term_taxonomy_id, term_id, taxonomy, description, parent, count) VALUES (43451, 43451, 'product_brand', '', 43436, 10);
INSERT OR IGNORE INTO wp_terms (term_id, name, slug, term_group) VALUES (319, 'Excella', 'excella', 0);
INSERT OR IGNORE INTO wp_term_taxonomy (term_taxonomy_id, term_id, taxonomy, description, parent, count) VALUES (319, 319, 'product_brand', '', 0, 0);
INSERT OR IGNORE INTO wp_terms (term_id, name, slug, term_group) VALUES (43437, 'Far Away Perfumes', 'far-away', 0);
INSERT OR IGNORE INTO wp_term_taxonomy (term_taxonomy_id, term_id, taxonomy, description, parent, count) VALUES (43437, 43437, 'product_brand', 'Explore our wide range of Avon Far Away fragrances and gift sets and buy online.', 43436, 23);
INSERT OR IGNORE INTO wp_terms (term_id, name, slug, term_group) VALUES (513, 'Felix Chu', 'felix-chu', 0);
INSERT OR IGNORE INTO wp_term_taxonomy (term_taxonomy_id, term_id, taxonomy, description, parent, count) VALUES (513, 513, 'product_brand', '', 0, 0);
INSERT OR IGNORE INTO wp_terms (term_id, name, slug, term_group) VALUES (1686, 'Fenruien', 'fenruien', 0);
INSERT OR IGNORE INTO wp_term_taxonomy (term_taxonomy_id, term_id, taxonomy, description, parent, count) VALUES (1686, 1686, 'product_brand', '', 0, 0);
INSERT OR IGNORE INTO wp_terms (term_id, name, slug, term_group) VALUES (499, 'Ferragamo Shoes', 'ferragamo-shoes', 0);
INSERT OR IGNORE INTO wp_term_taxonomy (term_taxonomy_id, term_id, taxonomy, description, parent, count) VALUES (499, 499, 'product_brand', '', 0, 4);
INSERT OR IGNORE INTO wp_terms (term_id, name, slug, term_group) VALUES (297, 'Fila', 'fila', 0);
INSERT OR IGNORE INTO wp_term_taxonomy (term_taxonomy_id, term_id, taxonomy, description, parent, count) VALUES (297, 297, 'product_brand', '', 0, 3);
INSERT OR IGNORE INTO wp_terms (term_id, name, slug, term_group) VALUES (11698, 'FitBit', 'fitbit', 0);
INSERT OR IGNORE INTO wp_term_taxonomy (term_taxonomy_id, term_id, taxonomy, description, parent, count) VALUES (11698, 11698, 'product_brand', '', 0, 1);
INSERT OR IGNORE INTO wp_terms (term_id, name, slug, term_group) VALUES (43535, 'Focusrite', 'focusrite', 0);
INSERT OR IGNORE INTO wp_term_taxonomy (term_taxonomy_id, term_id, taxonomy, description, parent, count) VALUES (43535, 43535, 'product_brand', '', 0, 1);
INSERT OR IGNORE INTO wp_terms (term_id, name, slug, term_group) VALUES (311, 'Fortune', 'fortune', 0);
INSERT OR IGNORE INTO wp_term_taxonomy (term_taxonomy_id, term_id, taxonomy, description, parent, count) VALUES (311, 311, 'product_brand', '', 0, 3);
INSERT OR IGNORE INTO wp_terms (term_id, name, slug, term_group) VALUES (383, 'Fragrance World', 'fragrance-world', 0);
INSERT OR IGNORE INTO wp_term_taxonomy (term_taxonomy_id, term_id, taxonomy, description, parent, count) VALUES (383, 383, 'product_brand', '', 0, 26);
INSERT OR IGNORE INTO wp_terms (term_id, name, slug, term_group) VALUES (10475, 'Franck Olivier', 'franck-olivier', 0);
INSERT OR IGNORE INTO wp_term_taxonomy (term_taxonomy_id, term_id, taxonomy, description, parent, count) VALUES (10475, 10475, 'product_brand', '', 0, 1);
INSERT OR IGNORE INTO wp_terms (term_id, name, slug, term_group) VALUES (512, 'Frank Olivier', 'frank-olivier', 0);
INSERT OR IGNORE INTO wp_term_taxonomy (term_taxonomy_id, term_id, taxonomy, description, parent, count) VALUES (512, 512, 'product_brand', '', 0, 0);
INSERT OR IGNORE INTO wp_terms (term_id, name, slug, term_group) VALUES (506, 'Frank Perry', 'frank-perry', 0);
INSERT OR IGNORE INTO wp_term_taxonomy (term_taxonomy_id, term_id, taxonomy, description, parent, count) VALUES (506, 506, 'product_brand', '[block id="frank-perry"]', 0, 70);
INSERT OR IGNORE INTO wp_terms (term_id, name, slug, term_group) VALUES (369, 'Fridge guard', 'fridge-guard', 0);
INSERT OR IGNORE INTO wp_term_taxonomy (term_taxonomy_id, term_id, taxonomy, description, parent, count) VALUES (369, 369, 'product_brand', '', 0, 1);
INSERT OR IGNORE INTO wp_terms (term_id, name, slug, term_group) VALUES (316, 'Frytol', 'frytol', 0);
INSERT OR IGNORE INTO wp_term_taxonomy (term_taxonomy_id, term_id, taxonomy, description, parent, count) VALUES (316, 316, 'product_brand', '', 0, 0);
INSERT OR IGNORE INTO wp_terms (term_id, name, slug, term_group) VALUES (11681, 'FUJIFILM', 'fujifilm', 0);
INSERT OR IGNORE INTO wp_term_taxonomy (term_taxonomy_id, term_id, taxonomy, description, parent, count) VALUES (11681, 11681, 'product_brand', '', 0, 1);
INSERT OR IGNORE INTO wp_terms (term_id, name, slug, term_group) VALUES (43442, 'Full Speed', 'full-speed', 0);
INSERT OR IGNORE INTO wp_term_taxonomy (term_taxonomy_id, term_id, taxonomy, description, parent, count) VALUES (43442, 43442, 'product_brand', '', 43440, 12);
INSERT OR IGNORE INTO wp_terms (term_id, name, slug, term_group) VALUES (11444, 'G-Star', 'g-star', 0);
INSERT OR IGNORE INTO wp_term_taxonomy (term_taxonomy_id, term_id, taxonomy, description, parent, count) VALUES (11444, 11444, 'product_brand', '', 0, 1);
INSERT OR IGNORE INTO wp_terms (term_id, name, slug, term_group) VALUES (331, 'Geant Electronics', 'geant-electronics', 0);
INSERT OR IGNORE INTO wp_term_taxonomy (term_taxonomy_id, term_id, taxonomy, description, parent, count) VALUES (331, 331, 'product_brand', '', 0, 0);
INSERT OR IGNORE INTO wp_terms (term_id, name, slug, term_group) VALUES (11446, 'Gemini Sound', 'gemini-sound', 0);
INSERT OR IGNORE INTO wp_term_taxonomy (term_taxonomy_id, term_id, taxonomy, description, parent, count) VALUES (11446, 11446, 'product_brand', '', 0, 1);
INSERT OR IGNORE INTO wp_terms (term_id, name, slug, term_group) VALUES (11400, 'Generic', 'generic', 0);
INSERT OR IGNORE INTO wp_term_taxonomy (term_taxonomy_id, term_id, taxonomy, description, parent, count) VALUES (11400, 11400, 'product_brand', '', 0, 5);
INSERT OR IGNORE INTO wp_terms (term_id, name, slug, term_group) VALUES (295, 'Georgio Armani', 'georgio-armani', 0);
INSERT OR IGNORE INTO wp_term_taxonomy (term_taxonomy_id, term_id, taxonomy, description, parent, count) VALUES (295, 295, 'product_brand', '', 0, 2);
INSERT OR IGNORE INTO wp_terms (term_id, name, slug, term_group) VALUES (10590, 'German Chef', 'german-chef', 0);
INSERT OR IGNORE INTO wp_term_taxonomy (term_taxonomy_id, term_id, taxonomy, description, parent, count) VALUES (10590, 10590, 'product_brand', '', 0, 0);
INSERT OR IGNORE INTO wp_terms (term_id, name, slug, term_group) VALUES (43448, 'Gift Sets', 'gift-sets', 0);
INSERT OR IGNORE INTO wp_term_taxonomy (term_taxonomy_id, term_id, taxonomy, description, parent, count) VALUES (43448, 43448, 'product_brand', '<h2>Find the Perfect Avon Gift Set for Every Occasion</h2>
Make every celebration special with Avon’s beautifully crafted gift sets—a thoughtful blend of luxury, fragrance, and self-care. Whether you’re shopping for her, for him, or for yourself, Shopwice brings you a wide range of authentic Avon gift boxes, perfume duos, and skincare combos at unbeatable prices in Ghana.', 394, 16);
INSERT OR IGNORE INTO wp_terms (term_id, name, slug, term_group) VALUES (465, 'Gildan', 'gildan', 0);
INSERT OR IGNORE INTO wp_term_taxonomy (term_taxonomy_id, term_id, taxonomy, description, parent, count) VALUES (465, 465, 'product_brand', '', 0, 8);
INSERT OR IGNORE INTO wp_terms (term_id, name, slug, term_group) VALUES (305, 'Gino', 'gino', 0);
INSERT OR IGNORE INTO wp_term_taxonomy (term_taxonomy_id, term_id, taxonomy, description, parent, count) VALUES (305, 305, 'product_brand', '', 0, 1);
INSERT OR IGNORE INTO wp_terms (term_id, name, slug, term_group) VALUES (510, 'Givenchy', 'givenchy', 0);
INSERT OR IGNORE INTO wp_term_taxonomy (term_taxonomy_id, term_id, taxonomy, description, parent, count) VALUES (510, 510, 'product_brand', '', 0, 3);
INSERT OR IGNORE INTO wp_terms (term_id, name, slug, term_group) VALUES (10771, 'Gold Series', 'gold-series', 0);
INSERT OR IGNORE INTO wp_term_taxonomy (term_taxonomy_id, term_id, taxonomy, description, parent, count) VALUES (10771, 10771, 'product_brand', '', 0, 6);
INSERT OR IGNORE INTO wp_terms (term_id, name, slug, term_group) VALUES (296, 'Good Luck', 'good-luck', 0);
INSERT OR IGNORE INTO wp_term_taxonomy (term_taxonomy_id, term_id, taxonomy, description, parent, count) VALUES (296, 296, 'product_brand', '', 0, 2);
INSERT OR IGNORE INTO wp_terms (term_id, name, slug, term_group) VALUES (435, 'Good Partner', 'good-partner', 0);
INSERT OR IGNORE INTO wp_term_taxonomy (term_taxonomy_id, term_id, taxonomy, description, parent, count) VALUES (435, 435, 'product_brand', '', 0, 2);
INSERT OR IGNORE INTO wp_terms (term_id, name, slug, term_group) VALUES (10747, 'Google', 'google', 0);
INSERT OR IGNORE INTO wp_term_taxonomy (term_taxonomy_id, term_id, taxonomy, description, parent, count) VALUES (10747, 10747, 'product_brand', '', 0, 14);
INSERT OR IGNORE INTO wp_terms (term_id, name, slug, term_group) VALUES (11612, 'Gree', 'gree', 0);
INSERT OR IGNORE INTO wp_term_taxonomy (term_taxonomy_id, term_id, taxonomy, description, parent, count) VALUES (11612, 11612, 'product_brand', '', 0, 8);
INSERT OR IGNORE INTO wp_terms (term_id, name, slug, term_group) VALUES (1296, 'Grition', 'grition', 0);
INSERT OR IGNORE INTO wp_term_taxonomy (term_taxonomy_id, term_id, taxonomy, description, parent, count) VALUES (1296, 1296, 'product_brand', '', 0, 0);
INSERT OR IGNORE INTO wp_terms (term_id, name, slug, term_group) VALUES (293, 'Gucci', 'gucci', 0);
INSERT OR IGNORE INTO wp_term_taxonomy (term_taxonomy_id, term_id, taxonomy, description, parent, count) VALUES (293, 293, 'product_brand', '', 0, 6);
INSERT OR IGNORE INTO wp_terms (term_id, name, slug, term_group) VALUES (11458, 'Guess', 'guess', 0);
INSERT OR IGNORE INTO wp_term_taxonomy (term_taxonomy_id, term_id, taxonomy, description, parent, count) VALUES (11458, 11458, 'product_brand', '', 0, 4);
INSERT OR IGNORE INTO wp_terms (term_id, name, slug, term_group) VALUES (341, 'Hanger', 'hanger', 0);
INSERT OR IGNORE INTO wp_term_taxonomy (term_taxonomy_id, term_id, taxonomy, description, parent, count) VALUES (341, 341, 'product_brand', '', 0, 0);
INSERT OR IGNORE INTO wp_terms (term_id, name, slug, term_group) VALUES (4202, 'Hanger|White Label', 'hangerwhite-label', 0);
INSERT OR IGNORE INTO wp_term_taxonomy (term_taxonomy_id, term_id, taxonomy, description, parent, count) VALUES (4202, 4202, 'product_brand', '', 0, 1);
INSERT OR IGNORE INTO wp_terms (term_id, name, slug, term_group) VALUES (344, 'Hanging rack', 'hanging-rack', 0);
INSERT OR IGNORE INTO wp_term_taxonomy (term_taxonomy_id, term_id, taxonomy, description, parent, count) VALUES (344, 344, 'product_brand', '', 0, 0);
INSERT OR IGNORE INTO wp_terms (term_id, name, slug, term_group) VALUES (410, 'Hanizu', 'hanizu', 0);
INSERT OR IGNORE INTO wp_term_taxonomy (term_taxonomy_id, term_id, taxonomy, description, parent, count) VALUES (410, 410, 'product_brand', '', 0, 0);
INSERT OR IGNORE INTO wp_terms (term_id, name, slug, term_group) VALUES (10566, 'Hanslet', 'hanslet', 0);
INSERT OR IGNORE INTO wp_term_taxonomy (term_taxonomy_id, term_id, taxonomy, description, parent, count) VALUES (10566, 10566, 'product_brand', '', 0, 12);
INSERT OR IGNORE INTO wp_terms (term_id, name, slug, term_group) VALUES (10592, 'Harman Kardon', 'harman-kardon', 0);
INSERT OR IGNORE INTO wp_term_taxonomy (term_taxonomy_id, term_id, taxonomy, description, parent, count) VALUES (10592, 10592, 'product_brand', '<h2 style="text-align: center">Buy Harman Kardon Speakers in Ghana</h2>
Immerse yourself in rich and deep bass sound, and choose from a wide range of Harman Kardon Speakers and home cinema systems including Bluetooth wireless speakers, multimedia speakers, Bluetooth headphones, soundbars, and more.', 0, 9);
INSERT OR IGNORE INTO wp_terms (term_id, name, slug, term_group) VALUES (314, 'Harpic Pluse', 'harpic-pluse', 0);
INSERT OR IGNORE INTO wp_term_taxonomy (term_taxonomy_id, term_id, taxonomy, description, parent, count) VALUES (314, 314, 'product_brand', '', 0, 2);
INSERT OR IGNORE INTO wp_terms (term_id, name, slug, term_group) VALUES (382, 'Heaven', 'heaven', 0);
INSERT OR IGNORE INTO wp_term_taxonomy (term_taxonomy_id, term_id, taxonomy, description, parent, count) VALUES (382, 382, 'product_brand', '', 0, 0);
INSERT OR IGNORE INTO wp_terms (term_id, name, slug, term_group) VALUES (11002, 'Heritage Selection', 'heritage-selection', 0);
INSERT OR IGNORE INTO wp_term_taxonomy (term_taxonomy_id, term_id, taxonomy, description, parent, count) VALUES (11002, 11002, 'product_brand', '', 0, 3);
INSERT OR IGNORE INTO wp_terms (term_id, name, slug, term_group) VALUES (10778, 'hhj', 'hhj', 0);
INSERT OR IGNORE INTO wp_term_taxonomy (term_taxonomy_id, term_id, taxonomy, description, parent, count) VALUES (10778, 10778, 'product_brand', '', 0, 0);
INSERT OR IGNORE INTO wp_terms (term_id, name, slug, term_group) VALUES (11083, 'Hoffmans', 'hoffmans', 0);
INSERT OR IGNORE INTO wp_term_taxonomy (term_taxonomy_id, term_id, taxonomy, description, parent, count) VALUES (11083, 11083, 'product_brand', '', 0, 0);
INSERT OR IGNORE INTO wp_terms (term_id, name, slug, term_group) VALUES (375, 'Hometime', 'hometime', 0);
INSERT OR IGNORE INTO wp_term_taxonomy (term_taxonomy_id, term_id, taxonomy, description, parent, count) VALUES (375, 375, 'product_brand', '', 0, 0);
INSERT OR IGNORE INTO wp_terms (term_id, name, slug, term_group) VALUES (395, 'Hotfro', 'hotfro', 0);
INSERT OR IGNORE INTO wp_term_taxonomy (term_taxonomy_id, term_id, taxonomy, description, parent, count) VALUES (395, 395, 'product_brand', '', 0, 0);
INSERT OR IGNORE INTO wp_terms (term_id, name, slug, term_group) VALUES (1845, 'How to', 'how-to', 0);
INSERT OR IGNORE INTO wp_term_taxonomy (term_taxonomy_id, term_id, taxonomy, description, parent, count) VALUES (1845, 1845, 'product_brand', '', 0, 0);
INSERT OR IGNORE INTO wp_terms (term_id, name, slug, term_group) VALUES (363, 'HP', 'hp', 0);
INSERT OR IGNORE INTO wp_term_taxonomy (term_taxonomy_id, term_id, taxonomy, description, parent, count) VALUES (363, 363, 'product_brand', '', 0, 52);
INSERT OR IGNORE INTO wp_terms (term_id, name, slug, term_group) VALUES (4311, 'HP|Toshiba', 'hptoshiba', 0);
INSERT OR IGNORE INTO wp_term_taxonomy (term_taxonomy_id, term_id, taxonomy, description, parent, count) VALUES (4311, 4311, 'product_brand', '', 0, 1);
INSERT OR IGNORE INTO wp_terms (term_id, name, slug, term_group) VALUES (401, 'HTC', 'htc', 0);
INSERT OR IGNORE INTO wp_term_taxonomy (term_taxonomy_id, term_id, taxonomy, description, parent, count) VALUES (401, 401, 'product_brand', '', 0, 1);
INSERT OR IGNORE INTO wp_terms (term_id, name, slug, term_group) VALUES (403, 'HUAWEI', 'huawei', 0);
INSERT OR IGNORE INTO wp_term_taxonomy (term_taxonomy_id, term_id, taxonomy, description, parent, count) VALUES (403, 403, 'product_brand', '', 0, 15);
INSERT OR IGNORE INTO wp_terms (term_id, name, slug, term_group) VALUES (10672, 'Hugo Boss', 'hugo-boss', 0);
INSERT OR IGNORE INTO wp_term_taxonomy (term_taxonomy_id, term_id, taxonomy, description, parent, count) VALUES (10672, 10672, 'product_brand', '', 0, 11);
INSERT OR IGNORE INTO wp_terms (term_id, name, slug, term_group) VALUES (377, 'Icona', 'icona', 0);
INSERT OR IGNORE INTO wp_term_taxonomy (term_taxonomy_id, term_id, taxonomy, description, parent, count) VALUES (377, 377, 'product_brand', '', 0, 13);
INSERT OR IGNORE INTO wp_terms (term_id, name, slug, term_group) VALUES (443, 'Icone', 'icone', 0);
INSERT OR IGNORE INTO wp_term_taxonomy (term_taxonomy_id, term_id, taxonomy, description, parent, count) VALUES (443, 443, 'product_brand', '', 0, 0);
INSERT OR IGNORE INTO wp_terms (term_id, name, slug, term_group) VALUES (11071, 'Idino', 'idino', 0);
INSERT OR IGNORE INTO wp_term_taxonomy (term_taxonomy_id, term_id, taxonomy, description, parent, count) VALUES (11071, 11071, 'product_brand', '', 0, 3);
INSERT OR IGNORE INTO wp_terms (term_id, name, slug, term_group) VALUES (43443, 'Imari', 'imari', 0);
INSERT OR IGNORE INTO wp_term_taxonomy (term_taxonomy_id, term_id, taxonomy, description, parent, count) VALUES (43443, 43443, 'product_brand', '', 43436, 4);
INSERT OR IGNORE INTO wp_terms (term_id, name, slug, term_group) VALUES (511, 'Infinity', 'infinity', 0);
INSERT OR IGNORE INTO wp_term_taxonomy (term_taxonomy_id, term_id, taxonomy, description, parent, count) VALUES (511, 511, 'product_brand', '', 0, 0);
INSERT OR IGNORE INTO wp_terms (term_id, name, slug, term_group) VALUES (422, 'infinix', 'infinix', 0);
INSERT OR IGNORE INTO wp_term_taxonomy (term_taxonomy_id, term_id, taxonomy, description, parent, count) VALUES (422, 422, 'product_brand', '', 0, 37);
INSERT OR IGNORE INTO wp_terms (term_id, name, slug, term_group) VALUES (1921, 'informational', 'informational', 0);
INSERT OR IGNORE INTO wp_term_taxonomy (term_taxonomy_id, term_id, taxonomy, description, parent, count) VALUES (1921, 1921, 'product_brand', '', 0, 0);
INSERT OR IGNORE INTO wp_terms (term_id, name, slug, term_group) VALUES (11682, 'Insta360', 'insta360', 0);
INSERT OR IGNORE INTO wp_term_taxonomy (term_taxonomy_id, term_id, taxonomy, description, parent, count) VALUES (11682, 11682, 'product_brand', '', 0, 4);
INSERT OR IGNORE INTO wp_terms (term_id, name, slug, term_group) VALUES (352, 'Iparrot', 'iparrot', 0);
INSERT OR IGNORE INTO wp_term_taxonomy (term_taxonomy_id, term_id, taxonomy, description, parent, count) VALUES (352, 352, 'product_brand', '', 0, 0);
INSERT OR IGNORE INTO wp_terms (term_id, name, slug, term_group) VALUES (371, 'iron', 'iron', 0);
INSERT OR IGNORE INTO wp_term_taxonomy (term_taxonomy_id, term_id, taxonomy, description, parent, count) VALUES (371, 371, 'product_brand', '', 0, 0);
INSERT OR IGNORE INTO wp_terms (term_id, name, slug, term_group) VALUES (10933, 'Issey Miyake', 'issey-miyake', 0);
INSERT OR IGNORE INTO wp_term_taxonomy (term_taxonomy_id, term_id, taxonomy, description, parent, count) VALUES (10933, 10933, 'product_brand', '', 0, 5);
INSERT OR IGNORE INTO wp_terms (term_id, name, slug, term_group) VALUES (325, 'Italian Home', 'italian-home', 0);
INSERT OR IGNORE INTO wp_term_taxonomy (term_taxonomy_id, term_id, taxonomy, description, parent, count) VALUES (325, 325, 'product_brand', '<h2>Italian Home Rice Cookers in Ghana</h2>', 0, 2);
INSERT OR IGNORE INTO wp_terms (term_id, name, slug, term_group) VALUES (425, 'itel', 'itel', 0);
INSERT OR IGNORE INTO wp_term_taxonomy (term_taxonomy_id, term_id, taxonomy, description, parent, count) VALUES (425, 425, 'product_brand', '<h2 style="text-align: center">iTel Mobile Phones in Ghana</h2>
Explore Shopwice''s huge range of iTel phones in Ghana and buy online.', 0, 37);
INSERT OR IGNORE INTO wp_terms (term_id, name, slug, term_group) VALUES (406, 'Jabra', 'jabra', 0);
INSERT OR IGNORE INTO wp_term_taxonomy (term_taxonomy_id, term_id, taxonomy, description, parent, count) VALUES (406, 406, 'product_brand', '', 0, 2);
INSERT OR IGNORE INTO wp_terms (term_id, name, slug, term_group) VALUES (463, 'Jakes', 'jakes', 0);
INSERT OR IGNORE INTO wp_term_taxonomy (term_taxonomy_id, term_id, taxonomy, description, parent, count) VALUES (463, 463, 'product_brand', '', 0, 0);
INSERT OR IGNORE INTO wp_terms (term_id, name, slug, term_group) VALUES (379, 'JBL', 'jbl', 0);
INSERT OR IGNORE INTO wp_term_taxonomy (term_taxonomy_id, term_id, taxonomy, description, parent, count) VALUES (379, 379, 'product_brand', '', 0, 58);
INSERT OR IGNORE INTO wp_terms (term_id, name, slug, term_group) VALUES (11461, 'Jean Paul Gaultier', 'jean-paul-gaultier', 0);
INSERT OR IGNORE INTO wp_term_taxonomy (term_taxonomy_id, term_id, taxonomy, description, parent, count) VALUES (11461, 11461, 'product_brand', '', 0, 2);
INSERT OR IGNORE INTO wp_terms (term_id, name, slug, term_group) VALUES (434, 'Jeep', 'jeep', 0);
INSERT OR IGNORE INTO wp_term_taxonomy (term_taxonomy_id, term_id, taxonomy, description, parent, count) VALUES (434, 434, 'product_brand', '', 0, 2);
INSERT OR IGNORE INTO wp_terms (term_id, name, slug, term_group) VALUES (398, 'jergens', 'jergens', 0);
INSERT OR IGNORE INTO wp_term_taxonomy (term_taxonomy_id, term_id, taxonomy, description, parent, count) VALUES (398, 398, 'product_brand', '', 0, 0);
INSERT OR IGNORE INTO wp_terms (term_id, name, slug, term_group) VALUES (441, 'Jerry Power', 'jerry-power', 0);
INSERT OR IGNORE INTO wp_term_taxonomy (term_taxonomy_id, term_id, taxonomy, description, parent, count) VALUES (441, 441, 'product_brand', '', 0, 3);
INSERT OR IGNORE INTO wp_terms (term_id, name, slug, term_group) VALUES (43350, 'Jigsimur', 'jigsimur', 0);
INSERT OR IGNORE INTO wp_term_taxonomy (term_taxonomy_id, term_id, taxonomy, description, parent, count) VALUES (43350, 43350, 'product_brand', '', 0, 1);
INSERT OR IGNORE INTO wp_terms (term_id, name, slug, term_group) VALUES (11466, 'Jimmy Choo', 'jimmy-choo', 0);
INSERT OR IGNORE INTO wp_term_taxonomy (term_taxonomy_id, term_id, taxonomy, description, parent, count) VALUES (11466, 11466, 'product_brand', '', 0, 1);
INSERT OR IGNORE INTO wp_terms (term_id, name, slug, term_group) VALUES (11459, 'Joop', 'joop', 0);
INSERT OR IGNORE INTO wp_term_taxonomy (term_taxonomy_id, term_id, taxonomy, description, parent, count) VALUES (11459, 11459, 'product_brand', '', 0, 1);
INSERT OR IGNORE INTO wp_terms (term_id, name, slug, term_group) VALUES (466, 'Jordan 1', 'jordan-1', 0);
INSERT OR IGNORE INTO wp_term_taxonomy (term_taxonomy_id, term_id, taxonomy, description, parent, count) VALUES (466, 466, 'product_brand', 'Jordan 1 Shoes in Ghana
Jordan 1 one Ghana Prices', 0, 0);
INSERT OR IGNORE INTO wp_terms (term_id, name, slug, term_group) VALUES (2493, 'Jordan 1|Nike', 'jordan-1nike', 0);
INSERT OR IGNORE INTO wp_term_taxonomy (term_taxonomy_id, term_id, taxonomy, description, parent, count) VALUES (2493, 2493, 'product_brand', '', 0, 0);
INSERT OR IGNORE INTO wp_terms (term_id, name, slug, term_group) VALUES (473, 'Jordan 10', 'jordan-10', 0);
INSERT OR IGNORE INTO wp_term_taxonomy (term_taxonomy_id, term_id, taxonomy, description, parent, count) VALUES (473, 473, 'product_brand', '', 0, 0);
INSERT OR IGNORE INTO wp_terms (term_id, name, slug, term_group) VALUES (474, 'Jordan 11', 'jordan-11', 0);
INSERT OR IGNORE INTO wp_term_taxonomy (term_taxonomy_id, term_id, taxonomy, description, parent, count) VALUES (474, 474, 'product_brand', '', 0, 0);
INSERT OR IGNORE INTO wp_terms (term_id, name, slug, term_group) VALUES (475, 'Jordan 12', 'jordan-12', 0);
INSERT OR IGNORE INTO wp_term_taxonomy (term_taxonomy_id, term_id, taxonomy, description, parent, count) VALUES (475, 475, 'product_brand', '', 0, 0);
INSERT OR IGNORE INTO wp_terms (term_id, name, slug, term_group) VALUES (476, 'Jordan 13', 'jordan-13', 0);
INSERT OR IGNORE INTO wp_term_taxonomy (term_taxonomy_id, term_id, taxonomy, description, parent, count) VALUES (476, 476, 'product_brand', '', 0, 0);
INSERT OR IGNORE INTO wp_terms (term_id, name, slug, term_group) VALUES (477, 'Jordan 14', 'jordan-14', 0);
INSERT OR IGNORE INTO wp_term_taxonomy (term_taxonomy_id, term_id, taxonomy, description, parent, count) VALUES (477, 477, 'product_brand', '', 0, 0);
INSERT OR IGNORE INTO wp_terms (term_id, name, slug, term_group) VALUES (478, 'Jordan 15', 'jordan-15', 0);
INSERT OR IGNORE INTO wp_term_taxonomy (term_taxonomy_id, term_id, taxonomy, description, parent, count) VALUES (478, 478, 'product_brand', '', 0, 0);
INSERT OR IGNORE INTO wp_terms (term_id, name, slug, term_group) VALUES (479, 'Jordan 16', 'jordan-16', 0);
INSERT OR IGNORE INTO wp_term_taxonomy (term_taxonomy_id, term_id, taxonomy, description, parent, count) VALUES (479, 479, 'product_brand', '', 0, 0);
INSERT OR IGNORE INTO wp_terms (term_id, name, slug, term_group) VALUES (480, 'Jordan 17', 'jordan-17', 0);
INSERT OR IGNORE INTO wp_term_taxonomy (term_taxonomy_id, term_id, taxonomy, description, parent, count) VALUES (480, 480, 'product_brand', '', 0, 0);
INSERT OR IGNORE INTO wp_terms (term_id, name, slug, term_group) VALUES (481, 'Jordan 18', 'jordan-18', 0);
INSERT OR IGNORE INTO wp_term_taxonomy (term_taxonomy_id, term_id, taxonomy, description, parent, count) VALUES (481, 481, 'product_brand', '', 0, 0);
INSERT OR IGNORE INTO wp_terms (term_id, name, slug, term_group) VALUES (482, 'Jordan 19', 'jordan-19', 0);
INSERT OR IGNORE INTO wp_term_taxonomy (term_taxonomy_id, term_id, taxonomy, description, parent, count) VALUES (482, 482, 'product_brand', '', 0, 0);
INSERT OR IGNORE INTO wp_terms (term_id, name, slug, term_group) VALUES (467, 'Jordan 2', 'jordan-2', 0);
INSERT OR IGNORE INTO wp_term_taxonomy (term_taxonomy_id, term_id, taxonomy, description, parent, count) VALUES (467, 467, 'product_brand', '', 0, 0);
INSERT OR IGNORE INTO wp_terms (term_id, name, slug, term_group) VALUES (483, 'Jordan 20', 'jordan-20', 0);
INSERT OR IGNORE INTO wp_term_taxonomy (term_taxonomy_id, term_id, taxonomy, description, parent, count) VALUES (483, 483, 'product_brand', '', 0, 0);
INSERT OR IGNORE INTO wp_terms (term_id, name, slug, term_group) VALUES (484, 'Jordan 21', 'jordan-21', 0);
INSERT OR IGNORE INTO wp_term_taxonomy (term_taxonomy_id, term_id, taxonomy, description, parent, count) VALUES (484, 484, 'product_brand', '', 0, 0);
INSERT OR IGNORE INTO wp_terms (term_id, name, slug, term_group) VALUES (485, 'Jordan 22', 'jordan-22', 0);
INSERT OR IGNORE INTO wp_term_taxonomy (term_taxonomy_id, term_id, taxonomy, description, parent, count) VALUES (485, 485, 'product_brand', '', 0, 0);
INSERT OR IGNORE INTO wp_terms (term_id, name, slug, term_group) VALUES (486, 'Jordan 23', 'jordan-23', 0);
INSERT OR IGNORE INTO wp_term_taxonomy (term_taxonomy_id, term_id, taxonomy, description, parent, count) VALUES (486, 486, 'product_brand', '', 0, 0);
INSERT OR IGNORE INTO wp_terms (term_id, name, slug, term_group) VALUES (487, 'Jordan 24', 'jordan-24', 0);
INSERT OR IGNORE INTO wp_term_taxonomy (term_taxonomy_id, term_id, taxonomy, description, parent, count) VALUES (487, 487, 'product_brand', '', 0, 0);
INSERT OR IGNORE INTO wp_terms (term_id, name, slug, term_group) VALUES (488, 'Jordan 25', 'jordan-25', 0);
INSERT OR IGNORE INTO wp_term_taxonomy (term_taxonomy_id, term_id, taxonomy, description, parent, count) VALUES (488, 488, 'product_brand', '', 0, 0);
INSERT OR IGNORE INTO wp_terms (term_id, name, slug, term_group) VALUES (489, 'Jordan 26', 'jordan-26', 0);
INSERT OR IGNORE INTO wp_term_taxonomy (term_taxonomy_id, term_id, taxonomy, description, parent, count) VALUES (489, 489, 'product_brand', '', 0, 0);
INSERT OR IGNORE INTO wp_terms (term_id, name, slug, term_group) VALUES (490, 'Jordan 27', 'jordan-27', 0);
INSERT OR IGNORE INTO wp_term_taxonomy (term_taxonomy_id, term_id, taxonomy, description, parent, count) VALUES (490, 490, 'product_brand', 'Jordan 27 Shoes in Ghana', 0, 0);
INSERT OR IGNORE INTO wp_terms (term_id, name, slug, term_group) VALUES (491, 'Jordan 28', 'jordan-28', 0);
INSERT OR IGNORE INTO wp_term_taxonomy (term_taxonomy_id, term_id, taxonomy, description, parent, count) VALUES (491, 491, 'product_brand', 'Buy Jordan 28 Shoes in Ghana', 0, 0);
INSERT OR IGNORE INTO wp_terms (term_id, name, slug, term_group) VALUES (492, 'Jordan 29', 'jordan-29', 0);
INSERT OR IGNORE INTO wp_term_taxonomy (term_taxonomy_id, term_id, taxonomy, description, parent, count) VALUES (492, 492, 'product_brand', '', 0, 0);
INSERT OR IGNORE INTO wp_terms (term_id, name, slug, term_group) VALUES (468, 'Jordan 3', 'jordan-3', 0);
INSERT OR IGNORE INTO wp_term_taxonomy (term_taxonomy_id, term_id, taxonomy, description, parent, count) VALUES (468, 468, 'product_brand', '', 0, 0);
INSERT OR IGNORE INTO wp_terms (term_id, name, slug, term_group) VALUES (493, 'Jordan 30', 'jordan-30', 0);
INSERT OR IGNORE INTO wp_term_taxonomy (term_taxonomy_id, term_id, taxonomy, description, parent, count) VALUES (493, 493, 'product_brand', '', 0, 0);
INSERT OR IGNORE INTO wp_terms (term_id, name, slug, term_group) VALUES (469, 'Jordan 5', 'jordan-5', 0);
INSERT OR IGNORE INTO wp_term_taxonomy (term_taxonomy_id, term_id, taxonomy, description, parent, count) VALUES (469, 469, 'product_brand', '', 0, 0);
INSERT OR IGNORE INTO wp_terms (term_id, name, slug, term_group) VALUES (470, 'Jordan 7', 'jordan-7', 0);
INSERT OR IGNORE INTO wp_term_taxonomy (term_taxonomy_id, term_id, taxonomy, description, parent, count) VALUES (470, 470, 'product_brand', '', 0, 0);
INSERT OR IGNORE INTO wp_terms (term_id, name, slug, term_group) VALUES (471, 'Jordan 8', 'jordan-8', 0);
INSERT OR IGNORE INTO wp_term_taxonomy (term_taxonomy_id, term_id, taxonomy, description, parent, count) VALUES (471, 471, 'product_brand', '', 0, 0);
INSERT OR IGNORE INTO wp_terms (term_id, name, slug, term_group) VALUES (472, 'Jordan 9', 'jordan-9', 0);
INSERT OR IGNORE INTO wp_term_taxonomy (term_taxonomy_id, term_id, taxonomy, description, parent, count) VALUES (472, 472, 'product_brand', 'Jordan 9 Sneakers in Ghana', 0, 0);
INSERT OR IGNORE INTO wp_terms (term_id, name, slug, term_group) VALUES (326, 'Ju-Link', 'ju-link', 0);
INSERT OR IGNORE INTO wp_term_taxonomy (term_taxonomy_id, term_id, taxonomy, description, parent, count) VALUES (326, 326, 'product_brand', '', 0, 0);
INSERT OR IGNORE INTO wp_terms (term_id, name, slug, term_group) VALUES (333, 'Jyaudio', 'jyaudio', 0);
INSERT OR IGNORE INTO wp_term_taxonomy (term_taxonomy_id, term_id, taxonomy, description, parent, count) VALUES (333, 333, 'product_brand', '', 0, 0);
INSERT OR IGNORE INTO wp_terms (term_id, name, slug, term_group) VALUES (330, 'Karizma', 'karizma', 0);
INSERT OR IGNORE INTO wp_term_taxonomy (term_taxonomy_id, term_id, taxonomy, description, parent, count) VALUES (330, 330, 'product_brand', '', 0, 0);
INSERT OR IGNORE INTO wp_terms (term_id, name, slug, term_group) VALUES (10928, 'Katy Perry', 'katy-perry', 0);
INSERT OR IGNORE INTO wp_term_taxonomy (term_taxonomy_id, term_id, taxonomy, description, parent, count) VALUES (10928, 10928, 'product_brand', '', 0, 1);
INSERT OR IGNORE INTO wp_terms (term_id, name, slug, term_group) VALUES (428, 'Kenneth Cole', 'kenneth-cole', 0);
INSERT OR IGNORE INTO wp_term_taxonomy (term_taxonomy_id, term_id, taxonomy, description, parent, count) VALUES (428, 428, 'product_brand', '', 0, 2);
INSERT OR IGNORE INTO wp_terms (term_id, name, slug, term_group) VALUES (370, 'kenwood', 'kenwood', 0);
INSERT OR IGNORE INTO wp_term_taxonomy (term_taxonomy_id, term_id, taxonomy, description, parent, count) VALUES (370, 370, 'product_brand', '', 0, 2);
INSERT OR IGNORE INTO wp_terms (term_id, name, slug, term_group) VALUES (4835, 'kenwood|White Label', 'kenwoodwhite-label', 0);
INSERT OR IGNORE INTO wp_term_taxonomy (term_taxonomy_id, term_id, taxonomy, description, parent, count) VALUES (4835, 4835, 'product_brand', '', 0, 0);
INSERT OR IGNORE INTO wp_terms (term_id, name, slug, term_group) VALUES (11082, 'Kepas', 'kepas', 0);
INSERT OR IGNORE INTO wp_term_taxonomy (term_taxonomy_id, term_id, taxonomy, description, parent, count) VALUES (11082, 11082, 'product_brand', '', 0, 0);
INSERT OR IGNORE INTO wp_terms (term_id, name, slug, term_group) VALUES (10930, 'Kim Kardashian', 'kim-kardashian', 0);
INSERT OR IGNORE INTO wp_term_taxonomy (term_taxonomy_id, term_id, taxonomy, description, parent, count) VALUES (10930, 10930, 'product_brand', '', 0, 1);
INSERT OR IGNORE INTO wp_terms (term_id, name, slug, term_group) VALUES (345, 'Kiwi', 'kiwi', 0);
INSERT OR IGNORE INTO wp_term_taxonomy (term_taxonomy_id, term_id, taxonomy, description, parent, count) VALUES (345, 345, 'product_brand', '', 0, 1);
INSERT OR IGNORE INTO wp_terms (term_id, name, slug, term_group) VALUES (43424, 'kk', 'kk', 0);
INSERT OR IGNORE INTO wp_term_taxonomy (term_taxonomy_id, term_id, taxonomy, description, parent, count) VALUES (43424, 43424, 'product_brand', 'sfjkdsfjksd', 439, 1);
INSERT OR IGNORE INTO wp_termmeta (term_id, meta_key, meta_value) VALUES (43424, 'thumbnail_id', '202978');
INSERT OR IGNORE INTO wp_terms (term_id, name, slug, term_group) VALUES (11024, 'kkj', 'kkj', 0);
INSERT OR IGNORE INTO wp_term_taxonomy (term_taxonomy_id, term_id, taxonomy, description, parent, count) VALUES (11024, 11024, 'product_brand', '', 0, 0);
INSERT OR IGNORE INTO wp_terms (term_id, name, slug, term_group) VALUES (421, 'kleesoft', 'kleesoft', 0);
INSERT OR IGNORE INTO wp_term_taxonomy (term_taxonomy_id, term_id, taxonomy, description, parent, count) VALUES (421, 421, 'product_brand', '', 0, 0);
INSERT OR IGNORE INTO wp_terms (term_id, name, slug, term_group) VALUES (402, 'KODYEE', 'kodyee', 0);
INSERT OR IGNORE INTO wp_term_taxonomy (term_taxonomy_id, term_id, taxonomy, description, parent, count) VALUES (402, 402, 'product_brand', '', 0, 0);
INSERT OR IGNORE INTO wp_terms (term_id, name, slug, term_group) VALUES (10899, 'Lacoste', 'lacoste', 0);
INSERT OR IGNORE INTO wp_term_taxonomy (term_taxonomy_id, term_id, taxonomy, description, parent, count) VALUES (10899, 10899, 'product_brand', '', 0, 2);
INSERT OR IGNORE INTO wp_terms (term_id, name, slug, term_group) VALUES (10382, 'lancelot', 'lancelot', 0);
INSERT OR IGNORE INTO wp_term_taxonomy (term_taxonomy_id, term_id, taxonomy, description, parent, count) VALUES (10382, 10382, 'product_brand', '', 0, 0);
INSERT OR IGNORE INTO wp_terms (term_id, name, slug, term_group) VALUES (454, 'Legend Emper', 'legend-emper', 0);
INSERT OR IGNORE INTO wp_term_taxonomy (term_taxonomy_id, term_id, taxonomy, description, parent, count) VALUES (454, 454, 'product_brand', '', 0, 0);
INSERT OR IGNORE INTO wp_terms (term_id, name, slug, term_group) VALUES (318, 'Lele', 'lele', 0);
INSERT OR IGNORE INTO wp_term_taxonomy (term_taxonomy_id, term_id, taxonomy, description, parent, count) VALUES (318, 318, 'product_brand', '', 0, 1);
INSERT OR IGNORE INTO wp_terms (term_id, name, slug, term_group) VALUES (10784, 'Lenovo', 'lenovo', 0);
INSERT OR IGNORE INTO wp_term_taxonomy (term_taxonomy_id, term_id, taxonomy, description, parent, count) VALUES (10784, 10784, 'product_brand', '', 0, 10);
INSERT OR IGNORE INTO wp_terms (term_id, name, slug, term_group) VALUES (459, 'Levis', 'levis', 0);
INSERT OR IGNORE INTO wp_term_taxonomy (term_taxonomy_id, term_id, taxonomy, description, parent, count) VALUES (459, 459, 'product_brand', '', 0, 0);
INSERT OR IGNORE INTO wp_terms (term_id, name, slug, term_group) VALUES (458, 'Levis Shoes', 'levis-shoes', 0);
INSERT OR IGNORE INTO wp_term_taxonomy (term_taxonomy_id, term_id, taxonomy, description, parent, count) VALUES (458, 458, 'product_brand', 'Buy Levis Shoes in Ghana', 0, 0);
INSERT OR IGNORE INTO wp_terms (term_id, name, slug, term_group) VALUES (418, 'LG', 'lg', 0);
INSERT OR IGNORE INTO wp_term_taxonomy (term_taxonomy_id, term_id, taxonomy, description, parent, count) VALUES (418, 418, 'product_brand', '', 0, 16);
INSERT OR IGNORE INTO wp_terms (term_id, name, slug, term_group) VALUES (10929, 'Lipsy', 'lipsy', 0);
INSERT OR IGNORE INTO wp_term_taxonomy (term_taxonomy_id, term_id, taxonomy, description, parent, count) VALUES (10929, 10929, 'product_brand', '', 0, 0);
INSERT OR IGNORE INTO wp_terms (term_id, name, slug, term_group) VALUES (43444, 'Little Black Dress', 'little-black-dress', 0);
INSERT OR IGNORE INTO wp_term_taxonomy (term_taxonomy_id, term_id, taxonomy, description, parent, count) VALUES (43444, 43444, 'product_brand', '', 43436, 8);
INSERT OR IGNORE INTO wp_terms (term_id, name, slug, term_group) VALUES (10804, 'Logitech', 'logitech', 0);
INSERT OR IGNORE INTO wp_term_taxonomy (term_taxonomy_id, term_id, taxonomy, description, parent, count) VALUES (10804, 10804, 'product_brand', '', 0, 3);
INSERT OR IGNORE INTO wp_terms (term_id, name, slug, term_group) VALUES (291, 'Louis Vuitton', 'louis-vuitton', 0);
INSERT OR IGNORE INTO wp_term_taxonomy (term_taxonomy_id, term_id, taxonomy, description, parent, count) VALUES (291, 291, 'product_brand', '', 0, 3);
INSERT OR IGNORE INTO wp_terms (term_id, name, slug, term_group) VALUES (460, 'Louis Vuitton Shoes', 'louis-vuitton-shoes', 0);
INSERT OR IGNORE INTO wp_term_taxonomy (term_taxonomy_id, term_id, taxonomy, description, parent, count) VALUES (460, 460, 'product_brand', '', 0, 0);
INSERT OR IGNORE INTO wp_terms (term_id, name, slug, term_group) VALUES (10780, 'mainardo', 'mainardo', 0);
INSERT OR IGNORE INTO wp_term_taxonomy (term_taxonomy_id, term_id, taxonomy, description, parent, count) VALUES (10780, 10780, 'product_brand', '', 0, 0);
INSERT OR IGNORE INTO wp_terms (term_id, name, slug, term_group) VALUES (498, 'Mainazdo', 'mainazdo', 0);
INSERT OR IGNORE INTO wp_term_taxonomy (term_taxonomy_id, term_id, taxonomy, description, parent, count) VALUES (498, 498, 'product_brand', '', 0, 0);
INSERT OR IGNORE INTO wp_terms (term_id, name, slug, term_group) VALUES (11832, 'Marcco Cardini', 'marcco-cardini', 0);
INSERT OR IGNORE INTO wp_term_taxonomy (term_taxonomy_id, term_id, taxonomy, description, parent, count) VALUES (11832, 11832, 'product_brand', '', 0, 2);
INSERT OR IGNORE INTO wp_terms (term_id, name, slug, term_group) VALUES (431, 'MCE', 'mce', 0);
INSERT OR IGNORE INTO wp_term_taxonomy (term_taxonomy_id, term_id, taxonomy, description, parent, count) VALUES (431, 431, 'product_brand', '', 0, 0);
INSERT OR IGNORE INTO wp_terms (term_id, name, slug, term_group) VALUES (11619, 'MDV', 'mdv', 0);
INSERT OR IGNORE INTO wp_term_taxonomy (term_taxonomy_id, term_id, taxonomy, description, parent, count) VALUES (11619, 11619, 'product_brand', '', 0, 10);
INSERT OR IGNORE INTO wp_terms (term_id, name, slug, term_group) VALUES (340, 'Meijieluo', 'meijieluo', 0);
INSERT OR IGNORE INTO wp_term_taxonomy (term_taxonomy_id, term_id, taxonomy, description, parent, count) VALUES (340, 340, 'product_brand', '', 0, 0);
INSERT OR IGNORE INTO wp_terms (term_id, name, slug, term_group) VALUES (43440, 'Men', 'men', 0);
INSERT OR IGNORE INTO wp_term_taxonomy (term_taxonomy_id, term_id, taxonomy, description, parent, count) VALUES (43440, 43440, 'product_brand', '', 43435, 67);
INSERT OR IGNORE INTO wp_terms (term_id, name, slug, term_group) VALUES (43461, 'Men', 'men-chris-adams', 0);
INSERT OR IGNORE INTO wp_term_taxonomy (term_taxonomy_id, term_id, taxonomy, description, parent, count) VALUES (43461, 43461, 'product_brand', 'A bold, modern, masculine scent crafted for confidence and everyday wear.', 385, 12);
INSERT OR IGNORE INTO wp_terms (term_id, name, slug, term_group) VALUES (43447, 'Mesmerize', 'mesmerize', 0);
INSERT OR IGNORE INTO wp_term_taxonomy (term_taxonomy_id, term_id, taxonomy, description, parent, count) VALUES (43447, 43447, 'product_brand', '', 43435, 0);
INSERT OR IGNORE INTO wp_terms (term_id, name, slug, term_group) VALUES (10786, 'Microsoft', 'microsoft', 0);
INSERT OR IGNORE INTO wp_term_taxonomy (term_taxonomy_id, term_id, taxonomy, description, parent, count) VALUES (10786, 10786, 'product_brand', '', 0, 3);
INSERT OR IGNORE INTO wp_terms (term_id, name, slug, term_group) VALUES (11502, 'Midea', 'midea', 0);
INSERT OR IGNORE INTO wp_term_taxonomy (term_taxonomy_id, term_id, taxonomy, description, parent, count) VALUES (11502, 11502, 'product_brand', '', 0, 7);
INSERT OR IGNORE INTO wp_terms (term_id, name, slug, term_group) VALUES (440, 'mikachi', 'mikachi', 0);
INSERT OR IGNORE INTO wp_term_taxonomy (term_taxonomy_id, term_id, taxonomy, description, parent, count) VALUES (440, 440, 'product_brand', '', 0, 35);
INSERT OR IGNORE INTO wp_terms (term_id, name, slug, term_group) VALUES (312, 'millicent', 'millicent', 0);
INSERT OR IGNORE INTO wp_term_taxonomy (term_taxonomy_id, term_id, taxonomy, description, parent, count) VALUES (312, 312, 'product_brand', '', 0, 0);
INSERT OR IGNORE INTO wp_terms (term_id, name, slug, term_group) VALUES (516, 'Misalwa', 'misalwa', 0);
INSERT OR IGNORE INTO wp_term_taxonomy (term_taxonomy_id, term_id, taxonomy, description, parent, count) VALUES (516, 516, 'product_brand', '', 0, 0);
INSERT OR IGNORE INTO wp_terms (term_id, name, slug, term_group) VALUES (10863, 'Mitsui', 'mitsui', 0);
INSERT OR IGNORE INTO wp_term_taxonomy (term_taxonomy_id, term_id, taxonomy, description, parent, count) VALUES (10863, 10863, 'product_brand', '', 0, 53);
INSERT OR IGNORE INTO wp_terms (term_id, name, slug, term_group) VALUES (328, 'Mixdor', 'mixdor', 0);
INSERT OR IGNORE INTO wp_term_taxonomy (term_taxonomy_id, term_id, taxonomy, description, parent, count) VALUES (328, 328, 'product_brand', '', 0, 0);
INSERT OR IGNORE INTO wp_terms (term_id, name, slug, term_group) VALUES (11472, 'MJ', 'mj', 0);
INSERT OR IGNORE INTO wp_term_taxonomy (term_taxonomy_id, term_id, taxonomy, description, parent, count) VALUES (11472, 11472, 'product_brand', '', 0, 1);
INSERT OR IGNORE INTO wp_terms (term_id, name, slug, term_group) VALUES (517, 'Mona Flying Shoes', 'mona-flying-shoes', 0);
INSERT OR IGNORE INTO wp_term_taxonomy (term_taxonomy_id, term_id, taxonomy, description, parent, count) VALUES (517, 517, 'product_brand', '', 0, 0);
INSERT OR IGNORE INTO wp_terms (term_id, name, slug, term_group) VALUES (11449, 'Mont Blanc', 'mont-blanc', 0);
INSERT OR IGNORE INTO wp_term_taxonomy (term_taxonomy_id, term_id, taxonomy, description, parent, count) VALUES (11449, 11449, 'product_brand', '', 0, 4);
INSERT OR IGNORE INTO wp_terms (term_id, name, slug, term_group) VALUES (11623, 'Motorola', 'motorola', 0);
INSERT OR IGNORE INTO wp_term_taxonomy (term_taxonomy_id, term_id, taxonomy, description, parent, count) VALUES (11623, 11623, 'product_brand', '', 0, 1);
INSERT OR IGNORE INTO wp_terms (term_id, name, slug, term_group) VALUES (10971, 'MSI', 'msi', 0);
INSERT OR IGNORE INTO wp_term_taxonomy (term_taxonomy_id, term_id, taxonomy, description, parent, count) VALUES (10971, 10971, 'product_brand', '', 0, 1);
INSERT OR IGNORE INTO wp_terms (term_id, name, slug, term_group) VALUES (419, 'MTC', 'mtc', 0);
INSERT OR IGNORE INTO wp_term_taxonomy (term_taxonomy_id, term_id, taxonomy, description, parent, count) VALUES (419, 419, 'product_brand', '', 0, 1);
INSERT OR IGNORE INTO wp_terms (term_id, name, slug, term_group) VALUES (11607, 'Nacon', 'nacon', 0);
INSERT OR IGNORE INTO wp_term_taxonomy (term_taxonomy_id, term_id, taxonomy, description, parent, count) VALUES (11607, 11607, 'product_brand', '', 0, 1);
INSERT OR IGNORE INTO wp_terms (term_id, name, slug, term_group) VALUES (461, 'Nannino', 'nannino', 0);
INSERT OR IGNORE INTO wp_term_taxonomy (term_taxonomy_id, term_id, taxonomy, description, parent, count) VALUES (461, 461, 'product_brand', 'Nannino Shoes
Buy Loafers, Oxford, Monk Strap, and Derby Shoes', 0, 0);
INSERT OR IGNORE INTO wp_terms (term_id, name, slug, term_group) VALUES (417, 'Nasco', 'nasco', 0);
INSERT OR IGNORE INTO wp_term_taxonomy (term_taxonomy_id, term_id, taxonomy, description, parent, count) VALUES (417, 417, 'product_brand', '', 0, 9);
INSERT OR IGNORE INTO wp_terms (term_id, name, slug, term_group) VALUES (11463, 'Nautica', 'nautica', 0);
INSERT OR IGNORE INTO wp_term_taxonomy (term_taxonomy_id, term_id, taxonomy, description, parent, count) VALUES (11463, 11463, 'product_brand', '', 0, 1);
INSERT OR IGNORE INTO wp_terms (term_id, name, slug, term_group) VALUES (388, 'Neon', 'neon', 0);
INSERT OR IGNORE INTO wp_term_taxonomy (term_taxonomy_id, term_id, taxonomy, description, parent, count) VALUES (388, 388, 'product_brand', '', 0, 5);
INSERT OR IGNORE INTO wp_terms (term_id, name, slug, term_group) VALUES (298, 'New Balance', 'new-balance', 0);
INSERT OR IGNORE INTO wp_term_taxonomy (term_taxonomy_id, term_id, taxonomy, description, parent, count) VALUES (298, 298, 'product_brand', '', 0, 2);
INSERT OR IGNORE INTO wp_terms (term_id, name, slug, term_group) VALUES (11632, 'Nexus', 'nexus', 0);
INSERT OR IGNORE INTO wp_term_taxonomy (term_taxonomy_id, term_id, taxonomy, description, parent, count) VALUES (11632, 11632, 'product_brand', '', 0, 3);
INSERT OR IGNORE INTO wp_terms (term_id, name, slug, term_group) VALUES (284, 'Nike', 'nike-rr', 0);
INSERT OR IGNORE INTO wp_term_taxonomy (term_taxonomy_id, term_id, taxonomy, description, parent, count) VALUES (284, 284, 'product_brand', '', 0, 38);
INSERT OR IGNORE INTO wp_terms (term_id, name, slug, term_group) VALUES (301, 'Nike Air Max 270', 'nike-air-max-270', 0);
INSERT OR IGNORE INTO wp_term_taxonomy (term_taxonomy_id, term_id, taxonomy, description, parent, count) VALUES (301, 301, 'product_brand', 'Nike Aie Max 270 Shoes
Designed with style, the Nike Air Max 270 Shoes puts fashion into running. Feel very comfortable in the Air Max 270 and keep up the <a href="http://nike.com">Nike</a> company.', 0, 0);
INSERT OR IGNORE INTO wp_terms (term_id, name, slug, term_group) VALUES (445, 'Nike Slipper &amp; Sandals', 'nike-slipper-sandals', 0);
INSERT OR IGNORE INTO wp_term_taxonomy (term_taxonomy_id, term_id, taxonomy, description, parent, count) VALUES (445, 445, 'product_brand', 'Nike Sandals and slippers
Buy Nike slides in Ghana', 0, 0);
INSERT OR IGNORE INTO wp_terms (term_id, name, slug, term_group) VALUES (2261, 'Nike&gt;Nike Air Max 270', 'nikenike-air-max-270', 0);
INSERT OR IGNORE INTO wp_term_taxonomy (term_taxonomy_id, term_id, taxonomy, description, parent, count) VALUES (2261, 2261, 'product_brand', '', 0, 0);
INSERT OR IGNORE INTO wp_terms (term_id, name, slug, term_group) VALUES (9928, 'Nike&gt;Nike Slipper &amp; Sandals', 'nikenike-slipper-sandals', 0);
INSERT OR IGNORE INTO wp_term_taxonomy (term_taxonomy_id, term_id, taxonomy, description, parent, count) VALUES (9928, 9928, 'product_brand', '', 0, 0);
INSERT OR IGNORE INTO wp_terms (term_id, name, slug, term_group) VALUES (2517, 'Nike&gt;VaporMax Shoes', 'nikevapormax-shoes', 0);
INSERT OR IGNORE INTO wp_term_taxonomy (term_taxonomy_id, term_id, taxonomy, description, parent, count) VALUES (2517, 2517, 'product_brand', '', 0, 0);
INSERT OR IGNORE INTO wp_terms (term_id, name, slug, term_group) VALUES (11673, 'Nintendo', 'nintendo', 0);
INSERT OR IGNORE INTO wp_term_taxonomy (term_taxonomy_id, term_id, taxonomy, description, parent, count) VALUES (11673, 11673, 'product_brand', '', 0, 1);
INSERT OR IGNORE INTO wp_terms (term_id, name, slug, term_group) VALUES (309, 'Nivea', 'nivea', 0);
INSERT OR IGNORE INTO wp_term_taxonomy (term_taxonomy_id, term_id, taxonomy, description, parent, count) VALUES (309, 309, 'product_brand', '', 0, 0);
INSERT OR IGNORE INTO wp_terms (term_id, name, slug, term_group) VALUES (426, 'Nokia', 'nokia', 0);
INSERT OR IGNORE INTO wp_term_taxonomy (term_taxonomy_id, term_id, taxonomy, description, parent, count) VALUES (426, 426, 'product_brand', '<h2 style="text-align: center">Nokia Phones in Ghana</h2>
Explore Shopwice''s collection of Nokia Mobile Phones in Ghana and buy online. Nokia Phones are one of the first mobile phones to enter Ghana''s mobile technology market. Ranging from basic phones to high-tech mobiles, Shopwice has all the latest phones from Nokia available for sale. Shop now. Get it delivered in no time(express).', 0, 19);
INSERT OR IGNORE INTO wp_terms (term_id, name, slug, term_group) VALUES (373, 'Nova', 'nova', 0);
INSERT OR IGNORE INTO wp_term_taxonomy (term_taxonomy_id, term_id, taxonomy, description, parent, count) VALUES (373, 373, 'product_brand', '', 0, 6);
INSERT OR IGNORE INTO wp_terms (term_id, name, slug, term_group) VALUES (10965, 'Off-White', 'off-white', 0);
INSERT OR IGNORE INTO wp_term_taxonomy (term_taxonomy_id, term_id, taxonomy, description, parent, count) VALUES (10965, 10965, 'product_brand', '', 0, 2);
INSERT OR IGNORE INTO wp_terms (term_id, name, slug, term_group) VALUES (315, 'Oil', 'oil', 0);
INSERT OR IGNORE INTO wp_term_taxonomy (term_taxonomy_id, term_id, taxonomy, description, parent, count) VALUES (315, 315, 'product_brand', '', 0, 0);
INSERT OR IGNORE INTO wp_terms (term_id, name, slug, term_group) VALUES (10998, 'Oppo', 'oppo', 0);
INSERT OR IGNORE INTO wp_term_taxonomy (term_taxonomy_id, term_id, taxonomy, description, parent, count) VALUES (10998, 10998, 'product_brand', '', 0, 18);
INSERT OR IGNORE INTO wp_terms (term_id, name, slug, term_group) VALUES (10575, 'Oraimo', 'oraimo', 0);
INSERT OR IGNORE INTO wp_term_taxonomy (term_taxonomy_id, term_id, taxonomy, description, parent, count) VALUES (10575, 10575, 'product_brand', '', 0, 106);
INSERT OR IGNORE INTO wp_terms (term_id, name, slug, term_group) VALUES (368, 'OTG', 'otg', 0);
INSERT OR IGNORE INTO wp_term_taxonomy (term_taxonomy_id, term_id, taxonomy, description, parent, count) VALUES (368, 368, 'product_brand', '', 0, 4);
INSERT OR IGNORE INTO wp_terms (term_id, name, slug, term_group) VALUES (407, 'P47', 'p47', 0);
INSERT OR IGNORE INTO wp_term_taxonomy (term_taxonomy_id, term_id, taxonomy, description, parent, count) VALUES (407, 407, 'product_brand', '', 0, 1);
INSERT OR IGNORE INTO wp_terms (term_id, name, slug, term_group) VALUES (448, 'Paco Rabanne', 'paco-rabanne', 0);
INSERT OR IGNORE INTO wp_term_taxonomy (term_taxonomy_id, term_id, taxonomy, description, parent, count) VALUES (448, 448, 'product_brand', '', 0, 6);
INSERT OR IGNORE INTO wp_terms (term_id, name, slug, term_group) VALUES (400, 'palmer', 'palmer', 0);
INSERT OR IGNORE INTO wp_term_taxonomy (term_taxonomy_id, term_id, taxonomy, description, parent, count) VALUES (400, 400, 'product_brand', '', 0, 0);
INSERT OR IGNORE INTO wp_terms (term_id, name, slug, term_group) VALUES (329, 'Panasonic', 'panasonic', 0);
INSERT OR IGNORE INTO wp_term_taxonomy (term_taxonomy_id, term_id, taxonomy, description, parent, count) VALUES (329, 329, 'product_brand', '', 0, 0);
INSERT OR IGNORE INTO wp_terms (term_id, name, slug, term_group) VALUES (10845, 'Panmic', 'panmic', 0);
INSERT OR IGNORE INTO wp_term_taxonomy (term_taxonomy_id, term_id, taxonomy, description, parent, count) VALUES (10845, 10845, 'product_brand', '', 0, 1);
INSERT OR IGNORE INTO wp_terms (term_id, name, slug, term_group) VALUES (2039, 'Peak Shoes', 'peak-shoes', 0);
INSERT OR IGNORE INTO wp_term_taxonomy (term_taxonomy_id, term_id, taxonomy, description, parent, count) VALUES (2039, 2039, 'product_brand', '', 0, 0);
INSERT OR IGNORE INTO wp_terms (term_id, name, slug, term_group) VALUES (11505, 'Pearl', 'pearl', 0);
INSERT OR IGNORE INTO wp_term_taxonomy (term_taxonomy_id, term_id, taxonomy, description, parent, count) VALUES (11505, 11505, 'product_brand', '', 0, 6);
INSERT OR IGNORE INTO wp_terms (term_id, name, slug, term_group) VALUES (451, 'Pegasus', 'pegasus', 0);
INSERT OR IGNORE INTO wp_term_taxonomy (term_taxonomy_id, term_id, taxonomy, description, parent, count) VALUES (451, 451, 'product_brand', '', 0, 0);
INSERT OR IGNORE INTO wp_terms (term_id, name, slug, term_group) VALUES (349, 'Pepsodent', 'pepsodent', 0);
INSERT OR IGNORE INTO wp_term_taxonomy (term_taxonomy_id, term_id, taxonomy, description, parent, count) VALUES (349, 349, 'product_brand', '', 0, 0);
INSERT OR IGNORE INTO wp_terms (term_id, name, slug, term_group) VALUES (4220, 'Pepsodent|Unilever', 'pepsodentunilever', 0);
INSERT OR IGNORE INTO wp_term_taxonomy (term_taxonomy_id, term_id, taxonomy, description, parent, count) VALUES (4220, 4220, 'product_brand', '', 0, 0);
INSERT OR IGNORE INTO wp_terms (term_id, name, slug, term_group) VALUES (429, 'Pere Cardin', 'pere-cardin', 0);
INSERT OR IGNORE INTO wp_term_taxonomy (term_taxonomy_id, term_id, taxonomy, description, parent, count) VALUES (429, 429, 'product_brand', '', 0, 0);
INSERT OR IGNORE INTO wp_terms (term_id, name, slug, term_group) VALUES (43435, 'Perfumes', 'perfumes', 0);
INSERT OR IGNORE INTO wp_term_taxonomy (term_taxonomy_id, term_id, taxonomy, description, parent, count) VALUES (43435, 43435, 'product_brand', 't2', 394, 219);
INSERT OR IGNORE INTO wp_terms (term_id, name, slug, term_group) VALUES (355, 'Petergiant', 'petergiant', 0);
INSERT OR IGNORE INTO wp_term_taxonomy (term_taxonomy_id, term_id, taxonomy, description, parent, count) VALUES (355, 355, 'product_brand', '', 0, 4);
INSERT OR IGNORE INTO wp_terms (term_id, name, slug, term_group) VALUES (502, 'Philipp Plein', 'philipp-plein', 0);
INSERT OR IGNORE INTO wp_term_taxonomy (term_taxonomy_id, term_id, taxonomy, description, parent, count) VALUES (502, 502, 'product_brand', '', 0, 0);
INSERT OR IGNORE INTO wp_terms (term_id, name, slug, term_group) VALUES (374, 'Philips', 'philips', 0);
INSERT OR IGNORE INTO wp_term_taxonomy (term_taxonomy_id, term_id, taxonomy, description, parent, count) VALUES (374, 374, 'product_brand', '', 0, 0);
INSERT OR IGNORE INTO wp_terms (term_id, name, slug, term_group) VALUES (10673, 'Phone', 'phone', 0);
INSERT OR IGNORE INTO wp_term_taxonomy (term_taxonomy_id, term_id, taxonomy, description, parent, count) VALUES (10673, 10673, 'product_brand', '', 0, 0);
INSERT OR IGNORE INTO wp_terms (term_id, name, slug, term_group) VALUES (11756, 'Porche', 'porche', 0);
INSERT OR IGNORE INTO wp_term_taxonomy (term_taxonomy_id, term_id, taxonomy, description, parent, count) VALUES (11756, 11756, 'product_brand', '', 0, 1);
INSERT OR IGNORE INTO wp_terms (term_id, name, slug, term_group) VALUES (11634, 'Protech', 'protech', 0);
INSERT OR IGNORE INTO wp_term_taxonomy (term_taxonomy_id, term_id, taxonomy, description, parent, count) VALUES (11634, 11634, 'product_brand', '', 0, 3);
INSERT OR IGNORE INTO wp_terms (term_id, name, slug, term_group) VALUES (10772, 'Pucelle', 'pucelle', 0);
INSERT OR IGNORE INTO wp_term_taxonomy (term_taxonomy_id, term_id, taxonomy, description, parent, count) VALUES (10772, 10772, 'product_brand', '', 0, 1);
INSERT OR IGNORE INTO wp_terms (term_id, name, slug, term_group) VALUES (10815, 'Pull Dayton', 'pull-dayton', 0);
INSERT OR IGNORE INTO wp_term_taxonomy (term_taxonomy_id, term_id, taxonomy, description, parent, count) VALUES (10815, 10815, 'product_brand', '', 0, 3);
INSERT OR IGNORE INTO wp_terms (term_id, name, slug, term_group) VALUES (299, 'Puma', 'puma', 0);
INSERT OR IGNORE INTO wp_term_taxonomy (term_taxonomy_id, term_id, taxonomy, description, parent, count) VALUES (299, 299, 'product_brand', '', 0, 2);
INSERT OR IGNORE INTO wp_terms (term_id, name, slug, term_group) VALUES (43494, 'Radalifestyle', 'radalifestyle', 0);
INSERT OR IGNORE INTO wp_term_taxonomy (term_taxonomy_id, term_id, taxonomy, description, parent, count) VALUES (43494, 43494, 'product_brand', '', 0, 0);
INSERT OR IGNORE INTO wp_terms (term_id, name, slug, term_group) VALUES (292, 'Ralph Lauren', 'ralph-lauren', 0);
INSERT OR IGNORE INTO wp_term_taxonomy (term_taxonomy_id, term_id, taxonomy, description, parent, count) VALUES (292, 292, 'product_brand', '', 0, 10);
INSERT OR IGNORE INTO wp_terms (term_id, name, slug, term_group) VALUES (43445, 'Rare', 'rare', 0);
INSERT OR IGNORE INTO wp_term_taxonomy (term_taxonomy_id, term_id, taxonomy, description, parent, count) VALUES (43445, 43445, 'product_brand', '', 43436, 5);
INSERT OR IGNORE INTO wp_terms (term_id, name, slug, term_group) VALUES (2206, 'React', 'react', 0);
INSERT OR IGNORE INTO wp_term_taxonomy (term_taxonomy_id, term_id, taxonomy, description, parent, count) VALUES (2206, 2206, 'product_brand', '', 0, 0);
INSERT OR IGNORE INTO wp_terms (term_id, name, slug, term_group) VALUES (300, 'Reebok', 'reebok', 0);
INSERT OR IGNORE INTO wp_term_taxonomy (term_taxonomy_id, term_id, taxonomy, description, parent, count) VALUES (300, 300, 'product_brand', '', 0, 0);
INSERT OR IGNORE INTO wp_terms (term_id, name, slug, term_group) VALUES (10927, 'Rihanna', 'rihanna', 0);
INSERT OR IGNORE INTO wp_term_taxonomy (term_taxonomy_id, term_id, taxonomy, description, parent, count) VALUES (10927, 10927, 'product_brand', '', 0, 8);
INSERT OR IGNORE INTO wp_terms (term_id, name, slug, term_group) VALUES (11625, 'Roch', 'roch', 0);
INSERT OR IGNORE INTO wp_term_taxonomy (term_taxonomy_id, term_id, taxonomy, description, parent, count) VALUES (11625, 11625, 'product_brand', '', 0, 8);
INSERT OR IGNORE INTO wp_terms (term_id, name, slug, term_group) VALUES (404, 'ROMOSS', 'romoss', 0);
INSERT OR IGNORE INTO wp_term_taxonomy (term_taxonomy_id, term_id, taxonomy, description, parent, count) VALUES (404, 404, 'product_brand', '', 0, 1);
INSERT OR IGNORE INTO wp_terms (term_id, name, slug, term_group) VALUES (439, 'Rostilupt', 'rostilupt', 0);
INSERT OR IGNORE INTO wp_term_taxonomy (term_taxonomy_id, term_id, taxonomy, description, parent, count) VALUES (439, 439, 'product_brand', '', 0, 4);
INSERT OR IGNORE INTO wp_terms (term_id, name, slug, term_group) VALUES (321, 'Royal Aroma', 'royal-aroma', 0);
INSERT OR IGNORE INTO wp_term_taxonomy (term_taxonomy_id, term_id, taxonomy, description, parent, count) VALUES (321, 321, 'product_brand', '', 0, 0);
INSERT OR IGNORE INTO wp_terms (term_id, name, slug, term_group) VALUES (320, 'Royal Feast', 'royal-feast', 0);
INSERT OR IGNORE INTO wp_term_taxonomy (term_taxonomy_id, term_id, taxonomy, description, parent, count) VALUES (320, 320, 'product_brand', '', 0, 0);
INSERT OR IGNORE INTO wp_terms (term_id, name, slug, term_group) VALUES (430, 'Royal Green Pine', 'royal-green-pine', 0);
INSERT OR IGNORE INTO wp_term_taxonomy (term_taxonomy_id, term_id, taxonomy, description, parent, count) VALUES (430, 430, 'product_brand', '', 0, 0);
INSERT OR IGNORE INTO wp_terms (term_id, name, slug, term_group) VALUES (317, 'Royal Stallion Jasmine', 'royal-stallion-jasmine', 0);
INSERT OR IGNORE INTO wp_term_taxonomy (term_taxonomy_id, term_id, taxonomy, description, parent, count) VALUES (317, 317, 'product_brand', '', 0, 0);
INSERT OR IGNORE INTO wp_terms (term_id, name, slug, term_group) VALUES (2055, 'Sail Lakers', 'sail-lakers', 0);
INSERT OR IGNORE INTO wp_term_taxonomy (term_taxonomy_id, term_id, taxonomy, description, parent, count) VALUES (2055, 2055, 'product_brand', '', 0, 0);
INSERT OR IGNORE INTO wp_terms (term_id, name, slug, term_group) VALUES (392, 'Salvatore Ferragamo', 'salvatore-ferragamo', 0);
INSERT OR IGNORE INTO wp_term_taxonomy (term_taxonomy_id, term_id, taxonomy, description, parent, count) VALUES (392, 392, 'product_brand', '', 0, 21);
INSERT OR IGNORE INTO wp_terms (term_id, name, slug, term_group) VALUES (354, 'Samsung', 'samsung', 0);
INSERT OR IGNORE INTO wp_term_taxonomy (term_taxonomy_id, term_id, taxonomy, description, parent, count) VALUES (354, 354, 'product_brand', '[block id="samsung-brand-top"]', 0, 226);
INSERT OR IGNORE INTO wp_terms (term_id, name, slug, term_group) VALUES (366, 'Sandick', 'sandick', 0);
INSERT OR IGNORE INTO wp_term_taxonomy (term_taxonomy_id, term_id, taxonomy, description, parent, count) VALUES (366, 366, 'product_brand', '', 0, 1);
INSERT OR IGNORE INTO wp_terms (term_id, name, slug, term_group) VALUES (362, 'SanDisk', 'sandisk', 0);
INSERT OR IGNORE INTO wp_term_taxonomy (term_taxonomy_id, term_id, taxonomy, description, parent, count) VALUES (362, 362, 'product_brand', '', 0, 3);
INSERT OR IGNORE INTO wp_terms (term_id, name, slug, term_group) VALUES (10932, 'Sarah Jessica Parker', 'sarah-jessica-parker', 0);
INSERT OR IGNORE INTO wp_term_taxonomy (term_taxonomy_id, term_id, taxonomy, description, parent, count) VALUES (10932, 10932, 'product_brand', '', 0, 1);
INSERT OR IGNORE INTO wp_terms (term_id, name, slug, term_group) VALUES (376, 'Sayona', 'sayona', 0);
INSERT OR IGNORE INTO wp_term_taxonomy (term_taxonomy_id, term_id, taxonomy, description, parent, count) VALUES (376, 376, 'product_brand', '', 0, 0);
INSERT OR IGNORE INTO wp_terms (term_id, name, slug, term_group) VALUES (496, 'SB Dunk', 'sb-dunk', 0);
INSERT OR IGNORE INTO wp_term_taxonomy (term_taxonomy_id, term_id, taxonomy, description, parent, count) VALUES (496, 496, 'product_brand', '', 0, 0);
INSERT OR IGNORE INTO wp_terms (term_id, name, slug, term_group) VALUES (323, 'Scarlett', 'scarlett', 0);
INSERT OR IGNORE INTO wp_term_taxonomy (term_taxonomy_id, term_id, taxonomy, description, parent, count) VALUES (323, 323, 'product_brand', '', 0, 0);
INSERT OR IGNORE INTO wp_terms (term_id, name, slug, term_group) VALUES (11757, 'Seagate', 'seagate', 0);
INSERT OR IGNORE INTO wp_term_taxonomy (term_taxonomy_id, term_id, taxonomy, description, parent, count) VALUES (11757, 11757, 'product_brand', '', 0, 7);
INSERT OR IGNORE INTO wp_terms (term_id, name, slug, term_group) VALUES (11464, 'Sean John', 'sean-john', 0);
INSERT OR IGNORE INTO wp_term_taxonomy (term_taxonomy_id, term_id, taxonomy, description, parent, count) VALUES (11464, 11464, 'product_brand', '', 0, 2);
INSERT OR IGNORE INTO wp_terms (term_id, name, slug, term_group) VALUES (288, 'Sebago', 'sebago', 0);
INSERT OR IGNORE INTO wp_term_taxonomy (term_taxonomy_id, term_id, taxonomy, description, parent, count) VALUES (288, 288, 'product_brand', '<h2 style="text-align: center">Sebago Shoes in Ghana</h2>
Sebago shoes are iconic and timeless classics. Ensemble your casual outfits with leather Sebago shoes in Ghana. Explore our collection in various colors and styles and buy online.', 0, 1);
INSERT OR IGNORE INTO wp_terms (term_id, name, slug, term_group) VALUES (11451, 'Sharp', 'sharp', 0);
INSERT OR IGNORE INTO wp_term_taxonomy (term_taxonomy_id, term_id, taxonomy, description, parent, count) VALUES (11451, 11451, 'product_brand', '', 0, 1);
INSERT OR IGNORE INTO wp_terms (term_id, name, slug, term_group) VALUES (1668, 'Shenbin', 'shenbin', 0);
INSERT OR IGNORE INTO wp_term_taxonomy (term_taxonomy_id, term_id, taxonomy, description, parent, count) VALUES (1668, 1668, 'product_brand', '', 0, 1);
INSERT OR IGNORE INTO wp_terms (term_id, name, slug, term_group) VALUES (342, 'shoe rack', 'shoe-rack', 0);
INSERT OR IGNORE INTO wp_term_taxonomy (term_taxonomy_id, term_id, taxonomy, description, parent, count) VALUES (342, 342, 'product_brand', '', 0, 5);
INSERT OR IGNORE INTO wp_terms (term_id, name, slug, term_group) VALUES (11503, 'Sigma', 'sigma', 0);
INSERT OR IGNORE INTO wp_term_taxonomy (term_taxonomy_id, term_id, taxonomy, description, parent, count) VALUES (11503, 11503, 'product_brand', '', 0, 8);
INSERT OR IGNORE INTO wp_terms (term_id, name, slug, term_group) VALUES (338, 'Silver', 'silver', 0);
INSERT OR IGNORE INTO wp_term_taxonomy (term_taxonomy_id, term_id, taxonomy, description, parent, count) VALUES (338, 338, 'product_brand', '', 0, 1);
INSERT OR IGNORE INTO wp_terms (term_id, name, slug, term_group) VALUES (10776, 'Silver Crest', 'silver-crest', 0);
INSERT OR IGNORE INTO wp_term_taxonomy (term_taxonomy_id, term_id, taxonomy, description, parent, count) VALUES (10776, 10776, 'product_brand', '', 0, 1);
INSERT OR IGNORE INTO wp_terms (term_id, name, slug, term_group) VALUES (500, 'simore', 'simore', 0);
INSERT OR IGNORE INTO wp_term_taxonomy (term_taxonomy_id, term_id, taxonomy, description, parent, count) VALUES (500, 500, 'product_brand', '', 0, 1);
INSERT OR IGNORE INTO wp_terms (term_id, name, slug, term_group) VALUES (416, 'skmei', 'skmei', 0);
INSERT OR IGNORE INTO wp_term_taxonomy (term_taxonomy_id, term_id, taxonomy, description, parent, count) VALUES (416, 416, 'product_brand', '', 0, 0);
INSERT OR IGNORE INTO wp_terms (term_id, name, slug, term_group) VALUES (43460, 'Smart Home Collection', 'smart-home-collection', 0);
INSERT OR IGNORE INTO wp_term_taxonomy (term_taxonomy_id, term_id, taxonomy, description, parent, count) VALUES (43460, 43460, 'product_brand', '', 43459, 0);
INSERT OR IGNORE INTO wp_terms (term_id, name, slug, term_group) VALUES (347, 'So Klin', 'so-klin', 0);
INSERT OR IGNORE INTO wp_term_taxonomy (term_taxonomy_id, term_id, taxonomy, description, parent, count) VALUES (347, 347, 'product_brand', '', 0, 1);
INSERT OR IGNORE INTO wp_terms (term_id, name, slug, term_group) VALUES (815, 'Socofy Shoes', 'socofy', 0);
INSERT OR IGNORE INTO wp_term_taxonomy (term_taxonomy_id, term_id, taxonomy, description, parent, count) VALUES (815, 815, 'product_brand', '', 0, 0);
INSERT OR IGNORE INTO wp_terms (term_id, name, slug, term_group) VALUES (303, 'Sole Georgia', 'sole-georgia', 0);
INSERT OR IGNORE INTO wp_term_taxonomy (term_taxonomy_id, term_id, taxonomy, description, parent, count) VALUES (303, 303, 'product_brand', '', 0, 0);
INSERT OR IGNORE INTO wp_terms (term_id, name, slug, term_group) VALUES (378, 'Sony', 'sony', 0);
INSERT OR IGNORE INTO wp_term_taxonomy (term_taxonomy_id, term_id, taxonomy, description, parent, count) VALUES (378, 378, 'product_brand', '', 0, 33);
INSERT OR IGNORE INTO wp_terms (term_id, name, slug, term_group) VALUES (43459, 'Speakers', 'speakers', 0);
INSERT OR IGNORE INTO wp_term_taxonomy (term_taxonomy_id, term_id, taxonomy, description, parent, count) VALUES (43459, 43459, 'product_brand', '', 10707, 0);
INSERT OR IGNORE INTO wp_terms (term_id, name, slug, term_group) VALUES (287, 'St. Philips', 'st-philips', 0);
INSERT OR IGNORE INTO wp_term_taxonomy (term_taxonomy_id, term_id, taxonomy, description, parent, count) VALUES (287, 287, 'product_brand', '', 0, 10);
INSERT OR IGNORE INTO wp_terms (term_id, name, slug, term_group) VALUES (5708, 'St. Philips|Kenneth Cole|Pere Cardin', 'st-philipskenneth-colepere-cardin', 0);
INSERT OR IGNORE INTO wp_term_taxonomy (term_taxonomy_id, term_id, taxonomy, description, parent, count) VALUES (5708, 5708, 'product_brand', '', 0, 0);
INSERT OR IGNORE INTO wp_terms (term_id, name, slug, term_group) VALUES (10864, 'Suzika', 'suzika', 0);
INSERT OR IGNORE INTO wp_term_taxonomy (term_taxonomy_id, term_id, taxonomy, description, parent, count) VALUES (10864, 10864, 'product_brand', '', 0, 43);
INSERT OR IGNORE INTO wp_terms (term_id, name, slug, term_group) VALUES (437, 'Szent Peter', 'szent-peter', 0);
INSERT OR IGNORE INTO wp_term_taxonomy (term_taxonomy_id, term_id, taxonomy, description, parent, count) VALUES (437, 437, 'product_brand', '', 0, 1);
INSERT OR IGNORE INTO wp_terms (term_id, name, slug, term_group) VALUES (10931, 'Tabitha Webb', 'tabitha-webb', 0);
INSERT OR IGNORE INTO wp_term_taxonomy (term_taxonomy_id, term_id, taxonomy, description, parent, count) VALUES (10931, 10931, 'product_brand', '', 0, 1);
INSERT OR IGNORE INTO wp_terms (term_id, name, slug, term_group) VALUES (11622, 'TCL', 'tcl', 0);
INSERT OR IGNORE INTO wp_term_taxonomy (term_taxonomy_id, term_id, taxonomy, description, parent, count) VALUES (11622, 11622, 'product_brand', '', 0, 26);
INSERT OR IGNORE INTO wp_terms (term_id, name, slug, term_group) VALUES (411, 'Tecno', 'tecno', 0);
INSERT OR IGNORE INTO wp_term_taxonomy (term_taxonomy_id, term_id, taxonomy, description, parent, count) VALUES (411, 411, 'product_brand', '', 0, 80);
INSERT OR IGNORE INTO wp_terms (term_id, name, slug, term_group) VALUES (449, 'Tesori', 'tesori', 0);
INSERT OR IGNORE INTO wp_term_taxonomy (term_taxonomy_id, term_id, taxonomy, description, parent, count) VALUES (449, 449, 'product_brand', '', 0, 1);
INSERT OR IGNORE INTO wp_terms (term_id, name, slug, term_group) VALUES (289, 'Timberland', 'timberland', 0);
INSERT OR IGNORE INTO wp_term_taxonomy (term_taxonomy_id, term_id, taxonomy, description, parent, count) VALUES (289, 289, 'product_brand', '', 0, 1);
INSERT OR IGNORE INTO wp_terms (term_id, name, slug, term_group) VALUES (43446, 'Today Tomorrow Always', 'today-tomorrow-always', 0);
INSERT OR IGNORE INTO wp_term_taxonomy (term_taxonomy_id, term_id, taxonomy, description, parent, count) VALUES (43446, 43446, 'product_brand', '', 43436, 7);
INSERT OR IGNORE INTO wp_terms (term_id, name, slug, term_group) VALUES (433, 'Tods', 'tods', 0);
INSERT OR IGNORE INTO wp_term_taxonomy (term_taxonomy_id, term_id, taxonomy, description, parent, count) VALUES (433, 433, 'product_brand', '', 0, 5);
INSERT OR IGNORE INTO wp_terms (term_id, name, slug, term_group) VALUES (10636, 'Tom Ford', 'tom-ford', 0);
INSERT OR IGNORE INTO wp_term_taxonomy (term_taxonomy_id, term_id, taxonomy, description, parent, count) VALUES (10636, 10636, 'product_brand', '', 0, 0);
INSERT OR IGNORE INTO wp_terms (term_id, name, slug, term_group) VALUES (10895, 'Tommy Hilfiger', 'tommy-hilfiger', 0);
INSERT OR IGNORE INTO wp_term_taxonomy (term_taxonomy_id, term_id, taxonomy, description, parent, count) VALUES (10895, 10895, 'product_brand', '', 0, 0);
INSERT OR IGNORE INTO wp_terms (term_id, name, slug, term_group) VALUES (364, 'Toshiba', 'toshiba', 0);
INSERT OR IGNORE INTO wp_term_taxonomy (term_taxonomy_id, term_id, taxonomy, description, parent, count) VALUES (364, 364, 'product_brand', '', 0, 3);
INSERT OR IGNORE INTO wp_terms (term_id, name, slug, term_group) VALUES (353, 'Triple Power', 'triple-power', 0);
INSERT OR IGNORE INTO wp_term_taxonomy (term_taxonomy_id, term_id, taxonomy, description, parent, count) VALUES (353, 353, 'product_brand', '', 0, 0);
INSERT OR IGNORE INTO wp_terms (term_id, name, slug, term_group) VALUES (367, 'Turf', 'turf', 0);
INSERT OR IGNORE INTO wp_term_taxonomy (term_taxonomy_id, term_id, taxonomy, description, parent, count) VALUES (367, 367, 'product_brand', '', 0, 1);
INSERT OR IGNORE INTO wp_terms (term_id, name, slug, term_group) VALUES (408, 'TWS', 'tws', 0);
INSERT OR IGNORE INTO wp_term_taxonomy (term_taxonomy_id, term_id, taxonomy, description, parent, count) VALUES (408, 408, 'product_brand', '', 0, 1);
INSERT OR IGNORE INTO wp_terms (term_id, name, slug, term_group) VALUES (413, 'UCOM', 'ucom', 0);
INSERT OR IGNORE INTO wp_term_taxonomy (term_taxonomy_id, term_id, taxonomy, description, parent, count) VALUES (413, 413, 'product_brand', '', 0, 1);
INSERT OR IGNORE INTO wp_terms (term_id, name, slug, term_group) VALUES (11113, 'Umbro', 'umbro', 0);
INSERT OR IGNORE INTO wp_term_taxonomy (term_taxonomy_id, term_id, taxonomy, description, parent, count) VALUES (11113, 11113, 'product_brand', '', 0, 0);
INSERT OR IGNORE INTO wp_terms (term_id, name, slug, term_group) VALUES (1, 'Uncategorized', 'uncategorized', 0);
INSERT OR IGNORE INTO wp_term_taxonomy (term_taxonomy_id, term_id, taxonomy, description, parent, count) VALUES (1, 1, 'product_brand', '', 0, 0);
INSERT OR IGNORE INTO wp_terms (term_id, name, slug, term_group) VALUES (350, 'Unilever', 'unilever', 0);
INSERT OR IGNORE INTO wp_term_taxonomy (term_taxonomy_id, term_id, taxonomy, description, parent, count) VALUES (350, 350, 'product_brand', '', 0, 0);
INSERT OR IGNORE INTO wp_terms (term_id, name, slug, term_group) VALUES (322, 'Unoli', 'unoli', 0);
INSERT OR IGNORE INTO wp_term_taxonomy (term_taxonomy_id, term_id, taxonomy, description, parent, count) VALUES (322, 322, 'product_brand', '', 0, 0);
INSERT OR IGNORE INTO wp_terms (term_id, name, slug, term_group) VALUES (290, 'Vans Shoes', 'vans-shoes', 0);
INSERT OR IGNORE INTO wp_term_taxonomy (term_taxonomy_id, term_id, taxonomy, description, parent, count) VALUES (290, 290, 'product_brand', '<h2 style="text-align: center">Vans shoes in Ghana</h2>
Explore Shopwice''s collection of Vans Shoes for sale in Ghana and buy online. Vans sneakers are notable for their thick vulcanized outsoles, skating design, and their iconic "<strong>off the wall</strong>'' tag. They come with a variety of models including Vans Off the Wall, fear of God, Old Skool, <a href="https://shopwice.com/product/vans-canvas-sneaker-wine/">Vans Authentic</a>, Sk8 Hi, Yacht Club, and more. Buy Vans Shoes for men and women online at Shopwice and have them delivered to your doorstep.', 0, 36);
INSERT OR IGNORE INTO wp_terms (term_id, name, slug, term_group) VALUES (464, 'VaporMax Shoes', 'vapormax-shoes', 0);
INSERT OR IGNORE INTO wp_term_taxonomy (term_taxonomy_id, term_id, taxonomy, description, parent, count) VALUES (464, 464, 'product_brand', 'Nike Vapormax shoes in ghana
Out of the 30th-anniversary celebration of the Nike Airmax 1, the Vapormax was born.  It is an intersection of performance and style with all-new modern, clean aesthetics. The Nike Vapormax is the first Air shoe to go without foam in the mid/rubber sole. It features a breathable mesh upper material with a hollow-like rubber sole.
Vapormax price in Ghana', 0, 0);
INSERT OR IGNORE INTO wp_terms (term_id, name, slug, term_group) VALUES (380, 'versace', 'versace', 0);
INSERT OR IGNORE INTO wp_term_taxonomy (term_taxonomy_id, term_id, taxonomy, description, parent, count) VALUES (380, 380, 'product_brand', '', 0, 11);
INSERT OR IGNORE INTO wp_terms (term_id, name, slug, term_group) VALUES (10997, 'Vivo', 'vivo', 0);
INSERT OR IGNORE INTO wp_term_taxonomy (term_taxonomy_id, term_id, taxonomy, description, parent, count) VALUES (10997, 10997, 'product_brand', '', 0, 0);
INSERT OR IGNORE INTO wp_terms (term_id, name, slug, term_group) VALUES (10753, 'Vizio', 'vizio', 0);
INSERT OR IGNORE INTO wp_term_taxonomy (term_taxonomy_id, term_id, taxonomy, description, parent, count) VALUES (10753, 10753, 'product_brand', '', 0, 41);
INSERT OR IGNORE INTO wp_terms (term_id, name, slug, term_group) VALUES (412, 'VR SHINECON', 'vr-shinecon', 0);
INSERT OR IGNORE INTO wp_term_taxonomy (term_taxonomy_id, term_id, taxonomy, description, parent, count) VALUES (412, 412, 'product_brand', '', 0, 1);
INSERT OR IGNORE INTO wp_terms (term_id, name, slug, term_group) VALUES (282, 'Wallabees', 'wallabees', 0);
INSERT OR IGNORE INTO wp_term_taxonomy (term_taxonomy_id, term_id, taxonomy, description, parent, count) VALUES (282, 282, 'product_brand', '', 0, 11);
INSERT OR IGNORE INTO wp_terms (term_id, name, slug, term_group) VALUES (339, 'wardrobe', 'wardrobe', 0);
INSERT OR IGNORE INTO wp_term_taxonomy (term_taxonomy_id, term_id, taxonomy, description, parent, count) VALUES (339, 339, 'product_brand', '', 0, 7);
INSERT OR IGNORE INTO wp_terms (term_id, name, slug, term_group) VALUES (313, 'washing powder', 'washing-powder', 0);
INSERT OR IGNORE INTO wp_term_taxonomy (term_taxonomy_id, term_id, taxonomy, description, parent, count) VALUES (313, 313, 'product_brand', '', 0, 0);
INSERT OR IGNORE INTO wp_terms (term_id, name, slug, term_group) VALUES (361, 'Western Digital', 'western-digital', 0);
INSERT OR IGNORE INTO wp_term_taxonomy (term_taxonomy_id, term_id, taxonomy, description, parent, count) VALUES (361, 361, 'product_brand', '', 0, 1);
INSERT OR IGNORE INTO wp_terms (term_id, name, slug, term_group) VALUES (10857, 'WestPoint', 'westpoint', 0);
INSERT OR IGNORE INTO wp_term_taxonomy (term_taxonomy_id, term_id, taxonomy, description, parent, count) VALUES (10857, 10857, 'product_brand', '<p style="text-align: center">[block id="westpoint-top"]</p>', 0, 77);
INSERT OR IGNORE INTO wp_terms (term_id, name, slug, term_group) VALUES (10853, 'Westpool', 'westpool', 0);
INSERT OR IGNORE INTO wp_term_taxonomy (term_taxonomy_id, term_id, taxonomy, description, parent, count) VALUES (10853, 10853, 'product_brand', '[block id="westpool-top"]', 0, 104);
INSERT OR IGNORE INTO wp_terms (term_id, name, slug, term_group) VALUES (294, 'White Label', 'white-label', 0);
INSERT OR IGNORE INTO wp_term_taxonomy (term_taxonomy_id, term_id, taxonomy, description, parent, count) VALUES (294, 294, 'product_brand', '', 0, 20);
INSERT OR IGNORE INTO wp_terms (term_id, name, slug, term_group) VALUES (43436, 'Women', 'women', 0);
INSERT OR IGNORE INTO wp_term_taxonomy (term_taxonomy_id, term_id, taxonomy, description, parent, count) VALUES (43436, 43436, 'product_brand', 'Explore our collection of Avon women''s perfumes and buy online. Featuring florals, orientals, and everyday body mists. Find your signature scent at the best prices on Shopwice.', 43435, 153);
INSERT OR IGNORE INTO wp_terms (term_id, name, slug, term_group) VALUES (10660, 'Wster', 'wster', 0);
INSERT OR IGNORE INTO wp_term_taxonomy (term_taxonomy_id, term_id, taxonomy, description, parent, count) VALUES (10660, 10660, 'product_brand', '', 0, 1);
INSERT OR IGNORE INTO wp_terms (term_id, name, slug, term_group) VALUES (10739, 'X-tigi', 'x-tigi', 0);
INSERT OR IGNORE INTO wp_term_taxonomy (term_taxonomy_id, term_id, taxonomy, description, parent, count) VALUES (10739, 10739, 'product_brand', '', 0, 7);
INSERT OR IGNORE INTO wp_terms (term_id, name, slug, term_group) VALUES (10785, 'xbox', 'xbox', 0);
INSERT OR IGNORE INTO wp_term_taxonomy (term_taxonomy_id, term_id, taxonomy, description, parent, count) VALUES (10785, 10785, 'product_brand', '', 0, 1);
INSERT OR IGNORE INTO wp_terms (term_id, name, slug, term_group) VALUES (10750, 'Xiaomi', 'xiaomi', 0);
INSERT OR IGNORE INTO wp_term_taxonomy (term_taxonomy_id, term_id, taxonomy, description, parent, count) VALUES (10750, 10750, 'product_brand', '', 0, 7);
INSERT OR IGNORE INTO wp_terms (term_id, name, slug, term_group) VALUES (1636, 'xtep', 'xtep', 0);
INSERT OR IGNORE INTO wp_term_taxonomy (term_taxonomy_id, term_id, taxonomy, description, parent, count) VALUES (1636, 1636, 'product_brand', '', 0, 0);
INSERT OR IGNORE INTO wp_terms (term_id, name, slug, term_group) VALUES (11645, 'Xtigi', 'xtigi', 0);
INSERT OR IGNORE INTO wp_term_taxonomy (term_taxonomy_id, term_id, taxonomy, description, parent, count) VALUES (11645, 11645, 'product_brand', '', 0, 1);
INSERT OR IGNORE INTO wp_terms (term_id, name, slug, term_group) VALUES (11447, 'Yamaha', 'yamaha', 0);
INSERT OR IGNORE INTO wp_term_taxonomy (term_taxonomy_id, term_id, taxonomy, description, parent, count) VALUES (11447, 11447, 'product_brand', '', 0, 1);
INSERT OR IGNORE INTO wp_terms (term_id, name, slug, term_group) VALUES (308, 'Yarrison', 'yarrison', 0);
INSERT OR IGNORE INTO wp_term_taxonomy (term_taxonomy_id, term_id, taxonomy, description, parent, count) VALUES (308, 308, 'product_brand', '', 0, 0);
INSERT OR IGNORE INTO wp_terms (term_id, name, slug, term_group) VALUES (387, 'YD', 'yd', 0);
INSERT OR IGNORE INTO wp_term_taxonomy (term_taxonomy_id, term_id, taxonomy, description, parent, count) VALUES (387, 387, 'product_brand', '', 0, 2);
INSERT OR IGNORE INTO wp_terms (term_id, name, slug, term_group) VALUES (494, 'Yeezy Shoes', 'yeezy-shoes', 0);
INSERT OR IGNORE INTO wp_term_taxonomy (term_taxonomy_id, term_id, taxonomy, description, parent, count) VALUES (494, 494, 'product_brand', 'Adidas Yeezy Shoes in Ghana for Sale and their Prices', 0, 0);
INSERT OR IGNORE INTO wp_terms (term_id, name, slug, term_group) VALUES (507, 'Zara', 'zara', 0);
INSERT OR IGNORE INTO wp_term_taxonomy (term_taxonomy_id, term_id, taxonomy, description, parent, count) VALUES (507, 507, 'product_brand', '', 0, 19);
INSERT OR IGNORE INTO wp_terms (term_id, name, slug, term_group) VALUES (43372, 'Abelemkpe', 'abelemkpe', 0);
INSERT OR IGNORE INTO wp_term_taxonomy (term_taxonomy_id, term_id, taxonomy, description, parent, count) VALUES (43372, 43372, 'product_location', '', 43351, 3);
INSERT OR IGNORE INTO wp_terms (term_id, name, slug, term_group) VALUES (43383, 'Ablekuma', 'ablekuma', 0);
INSERT OR IGNORE INTO wp_term_taxonomy (term_taxonomy_id, term_id, taxonomy, description, parent, count) VALUES (43383, 43383, 'product_location', '', 43351, 0);
INSERT OR IGNORE INTO wp_terms (term_id, name, slug, term_group) VALUES (43352, 'Accra Central', 'accra-central', 0);
INSERT OR IGNORE INTO wp_term_taxonomy (term_taxonomy_id, term_id, taxonomy, description, parent, count) VALUES (43352, 43352, 'product_location', '', 43351, 5);
INSERT OR IGNORE INTO wp_terms (term_id, name, slug, term_group) VALUES (43360, 'Accra New Town', 'accra-new-town', 0);
INSERT OR IGNORE INTO wp_term_taxonomy (term_taxonomy_id, term_id, taxonomy, description, parent, count) VALUES (43360, 43360, 'product_location', '', 43351, 1);
INSERT OR IGNORE INTO wp_terms (term_id, name, slug, term_group) VALUES (43359, 'Achimota', 'achimota', 0);
INSERT OR IGNORE INTO wp_term_taxonomy (term_taxonomy_id, term_id, taxonomy, description, parent, count) VALUES (43359, 43359, 'product_location', '', 43351, 33);
INSERT OR IGNORE INTO wp_terms (term_id, name, slug, term_group) VALUES (43353, 'Adabraka', 'adabraka', 0);
INSERT OR IGNORE INTO wp_term_taxonomy (term_taxonomy_id, term_id, taxonomy, description, parent, count) VALUES (43353, 43353, 'product_location', '', 43351, 253);
INSERT OR IGNORE INTO wp_terms (term_id, name, slug, term_group) VALUES (43363, 'Adenta', 'adenta', 0);
INSERT OR IGNORE INTO wp_term_taxonomy (term_taxonomy_id, term_id, taxonomy, description, parent, count) VALUES (43363, 43363, 'product_location', '', 43351, 1);
INSERT OR IGNORE INTO wp_terms (term_id, name, slug, term_group) VALUES (43387, 'Adjiringanor', 'adjiringanor', 0);
INSERT OR IGNORE INTO wp_term_taxonomy (term_taxonomy_id, term_id, taxonomy, description, parent, count) VALUES (43387, 43387, 'product_location', '', 43351, 0);
INSERT OR IGNORE INTO wp_terms (term_id, name, slug, term_group) VALUES (43367, 'Agbogba', 'agbogba', 0);
INSERT OR IGNORE INTO wp_term_taxonomy (term_taxonomy_id, term_id, taxonomy, description, parent, count) VALUES (43367, 43367, 'product_location', '', 43351, 0);
INSERT OR IGNORE INTO wp_terms (term_id, name, slug, term_group) VALUES (43374, 'Airport Residential', 'airport-residential', 0);
INSERT OR IGNORE INTO wp_term_taxonomy (term_taxonomy_id, term_id, taxonomy, description, parent, count) VALUES (43374, 43374, 'product_location', '', 43351, 1);
INSERT OR IGNORE INTO wp_terms (term_id, name, slug, term_group) VALUES (43370, 'Amasaman', 'amasaman', 0);
INSERT OR IGNORE INTO wp_term_taxonomy (term_taxonomy_id, term_id, taxonomy, description, parent, count) VALUES (43370, 43370, 'product_location', '', 43351, 0);
INSERT OR IGNORE INTO wp_terms (term_id, name, slug, term_group) VALUES (43385, 'Ashaley Botwe', 'ashaley-botwe', 0);
INSERT OR IGNORE INTO wp_term_taxonomy (term_taxonomy_id, term_id, taxonomy, description, parent, count) VALUES (43385, 43385, 'product_location', '', 43351, 0);
INSERT OR IGNORE INTO wp_terms (term_id, name, slug, term_group) VALUES (43382, 'Asylum Down', 'asylum-down', 0);
INSERT OR IGNORE INTO wp_term_taxonomy (term_taxonomy_id, term_id, taxonomy, description, parent, count) VALUES (43382, 43382, 'product_location', '', 43351, 11);
INSERT OR IGNORE INTO wp_terms (term_id, name, slug, term_group) VALUES (43377, 'Awoshie', 'awoshie', 0);
INSERT OR IGNORE INTO wp_term_taxonomy (term_taxonomy_id, term_id, taxonomy, description, parent, count) VALUES (43377, 43377, 'product_location', '', 43351, 0);
INSERT OR IGNORE INTO wp_terms (term_id, name, slug, term_group) VALUES (43381, 'Cantonments', 'cantonments', 0);
INSERT OR IGNORE INTO wp_term_taxonomy (term_taxonomy_id, term_id, taxonomy, description, parent, count) VALUES (43381, 43381, 'product_location', '', 43351, 1);
INSERT OR IGNORE INTO wp_terms (term_id, name, slug, term_group) VALUES (43356, 'Circle', 'circle', 0);
INSERT OR IGNORE INTO wp_term_taxonomy (term_taxonomy_id, term_id, taxonomy, description, parent, count) VALUES (43356, 43356, 'product_location', '', 43351, 1);
INSERT OR IGNORE INTO wp_terms (term_id, name, slug, term_group) VALUES (43376, 'Dansoman', 'dansoman', 0);
INSERT OR IGNORE INTO wp_term_taxonomy (term_taxonomy_id, term_id, taxonomy, description, parent, count) VALUES (43376, 43376, 'product_location', '', 43351, 0);
INSERT OR IGNORE INTO wp_terms (term_id, name, slug, term_group) VALUES (43368, 'Dome', 'dome', 0);
INSERT OR IGNORE INTO wp_term_taxonomy (term_taxonomy_id, term_id, taxonomy, description, parent, count) VALUES (43368, 43368, 'product_location', '', 43351, 0);
INSERT OR IGNORE INTO wp_terms (term_id, name, slug, term_group) VALUES (43371, 'Dzorwulu', 'dzorwulu', 0);
INSERT OR IGNORE INTO wp_term_taxonomy (term_taxonomy_id, term_id, taxonomy, description, parent, count) VALUES (43371, 43371, 'product_location', '', 43351, 1);
INSERT OR IGNORE INTO wp_terms (term_id, name, slug, term_group) VALUES (43364, 'East Legon', 'east-legon', 0);
INSERT OR IGNORE INTO wp_term_taxonomy (term_taxonomy_id, term_id, taxonomy, description, parent, count) VALUES (43364, 43364, 'product_location', '', 43351, 0);
INSERT OR IGNORE INTO wp_terms (term_id, name, slug, term_group) VALUES (43384, 'Gbawe', 'gbawe', 0);
INSERT OR IGNORE INTO wp_term_taxonomy (term_taxonomy_id, term_id, taxonomy, description, parent, count) VALUES (43384, 43384, 'product_location', '', 43351, 0);
INSERT OR IGNORE INTO wp_terms (term_id, name, slug, term_group) VALUES (43538, 'Germany', 'germany', 0);
INSERT OR IGNORE INTO wp_term_taxonomy (term_taxonomy_id, term_id, taxonomy, description, parent, count) VALUES (43538, 43538, 'product_location', '', 0, 1);
INSERT OR IGNORE INTO wp_terms (term_id, name, slug, term_group) VALUES (43351, 'Greater Accra', 'greater-accra', 0);
INSERT OR IGNORE INTO wp_term_taxonomy (term_taxonomy_id, term_id, taxonomy, description, parent, count) VALUES (43351, 43351, 'product_location', '', 0, 59);
INSERT OR IGNORE INTO wp_terms (term_id, name, slug, term_group) VALUES (43365, 'Haatso', 'haatso', 0);
INSERT OR IGNORE INTO wp_term_taxonomy (term_taxonomy_id, term_id, taxonomy, description, parent, count) VALUES (43365, 43365, 'product_location', '', 43351, 1);
INSERT OR IGNORE INTO wp_terms (term_id, name, slug, term_group) VALUES (43358, 'Kaneshie', 'kaneshie', 0);
INSERT OR IGNORE INTO wp_term_taxonomy (term_taxonomy_id, term_id, taxonomy, description, parent, count) VALUES (43358, 43358, 'product_location', '', 43351, 0);
INSERT OR IGNORE INTO wp_terms (term_id, name, slug, term_group) VALUES (43421, 'Kumasi', 'kumasi', 0);
INSERT OR IGNORE INTO wp_term_taxonomy (term_taxonomy_id, term_id, taxonomy, description, parent, count) VALUES (43421, 43421, 'product_location', '', 0, 147);
INSERT OR IGNORE INTO wp_terms (term_id, name, slug, term_group) VALUES (43380, 'Kwabenya', 'kwabenya', 0);
INSERT OR IGNORE INTO wp_term_taxonomy (term_taxonomy_id, term_id, taxonomy, description, parent, count) VALUES (43380, 43380, 'product_location', '', 43351, 3);
INSERT OR IGNORE INTO wp_terms (term_id, name, slug, term_group) VALUES (43357, 'Lapaz', 'lapaz', 0);
INSERT OR IGNORE INTO wp_term_taxonomy (term_taxonomy_id, term_id, taxonomy, description, parent, count) VALUES (43357, 43357, 'product_location', '', 43351, 0);
INSERT OR IGNORE INTO wp_terms (term_id, name, slug, term_group) VALUES (43388, 'Lashibi', 'lashibi', 0);
INSERT OR IGNORE INTO wp_term_taxonomy (term_taxonomy_id, term_id, taxonomy, description, parent, count) VALUES (43388, 43388, 'product_location', '', 43351, 0);
INSERT OR IGNORE INTO wp_terms (term_id, name, slug, term_group) VALUES (43354, 'Madina', 'madina', 0);
INSERT OR IGNORE INTO wp_term_taxonomy (term_taxonomy_id, term_id, taxonomy, description, parent, count) VALUES (43354, 43354, 'product_location', '', 43351, 5);
INSERT OR IGNORE INTO wp_terms (term_id, name, slug, term_group) VALUES (43361, 'North Industrial Area', 'north-industrial-area', 0);
INSERT OR IGNORE INTO wp_term_taxonomy (term_taxonomy_id, term_id, taxonomy, description, parent, count) VALUES (43361, 43361, 'product_location', '', 43351, 12);
INSERT OR IGNORE INTO wp_terms (term_id, name, slug, term_group) VALUES (43362, 'North Kaneshie', 'north-kaneshie', 0);
INSERT OR IGNORE INTO wp_term_taxonomy (term_taxonomy_id, term_id, taxonomy, description, parent, count) VALUES (43362, 43362, 'product_location', '', 43351, 1);
INSERT OR IGNORE INTO wp_terms (term_id, name, slug, term_group) VALUES (43391, 'Nungua', 'nungua', 0);
INSERT OR IGNORE INTO wp_term_taxonomy (term_taxonomy_id, term_id, taxonomy, description, parent, count) VALUES (43391, 43391, 'product_location', '', 43351, 1);
INSERT OR IGNORE INTO wp_terms (term_id, name, slug, term_group) VALUES (43378, 'Odorkor', 'odorkor', 0);
INSERT OR IGNORE INTO wp_term_taxonomy (term_taxonomy_id, term_id, taxonomy, description, parent, count) VALUES (43378, 43378, 'product_location', '', 43351, 0);
INSERT OR IGNORE INTO wp_terms (term_id, name, slug, term_group) VALUES (43386, 'Ogbojo', 'ogbojo', 0);
INSERT OR IGNORE INTO wp_term_taxonomy (term_taxonomy_id, term_id, taxonomy, description, parent, count) VALUES (43386, 43386, 'product_location', '', 43351, 0);
INSERT OR IGNORE INTO wp_terms (term_id, name, slug, term_group) VALUES (43355, 'Osu', 'osu', 0);
INSERT OR IGNORE INTO wp_term_taxonomy (term_taxonomy_id, term_id, taxonomy, description, parent, count) VALUES (43355, 43355, 'product_location', '', 43351, 0);
INSERT OR IGNORE INTO wp_terms (term_id, name, slug, term_group) VALUES (43369, 'Pokuase', 'pokuase', 0);
INSERT OR IGNORE INTO wp_term_taxonomy (term_taxonomy_id, term_id, taxonomy, description, parent, count) VALUES (43369, 43369, 'product_location', '', 43351, 162);
INSERT OR IGNORE INTO wp_terms (term_id, name, slug, term_group) VALUES (43375, 'Roman Ridge', 'roman-ridge', 0);
INSERT OR IGNORE INTO wp_term_taxonomy (term_taxonomy_id, term_id, taxonomy, description, parent, count) VALUES (43375, 43375, 'product_location', '', 43351, 5);
INSERT OR IGNORE INTO wp_terms (term_id, name, slug, term_group) VALUES (43389, 'Sakumono', 'sakumono', 0);
INSERT OR IGNORE INTO wp_term_taxonomy (term_taxonomy_id, term_id, taxonomy, description, parent, count) VALUES (43389, 43389, 'product_location', '', 43351, 0);
INSERT OR IGNORE INTO wp_terms (term_id, name, slug, term_group) VALUES (43393, 'Sowutuom', 'sowutuom', 0);
INSERT OR IGNORE INTO wp_term_taxonomy (term_taxonomy_id, term_id, taxonomy, description, parent, count) VALUES (43393, 43393, 'product_location', '', 43351, 0);
INSERT OR IGNORE INTO wp_terms (term_id, name, slug, term_group) VALUES (43392, 'Spintex', 'spintex', 0);
INSERT OR IGNORE INTO wp_term_taxonomy (term_taxonomy_id, term_id, taxonomy, description, parent, count) VALUES (43392, 43392, 'product_location', '', 43351, 0);
INSERT OR IGNORE INTO wp_terms (term_id, name, slug, term_group) VALUES (43373, 'Taifa', 'taifa', 0);
INSERT OR IGNORE INTO wp_term_taxonomy (term_taxonomy_id, term_id, taxonomy, description, parent, count) VALUES (43373, 43373, 'product_location', '', 43351, 0);
INSERT OR IGNORE INTO wp_terms (term_id, name, slug, term_group) VALUES (43394, 'Tema Community 1', 'tema-community-1', 0);
INSERT OR IGNORE INTO wp_term_taxonomy (term_taxonomy_id, term_id, taxonomy, description, parent, count) VALUES (43394, 43394, 'product_location', '', 43351, 0);
INSERT OR IGNORE INTO wp_terms (term_id, name, slug, term_group) VALUES (43403, 'Tema Community 10', 'tema-community-10', 0);
INSERT OR IGNORE INTO wp_term_taxonomy (term_taxonomy_id, term_id, taxonomy, description, parent, count) VALUES (43403, 43403, 'product_location', '', 43351, 0);
INSERT OR IGNORE INTO wp_terms (term_id, name, slug, term_group) VALUES (43404, 'Tema Community 11', 'tema-community-11', 0);
INSERT OR IGNORE INTO wp_term_taxonomy (term_taxonomy_id, term_id, taxonomy, description, parent, count) VALUES (43404, 43404, 'product_location', '', 43351, 0);
INSERT OR IGNORE INTO wp_terms (term_id, name, slug, term_group) VALUES (43405, 'Tema Community 12', 'tema-community-12', 0);
INSERT OR IGNORE INTO wp_term_taxonomy (term_taxonomy_id, term_id, taxonomy, description, parent, count) VALUES (43405, 43405, 'product_location', '', 43351, 0);
INSERT OR IGNORE INTO wp_terms (term_id, name, slug, term_group) VALUES (43406, 'Tema Community 13', 'tema-community-13', 0);
INSERT OR IGNORE INTO wp_term_taxonomy (term_taxonomy_id, term_id, taxonomy, description, parent, count) VALUES (43406, 43406, 'product_location', '', 43351, 0);
INSERT OR IGNORE INTO wp_terms (term_id, name, slug, term_group) VALUES (43407, 'Tema Community 14', 'tema-community-14', 0);
INSERT OR IGNORE INTO wp_term_taxonomy (term_taxonomy_id, term_id, taxonomy, description, parent, count) VALUES (43407, 43407, 'product_location', '', 43351, 0);
INSERT OR IGNORE INTO wp_terms (term_id, name, slug, term_group) VALUES (43408, 'Tema Community 15', 'tema-community-15', 0);
INSERT OR IGNORE INTO wp_term_taxonomy (term_taxonomy_id, term_id, taxonomy, description, parent, count) VALUES (43408, 43408, 'product_location', '', 43351, 1);
INSERT OR IGNORE INTO wp_terms (term_id, name, slug, term_group) VALUES (43409, 'Tema Community 16', 'tema-community-16', 0);
INSERT OR IGNORE INTO wp_term_taxonomy (term_taxonomy_id, term_id, taxonomy, description, parent, count) VALUES (43409, 43409, 'product_location', '', 43351, 0);
INSERT OR IGNORE INTO wp_terms (term_id, name, slug, term_group) VALUES (43410, 'Tema Community 17', 'tema-community-17', 0);
INSERT OR IGNORE INTO wp_term_taxonomy (term_taxonomy_id, term_id, taxonomy, description, parent, count) VALUES (43410, 43410, 'product_location', '', 43351, 0);
INSERT OR IGNORE INTO wp_terms (term_id, name, slug, term_group) VALUES (43411, 'Tema Community 18', 'tema-community-18', 0);
INSERT OR IGNORE INTO wp_term_taxonomy (term_taxonomy_id, term_id, taxonomy, description, parent, count) VALUES (43411, 43411, 'product_location', '', 43351, 0);
INSERT OR IGNORE INTO wp_terms (term_id, name, slug, term_group) VALUES (43412, 'Tema Community 19', 'tema-community-19', 0);
INSERT OR IGNORE INTO wp_term_taxonomy (term_taxonomy_id, term_id, taxonomy, description, parent, count) VALUES (43412, 43412, 'product_location', '', 43351, 0);
INSERT OR IGNORE INTO wp_terms (term_id, name, slug, term_group) VALUES (43395, 'Tema Community 2', 'tema-community-2', 0);
INSERT OR IGNORE INTO wp_term_taxonomy (term_taxonomy_id, term_id, taxonomy, description, parent, count) VALUES (43395, 43395, 'product_location', '', 43351, 0);
INSERT OR IGNORE INTO wp_terms (term_id, name, slug, term_group) VALUES (43413, 'Tema Community 20', 'tema-community-20', 0);
INSERT OR IGNORE INTO wp_term_taxonomy (term_taxonomy_id, term_id, taxonomy, description, parent, count) VALUES (43413, 43413, 'product_location', '', 43351, 0);
INSERT OR IGNORE INTO wp_terms (term_id, name, slug, term_group) VALUES (43414, 'Tema Community 21', 'tema-community-21', 0);
INSERT OR IGNORE INTO wp_term_taxonomy (term_taxonomy_id, term_id, taxonomy, description, parent, count) VALUES (43414, 43414, 'product_location', '', 43351, 0);
INSERT OR IGNORE INTO wp_terms (term_id, name, slug, term_group) VALUES (43415, 'Tema Community 22', 'tema-community-22', 0);
INSERT OR IGNORE INTO wp_term_taxonomy (term_taxonomy_id, term_id, taxonomy, description, parent, count) VALUES (43415, 43415, 'product_location', '', 43351, 0);
INSERT OR IGNORE INTO wp_terms (term_id, name, slug, term_group) VALUES (43416, 'Tema Community 23', 'tema-community-23', 0);
INSERT OR IGNORE INTO wp_term_taxonomy (term_taxonomy_id, term_id, taxonomy, description, parent, count) VALUES (43416, 43416, 'product_location', '', 43351, 0);
INSERT OR IGNORE INTO wp_terms (term_id, name, slug, term_group) VALUES (43417, 'Tema Community 24', 'tema-community-24', 0);
INSERT OR IGNORE INTO wp_term_taxonomy (term_taxonomy_id, term_id, taxonomy, description, parent, count) VALUES (43417, 43417, 'product_location', '', 43351, 0);
INSERT OR IGNORE INTO wp_terms (term_id, name, slug, term_group) VALUES (43418, 'Tema Community 25', 'tema-community-25', 0);
INSERT OR IGNORE INTO wp_term_taxonomy (term_taxonomy_id, term_id, taxonomy, description, parent, count) VALUES (43418, 43418, 'product_location', '', 43351, 0);
INSERT OR IGNORE INTO wp_terms (term_id, name, slug, term_group) VALUES (43419, 'Tema Community 26', 'tema-community-26', 0);
INSERT OR IGNORE INTO wp_term_taxonomy (term_taxonomy_id, term_id, taxonomy, description, parent, count) VALUES (43419, 43419, 'product_location', '', 43351, 0);
INSERT OR IGNORE INTO wp_terms (term_id, name, slug, term_group) VALUES (43396, 'Tema Community 3', 'tema-community-3', 0);
INSERT OR IGNORE INTO wp_term_taxonomy (term_taxonomy_id, term_id, taxonomy, description, parent, count) VALUES (43396, 43396, 'product_location', '', 43351, 0);
INSERT OR IGNORE INTO wp_terms (term_id, name, slug, term_group) VALUES (43397, 'Tema Community 4', 'tema-community-4', 0);
INSERT OR IGNORE INTO wp_term_taxonomy (term_taxonomy_id, term_id, taxonomy, description, parent, count) VALUES (43397, 43397, 'product_location', '', 43351, 0);
INSERT OR IGNORE INTO wp_terms (term_id, name, slug, term_group) VALUES (43398, 'Tema Community 5', 'tema-community-5', 0);
INSERT OR IGNORE INTO wp_term_taxonomy (term_taxonomy_id, term_id, taxonomy, description, parent, count) VALUES (43398, 43398, 'product_location', '', 43351, 0);
INSERT OR IGNORE INTO wp_terms (term_id, name, slug, term_group) VALUES (43399, 'Tema Community 6', 'tema-community-6', 0);
INSERT OR IGNORE INTO wp_term_taxonomy (term_taxonomy_id, term_id, taxonomy, description, parent, count) VALUES (43399, 43399, 'product_location', '', 43351, 0);
INSERT OR IGNORE INTO wp_terms (term_id, name, slug, term_group) VALUES (43400, 'Tema Community 7', 'tema-community-7', 0);
INSERT OR IGNORE INTO wp_term_taxonomy (term_taxonomy_id, term_id, taxonomy, description, parent, count) VALUES (43400, 43400, 'product_location', '', 43351, 0);
INSERT OR IGNORE INTO wp_terms (term_id, name, slug, term_group) VALUES (43401, 'Tema Community 8', 'tema-community-8', 0);
INSERT OR IGNORE INTO wp_term_taxonomy (term_taxonomy_id, term_id, taxonomy, description, parent, count) VALUES (43401, 43401, 'product_location', '', 43351, 0);
INSERT OR IGNORE INTO wp_terms (term_id, name, slug, term_group) VALUES (43402, 'Tema Community 9', 'tema-community-9', 0);
INSERT OR IGNORE INTO wp_term_taxonomy (term_taxonomy_id, term_id, taxonomy, description, parent, count) VALUES (43402, 43402, 'product_location', '', 43351, 0);
INSERT OR IGNORE INTO wp_terms (term_id, name, slug, term_group) VALUES (43390, 'Teshie', 'teshie', 0);
INSERT OR IGNORE INTO wp_term_taxonomy (term_taxonomy_id, term_id, taxonomy, description, parent, count) VALUES (43390, 43390, 'product_location', '', 43351, 0);
INSERT OR IGNORE INTO wp_terms (term_id, name, slug, term_group) VALUES (43420, 'Tse Addo', 'tse-addo', 0);
INSERT OR IGNORE INTO wp_term_taxonomy (term_taxonomy_id, term_id, taxonomy, description, parent, count) VALUES (43420, 43420, 'product_location', '', 43351, 0);
INSERT OR IGNORE INTO wp_terms (term_id, name, slug, term_group) VALUES (43379, 'Weija', 'weija', 0);
INSERT OR IGNORE INTO wp_term_taxonomy (term_taxonomy_id, term_id, taxonomy, description, parent, count) VALUES (43379, 43379, 'product_location', '', 43351, 0);
INSERT OR IGNORE INTO wp_terms (term_id, name, slug, term_group) VALUES (43366, 'West Legon', 'west-legon', 0);
INSERT OR IGNORE INTO wp_term_taxonomy (term_taxonomy_id, term_id, taxonomy, description, parent, count) VALUES (43366, 43366, 'product_location', '', 43351, 0);